# legal-pinpointer-canlii-case-aliases-v3	sha256=8a06f750a92d81dab945b43eff3ccdc2097cdcaf5d3b075601d0870883aafa79
3:neutral:1993:nsca:215	1993 NSCA 215
3:neutral:1994:nsca:122	1994 NSCA 122
3:neutral:1994:nsca:46	1994 NSCA 46
3:neutral:1994:nsca:9	1994 NSCA 9
3:neutral:1995:nsca:101	1995 NSCA 101
3:neutral:1995:nsca:103	1995 NSCA 103
3:neutral:1995:nsca:117	1995 NSCA 117
3:neutral:1996:nsca:128	1996 NSCA 128
3:neutral:1996:nsca:162	1996 NSCA 162
3:neutral:1996:nsca:72	1996 NSCA 72
3:neutral:1996:nsca:91	1996 NSCA 91
3:neutral:1997:nsca:153	1997 NSCA 153
3:neutral:1998:nsca:229	1998 NSCA 229
3:neutral:1998:nsca:235	1998 NSCA 235
3:neutral:1998:nsca:37	1998 NSCA 37
3:neutral:1998:nsca:39	1998 NSCA 39
3:neutral:1998:nsca:42	1998 NSCA 42
3:neutral:1998:nsca:60	1998 NSCA 60
3:neutral:1999:bcca:106	1999 BCCA 106
3:neutral:1999:bcca:113	1999 BCCA 113
3:neutral:1999:bcca:114	1999 BCCA 114
3:neutral:1999:bcca:117	1999 BCCA 117
3:neutral:1999:bcca:128	1999 BCCA 128
3:neutral:1999:bcca:132	1999 BCCA 132
3:neutral:1999:bcca:133	1999 BCCA 133
3:neutral:1999:bcca:137	1999 BCCA 137
3:neutral:1999:bcca:138	1999 BCCA 138
3:neutral:1999:bcca:139	1999 BCCA 139
3:neutral:1999:bcca:141	1999 BCCA 141
3:neutral:1999:bcca:144	1999 BCCA 144
3:neutral:1999:bcca:147	1999 BCCA 147
3:neutral:1999:bcca:148	1999 BCCA 148
3:neutral:1999:bcca:159	1999 BCCA 159
3:neutral:1999:bcca:16	1999 BCCA 16
3:neutral:1999:bcca:162	1999 BCCA 162
3:neutral:1999:bcca:163	1999 BCCA 163
3:neutral:1999:bcca:167	1999 BCCA 167
3:neutral:1999:bcca:169	1999 BCCA 169
3:neutral:1999:bcca:170	1999 BCCA 170
3:neutral:1999:bcca:172	1999 BCCA 172
3:neutral:1999:bcca:173	1999 BCCA 173
3:neutral:1999:bcca:177	1999 BCCA 177
3:neutral:1999:bcca:178	1999 BCCA 178
3:neutral:1999:bcca:182	1999 BCCA 182
3:neutral:1999:bcca:183	1999 BCCA 183
3:neutral:1999:bcca:188	1999 BCCA 188
3:neutral:1999:bcca:190	1999 BCCA 190
3:neutral:1999:bcca:194	1999 BCCA 194
3:neutral:1999:bcca:195	1999 BCCA 195
3:neutral:1999:bcca:196	1999 BCCA 196
3:neutral:1999:bcca:203	1999 BCCA 203
3:neutral:1999:bcca:210	1999 BCCA 210
3:neutral:1999:bcca:214	1999 BCCA 214
3:neutral:1999:bcca:217	1999 BCCA 217
3:neutral:1999:bcca:219	1999 BCCA 219
3:neutral:1999:bcca:22	1999 BCCA 22
3:neutral:1999:bcca:225	1999 BCCA 225
3:neutral:1999:bcca:23	1999 BCCA 23
3:neutral:1999:bcca:235	1999 BCCA 235
3:neutral:1999:bcca:237	1999 BCCA 237
3:neutral:1999:bcca:238	1999 BCCA 238
3:neutral:1999:bcca:239	1999 BCCA 239
3:neutral:1999:bcca:241	1999 BCCA 241
3:neutral:1999:bcca:243	1999 BCCA 243
3:neutral:1999:bcca:244	1999 BCCA 244
3:neutral:1999:bcca:249	1999 BCCA 249
3:neutral:1999:bcca:258	1999 BCCA 258
3:neutral:1999:bcca:26	1999 BCCA 26
3:neutral:1999:bcca:260	1999 BCCA 260
3:neutral:1999:bcca:27	1999 BCCA 27
3:neutral:1999:bcca:278	1999 BCCA 278
3:neutral:1999:bcca:281	1999 BCCA 281
3:neutral:1999:bcca:288	1999 BCCA 288
3:neutral:1999:bcca:292	1999 BCCA 292
3:neutral:1999:bcca:295	1999 BCCA 295
3:neutral:1999:bcca:297	1999 BCCA 297
3:neutral:1999:bcca:299	1999 BCCA 299
3:neutral:1999:bcca:30	1999 BCCA 30
3:neutral:1999:bcca:302	1999 BCCA 302
3:neutral:1999:bcca:307	1999 BCCA 307
3:neutral:1999:bcca:308	1999 BCCA 308
3:neutral:1999:bcca:309	1999 BCCA 309
3:neutral:1999:bcca:310	1999 BCCA 310
3:neutral:1999:bcca:313	1999 BCCA 313
3:neutral:1999:bcca:314	1999 BCCA 314
3:neutral:1999:bcca:318	1999 BCCA 318
3:neutral:1999:bcca:319	1999 BCCA 319
3:neutral:1999:bcca:320	1999 BCCA 320
3:neutral:1999:bcca:333	1999 BCCA 333
3:neutral:1999:bcca:334	1999 BCCA 334
3:neutral:1999:bcca:337	1999 BCCA 337
3:neutral:1999:bcca:339	1999 BCCA 339
3:neutral:1999:bcca:344	1999 BCCA 344
3:neutral:1999:bcca:345	1999 BCCA 345
3:neutral:1999:bcca:349	1999 BCCA 349
3:neutral:1999:bcca:35	1999 BCCA 35
3:neutral:1999:bcca:351	1999 BCCA 351
3:neutral:1999:bcca:352	1999 BCCA 352
3:neutral:1999:bcca:353	1999 BCCA 353
3:neutral:1999:bcca:36	1999 BCCA 36
3:neutral:1999:bcca:361	1999 BCCA 361
3:neutral:1999:bcca:365	1999 BCCA 365
3:neutral:1999:bcca:369	1999 BCCA 369
3:neutral:1999:bcca:371	1999 BCCA 371
3:neutral:1999:bcca:38	1999 BCCA 38
3:neutral:1999:bcca:381	1999 BCCA 381
3:neutral:1999:bcca:386	1999 BCCA 386
3:neutral:1999:bcca:389	1999 BCCA 389
3:neutral:1999:bcca:393	1999 BCCA 393
3:neutral:1999:bcca:40	1999 BCCA 40
3:neutral:1999:bcca:403	1999 BCCA 403
3:neutral:1999:bcca:406	1999 BCCA 406
3:neutral:1999:bcca:410	1999 BCCA 410
3:neutral:1999:bcca:414	1999 BCCA 414
3:neutral:1999:bcca:415	1999 BCCA 415
3:neutral:1999:bcca:417	1999 BCCA 417
3:neutral:1999:bcca:418	1999 BCCA 418
3:neutral:1999:bcca:42	1999 BCCA 42
3:neutral:1999:bcca:421	1999 BCCA 421
3:neutral:1999:bcca:425	1999 BCCA 425
3:neutral:1999:bcca:427	1999 BCCA 427
3:neutral:1999:bcca:428	1999 BCCA 428
3:neutral:1999:bcca:430	1999 BCCA 430
3:neutral:1999:bcca:431	1999 BCCA 431
3:neutral:1999:bcca:432	1999 BCCA 432
3:neutral:1999:bcca:433	1999 BCCA 433
3:neutral:1999:bcca:437	1999 BCCA 437
3:neutral:1999:bcca:440	1999 BCCA 440
3:neutral:1999:bcca:441	1999 BCCA 441
3:neutral:1999:bcca:442	1999 BCCA 442
3:neutral:1999:bcca:448	1999 BCCA 448
3:neutral:1999:bcca:466	1999 BCCA 466
3:neutral:1999:bcca:467	1999 BCCA 467
3:neutral:1999:bcca:468	1999 BCCA 468
3:neutral:1999:bcca:470	1999 BCCA 470
3:neutral:1999:bcca:476	1999 BCCA 476
3:neutral:1999:bcca:477	1999 BCCA 477
3:neutral:1999:bcca:481	1999 BCCA 481
3:neutral:1999:bcca:484	1999 BCCA 484
3:neutral:1999:bcca:486	1999 BCCA 486
3:neutral:1999:bcca:487	1999 BCCA 487
3:neutral:1999:bcca:49	1999 BCCA 49
3:neutral:1999:bcca:493	1999 BCCA 493
3:neutral:1999:bcca:497	1999 BCCA 497
3:neutral:1999:bcca:502	1999 BCCA 502
3:neutral:1999:bcca:503	1999 BCCA 503
3:neutral:1999:bcca:507	1999 BCCA 507
3:neutral:1999:bcca:508	1999 BCCA 508
3:neutral:1999:bcca:509	1999 BCCA 509
3:neutral:1999:bcca:51	1999 BCCA 51
3:neutral:1999:bcca:513	1999 BCCA 513
3:neutral:1999:bcca:526	1999 BCCA 526
3:neutral:1999:bcca:527	1999 BCCA 527
3:neutral:1999:bcca:529	1999 BCCA 529
3:neutral:1999:bcca:53	1999 BCCA 53
3:neutral:1999:bcca:531	1999 BCCA 531
3:neutral:1999:bcca:534	1999 BCCA 534
3:neutral:1999:bcca:539	1999 BCCA 539
3:neutral:1999:bcca:541	1999 BCCA 541
3:neutral:1999:bcca:546	1999 BCCA 546
3:neutral:1999:bcca:552	1999 BCCA 552
3:neutral:1999:bcca:553	1999 BCCA 553
3:neutral:1999:bcca:558	1999 BCCA 558
3:neutral:1999:bcca:57	1999 BCCA 57
3:neutral:1999:bcca:574	1999 BCCA 574
3:neutral:1999:bcca:578	1999 BCCA 578
3:neutral:1999:bcca:579	1999 BCCA 579
3:neutral:1999:bcca:585	1999 BCCA 585
3:neutral:1999:bcca:587	1999 BCCA 587
3:neutral:1999:bcca:596	1999 BCCA 596
3:neutral:1999:bcca:597	1999 BCCA 597
3:neutral:1999:bcca:599	1999 BCCA 599
3:neutral:1999:bcca:6	1999 BCCA 6
3:neutral:1999:bcca:61	1999 BCCA 61
3:neutral:1999:bcca:619	1999 BCCA 619
3:neutral:1999:bcca:623	1999 BCCA 623
3:neutral:1999:bcca:627	1999 BCCA 627
3:neutral:1999:bcca:634	1999 BCCA 634
3:neutral:1999:bcca:635	1999 BCCA 635
3:neutral:1999:bcca:638	1999 BCCA 638
3:neutral:1999:bcca:639	1999 BCCA 639
3:neutral:1999:bcca:640	1999 BCCA 640
3:neutral:1999:bcca:642	1999 BCCA 642
3:neutral:1999:bcca:648	1999 BCCA 648
3:neutral:1999:bcca:65	1999 BCCA 65
3:neutral:1999:bcca:652	1999 BCCA 652
3:neutral:1999:bcca:667	1999 BCCA 667
3:neutral:1999:bcca:669	1999 BCCA 669
3:neutral:1999:bcca:676	1999 BCCA 676
3:neutral:1999:bcca:678	1999 BCCA 678
3:neutral:1999:bcca:684	1999 BCCA 684
3:neutral:1999:bcca:689	1999 BCCA 689
3:neutral:1999:bcca:693	1999 BCCA 693
3:neutral:1999:bcca:701	1999 BCCA 701
3:neutral:1999:bcca:704	1999 BCCA 704
3:neutral:1999:bcca:705	1999 BCCA 705
3:neutral:1999:bcca:72	1999 BCCA 72
3:neutral:1999:bcca:721	1999 BCCA 721
3:neutral:1999:bcca:729	1999 BCCA 729
3:neutral:1999:bcca:73	1999 BCCA 73
3:neutral:1999:bcca:732	1999 BCCA 732
3:neutral:1999:bcca:738	1999 BCCA 738
3:neutral:1999:bcca:744	1999 BCCA 744
3:neutral:1999:bcca:746	1999 BCCA 746
3:neutral:1999:bcca:748	1999 BCCA 748
3:neutral:1999:bcca:750	1999 BCCA 750
3:neutral:1999:bcca:751	1999 BCCA 751
3:neutral:1999:bcca:753	1999 BCCA 753
3:neutral:1999:bcca:755	1999 BCCA 755
3:neutral:1999:bcca:761	1999 BCCA 761
3:neutral:1999:bcca:767	1999 BCCA 767
3:neutral:1999:bcca:768	1999 BCCA 768
3:neutral:1999:bcca:771	1999 BCCA 771
3:neutral:1999:bcca:774	1999 BCCA 774
3:neutral:1999:bcca:776	1999 BCCA 776
3:neutral:1999:bcca:78	1999 BCCA 78
3:neutral:1999:bcca:84	1999 BCCA 84
3:neutral:1999:bcca:88	1999 BCCA 88
3:neutral:1999:bcca:89	1999 BCCA 89
3:neutral:1999:bcca:93	1999 BCCA 93
3:neutral:1999:bcca:95	1999 BCCA 95
3:neutral:1999:bcca:96	1999 BCCA 96
3:neutral:1999:nsca:122	1999 NSCA 122
3:neutral:1999:nsca:124	1999 NSCA 124
3:neutral:1999:nsca:126	1999 NSCA 126
3:neutral:1999:nsca:129	1999 NSCA 129
3:neutral:1999:nsca:135	1999 NSCA 135
3:neutral:1999:nsca:159	1999 NSCA 159
3:neutral:1999:nsca:162	1999 NSCA 162
3:neutral:1999:nsca:163	1999 NSCA 163
3:neutral:1999:nsca:164	1999 NSCA 164
3:neutral:1999:nsca:168	1999 NSCA 168
3:neutral:1999:nsca:22	1999 NSCA 22
3:neutral:1999:nsca:41	1999 NSCA 41
3:neutral:1999:nsca:45	1999 NSCA 45
3:neutral:1999:nsca:77	1999 NSCA 77
3:neutral:1999:nsca:98	1999 NSCA 98
3:neutral:2000:bcca:10	2000 BCCA 10
3:neutral:2000:bcca:105	2000 BCCA 105
3:neutral:2000:bcca:108	2000 BCCA 108
3:neutral:2000:bcca:109	2000 BCCA 109
3:neutral:2000:bcca:112	2000 BCCA 112
3:neutral:2000:bcca:116	2000 BCCA 116
3:neutral:2000:bcca:117	2000 BCCA 117
3:neutral:2000:bcca:12	2000 BCCA 12
3:neutral:2000:bcca:120	2000 BCCA 120
3:neutral:2000:bcca:124	2000 BCCA 124
3:neutral:2000:bcca:126	2000 BCCA 126
3:neutral:2000:bcca:130	2000 BCCA 130
3:neutral:2000:bcca:132	2000 BCCA 132
3:neutral:2000:bcca:133	2000 BCCA 133
3:neutral:2000:bcca:135	2000 BCCA 135
3:neutral:2000:bcca:139	2000 BCCA 139
3:neutral:2000:bcca:141	2000 BCCA 141
3:neutral:2000:bcca:142	2000 BCCA 142
3:neutral:2000:bcca:144	2000 BCCA 144
3:neutral:2000:bcca:146	2000 BCCA 146
3:neutral:2000:bcca:147	2000 BCCA 147
3:neutral:2000:bcca:148	2000 BCCA 148
3:neutral:2000:bcca:149	2000 BCCA 149
3:neutral:2000:bcca:151	2000 BCCA 151
3:neutral:2000:bcca:152	2000 BCCA 152
3:neutral:2000:bcca:153	2000 BCCA 153
3:neutral:2000:bcca:158	2000 BCCA 158
3:neutral:2000:bcca:160	2000 BCCA 160
3:neutral:2000:bcca:161	2000 BCCA 161
3:neutral:2000:bcca:164	2000 BCCA 164
3:neutral:2000:bcca:166	2000 BCCA 166
3:neutral:2000:bcca:167	2000 BCCA 167
3:neutral:2000:bcca:169	2000 BCCA 169
3:neutral:2000:bcca:175	2000 BCCA 175
3:neutral:2000:bcca:177	2000 BCCA 177
3:neutral:2000:bcca:184	2000 BCCA 184
3:neutral:2000:bcca:196	2000 BCCA 196
3:neutral:2000:bcca:198	2000 BCCA 198
3:neutral:2000:bcca:20	2000 BCCA 20
3:neutral:2000:bcca:204	2000 BCCA 204
3:neutral:2000:bcca:205	2000 BCCA 205
3:neutral:2000:bcca:206	2000 BCCA 206
3:neutral:2000:bcca:212	2000 BCCA 212
3:neutral:2000:bcca:213	2000 BCCA 213
3:neutral:2000:bcca:219	2000 BCCA 219
3:neutral:2000:bcca:220	2000 BCCA 220
3:neutral:2000:bcca:221	2000 BCCA 221
3:neutral:2000:bcca:229	2000 BCCA 229
3:neutral:2000:bcca:23	2000 BCCA 23
3:neutral:2000:bcca:231	2000 BCCA 231
3:neutral:2000:bcca:239	2000 BCCA 239
3:neutral:2000:bcca:242	2000 BCCA 242
3:neutral:2000:bcca:246	2000 BCCA 246
3:neutral:2000:bcca:249	2000 BCCA 249
3:neutral:2000:bcca:252	2000 BCCA 252
3:neutral:2000:bcca:257	2000 BCCA 257
3:neutral:2000:bcca:266	2000 BCCA 266
3:neutral:2000:bcca:267	2000 BCCA 267
3:neutral:2000:bcca:271	2000 BCCA 271
3:neutral:2000:bcca:272	2000 BCCA 272
3:neutral:2000:bcca:278	2000 BCCA 278
3:neutral:2000:bcca:283	2000 BCCA 283
3:neutral:2000:bcca:284	2000 BCCA 284
3:neutral:2000:bcca:287	2000 BCCA 287
3:neutral:2000:bcca:29	2000 BCCA 29
3:neutral:2000:bcca:291	2000 BCCA 291
3:neutral:2000:bcca:297	2000 BCCA 297
3:neutral:2000:bcca:299	2000 BCCA 299
3:neutral:2000:bcca:300	2000 BCCA 300
3:neutral:2000:bcca:301	2000 BCCA 301
3:neutral:2000:bcca:307	2000 BCCA 307
3:neutral:2000:bcca:31	2000 BCCA 31
3:neutral:2000:bcca:310	2000 BCCA 310
3:neutral:2000:bcca:312	2000 BCCA 312
3:neutral:2000:bcca:313	2000 BCCA 313
3:neutral:2000:bcca:315	2000 BCCA 315
3:neutral:2000:bcca:317	2000 BCCA 317
3:neutral:2000:bcca:318	2000 BCCA 318
3:neutral:2000:bcca:319	2000 BCCA 319
3:neutral:2000:bcca:320	2000 BCCA 320
3:neutral:2000:bcca:321	2000 BCCA 321
3:neutral:2000:bcca:325	2000 BCCA 325
3:neutral:2000:bcca:327	2000 BCCA 327
3:neutral:2000:bcca:334	2000 BCCA 334
3:neutral:2000:bcca:335	2000 BCCA 335
3:neutral:2000:bcca:336	2000 BCCA 336
3:neutral:2000:bcca:338	2000 BCCA 338
3:neutral:2000:bcca:344	2000 BCCA 344
3:neutral:2000:bcca:345	2000 BCCA 345
3:neutral:2000:bcca:346	2000 BCCA 346
3:neutral:2000:bcca:347	2000 BCCA 347
3:neutral:2000:bcca:351	2000 BCCA 351
3:neutral:2000:bcca:357	2000 BCCA 357
3:neutral:2000:bcca:359	2000 BCCA 359
3:neutral:2000:bcca:362	2000 BCCA 362
3:neutral:2000:bcca:365	2000 BCCA 365
3:neutral:2000:bcca:367	2000 BCCA 367
3:neutral:2000:bcca:379	2000 BCCA 379
3:neutral:2000:bcca:386	2000 BCCA 386
3:neutral:2000:bcca:39	2000 BCCA 39
3:neutral:2000:bcca:391	2000 BCCA 391
3:neutral:2000:bcca:395	2000 BCCA 395
3:neutral:2000:bcca:396	2000 BCCA 396
3:neutral:2000:bcca:397	2000 BCCA 397
3:neutral:2000:bcca:399	2000 BCCA 399
3:neutral:2000:bcca:403	2000 BCCA 403
3:neutral:2000:bcca:404	2000 BCCA 404
3:neutral:2000:bcca:405	2000 BCCA 405
3:neutral:2000:bcca:408	2000 BCCA 408
3:neutral:2000:bcca:409	2000 BCCA 409
3:neutral:2000:bcca:412	2000 BCCA 412
3:neutral:2000:bcca:414	2000 BCCA 414
3:neutral:2000:bcca:415	2000 BCCA 415
3:neutral:2000:bcca:416	2000 BCCA 416
3:neutral:2000:bcca:426	2000 BCCA 426
3:neutral:2000:bcca:427	2000 BCCA 427
3:neutral:2000:bcca:429	2000 BCCA 429
3:neutral:2000:bcca:431	2000 BCCA 431
3:neutral:2000:bcca:436	2000 BCCA 436
3:neutral:2000:bcca:437	2000 BCCA 437
3:neutral:2000:bcca:440	2000 BCCA 440
3:neutral:2000:bcca:446	2000 BCCA 446
3:neutral:2000:bcca:452	2000 BCCA 452
3:neutral:2000:bcca:453	2000 BCCA 453
3:neutral:2000:bcca:455	2000 BCCA 455
3:neutral:2000:bcca:458	2000 BCCA 458
3:neutral:2000:bcca:459	2000 BCCA 459
3:neutral:2000:bcca:460	2000 BCCA 460
3:neutral:2000:bcca:461	2000 BCCA 461
3:neutral:2000:bcca:463	2000 BCCA 463
3:neutral:2000:bcca:467	2000 BCCA 467
3:neutral:2000:bcca:470	2000 BCCA 470
3:neutral:2000:bcca:474	2000 BCCA 474
3:neutral:2000:bcca:480	2000 BCCA 480
3:neutral:2000:bcca:481	2000 BCCA 481
3:neutral:2000:bcca:482	2000 BCCA 482
3:neutral:2000:bcca:483	2000 BCCA 483
3:neutral:2000:bcca:485	2000 BCCA 485
3:neutral:2000:bcca:491	2000 BCCA 491
3:neutral:2000:bcca:496	2000 BCCA 496
3:neutral:2000:bcca:500	2000 BCCA 500
3:neutral:2000:bcca:504	2000 BCCA 504
3:neutral:2000:bcca:505	2000 BCCA 505
3:neutral:2000:bcca:511	2000 BCCA 511
3:neutral:2000:bcca:514	2000 BCCA 514
3:neutral:2000:bcca:516	2000 BCCA 516
3:neutral:2000:bcca:523	2000 BCCA 523
3:neutral:2000:bcca:525	2000 BCCA 525
3:neutral:2000:bcca:532	2000 BCCA 532
3:neutral:2000:bcca:535	2000 BCCA 535
3:neutral:2000:bcca:536	2000 BCCA 536
3:neutral:2000:bcca:538	2000 BCCA 538
3:neutral:2000:bcca:539	2000 BCCA 539
3:neutral:2000:bcca:543	2000 BCCA 543
3:neutral:2000:bcca:545	2000 BCCA 545
3:neutral:2000:bcca:547	2000 BCCA 547
3:neutral:2000:bcca:55	2000 BCCA 55
3:neutral:2000:bcca:550	2000 BCCA 550
3:neutral:2000:bcca:552	2000 BCCA 552
3:neutral:2000:bcca:553	2000 BCCA 553
3:neutral:2000:bcca:557	2000 BCCA 557
3:neutral:2000:bcca:558	2000 BCCA 558
3:neutral:2000:bcca:559	2000 BCCA 559
3:neutral:2000:bcca:56	2000 BCCA 56
3:neutral:2000:bcca:562	2000 BCCA 562
3:neutral:2000:bcca:57	2000 BCCA 57
3:neutral:2000:bcca:573	2000 BCCA 573
3:neutral:2000:bcca:576	2000 BCCA 576
3:neutral:2000:bcca:583	2000 BCCA 583
3:neutral:2000:bcca:584	2000 BCCA 584
3:neutral:2000:bcca:589	2000 BCCA 589
3:neutral:2000:bcca:591	2000 BCCA 591
3:neutral:2000:bcca:592	2000 BCCA 592
3:neutral:2000:bcca:601	2000 BCCA 601
3:neutral:2000:bcca:603	2000 BCCA 603
3:neutral:2000:bcca:605	2000 BCCA 605
3:neutral:2000:bcca:61	2000 BCCA 61
3:neutral:2000:bcca:611	2000 BCCA 611
3:neutral:2000:bcca:616	2000 BCCA 616
3:neutral:2000:bcca:620	2000 BCCA 620
3:neutral:2000:bcca:621	2000 BCCA 621
3:neutral:2000:bcca:626	2000 BCCA 626
3:neutral:2000:bcca:627	2000 BCCA 627
3:neutral:2000:bcca:629	2000 BCCA 629
3:neutral:2000:bcca:630	2000 BCCA 630
3:neutral:2000:bcca:631	2000 BCCA 631
3:neutral:2000:bcca:632	2000 BCCA 632
3:neutral:2000:bcca:637	2000 BCCA 637
3:neutral:2000:bcca:638	2000 BCCA 638
3:neutral:2000:bcca:644	2000 BCCA 644
3:neutral:2000:bcca:646	2000 BCCA 646
3:neutral:2000:bcca:648	2000 BCCA 648
3:neutral:2000:bcca:653	2000 BCCA 653
3:neutral:2000:bcca:658	2000 BCCA 658
3:neutral:2000:bcca:66	2000 BCCA 66
3:neutral:2000:bcca:660	2000 BCCA 660
3:neutral:2000:bcca:661	2000 BCCA 661
3:neutral:2000:bcca:667	2000 BCCA 667
3:neutral:2000:bcca:672	2000 BCCA 672
3:neutral:2000:bcca:674	2000 BCCA 674
3:neutral:2000:bcca:681	2000 BCCA 681
3:neutral:2000:bcca:70	2000 BCCA 70
3:neutral:2000:bcca:73	2000 BCCA 73
3:neutral:2000:bcca:75	2000 BCCA 75
3:neutral:2000:bcca:79	2000 BCCA 79
3:neutral:2000:bcca:8	2000 BCCA 8
3:neutral:2000:bcca:81	2000 BCCA 81
3:neutral:2000:bcca:87	2000 BCCA 87
3:neutral:2000:bcca:9	2000 BCCA 9
3:neutral:2000:bcca:92	2000 BCCA 92
3:neutral:2000:bcca:94	2000 BCCA 94
3:neutral:2000:bcca:97	2000 BCCA 97
3:neutral:2000:bcsc:1	2000 BCSC 1
3:neutral:2000:bcsc:1000	2000 BCSC 1000
3:neutral:2000:bcsc:1048	2000 BCSC 1048
3:neutral:2000:bcsc:1072	2000 BCSC 1072
3:neutral:2000:bcsc:1085	2000 BCSC 1085
3:neutral:2000:bcsc:1087	2000 BCSC 1087
3:neutral:2000:bcsc:1089	2000 BCSC 1089
3:neutral:2000:bcsc:1095	2000 BCSC 1095
3:neutral:2000:bcsc:1103	2000 BCSC 1103
3:neutral:2000:bcsc:1105	2000 BCSC 1105
3:neutral:2000:bcsc:1123	2000 BCSC 1123
3:neutral:2000:bcsc:1124	2000 BCSC 1124
3:neutral:2000:bcsc:1127	2000 BCSC 1127
3:neutral:2000:bcsc:1133	2000 BCSC 1133
3:neutral:2000:bcsc:1134	2000 BCSC 1134
3:neutral:2000:bcsc:1141	2000 BCSC 1141
3:neutral:2000:bcsc:1142	2000 BCSC 1142
3:neutral:2000:bcsc:1144	2000 BCSC 1144
3:neutral:2000:bcsc:1147	2000 BCSC 1147
3:neutral:2000:bcsc:1148	2000 BCSC 1148
3:neutral:2000:bcsc:1152	2000 BCSC 1152
3:neutral:2000:bcsc:1188	2000 BCSC 1188
3:neutral:2000:bcsc:1193	2000 BCSC 1193
3:neutral:2000:bcsc:1196	2000 BCSC 1196
3:neutral:2000:bcsc:12	2000 BCSC 12
3:neutral:2000:bcsc:1211	2000 BCSC 1211
3:neutral:2000:bcsc:1225	2000 BCSC 1225
3:neutral:2000:bcsc:1228	2000 BCSC 1228
3:neutral:2000:bcsc:1248	2000 BCSC 1248
3:neutral:2000:bcsc:1253	2000 BCSC 1253
3:neutral:2000:bcsc:128	2000 BCSC 128
3:neutral:2000:bcsc:1280	2000 BCSC 1280
3:neutral:2000:bcsc:129	2000 BCSC 129
3:neutral:2000:bcsc:1295	2000 BCSC 1295
3:neutral:2000:bcsc:1309	2000 BCSC 1309
3:neutral:2000:bcsc:1338	2000 BCSC 1338
3:neutral:2000:bcsc:1344	2000 BCSC 1344
3:neutral:2000:bcsc:1443	2000 BCSC 1443
3:neutral:2000:bcsc:1470	2000 BCSC 1470
3:neutral:2000:bcsc:1493	2000 BCSC 1493
3:neutral:2000:bcsc:1536	2000 BCSC 1536
3:neutral:2000:bcsc:1553	2000 BCSC 1553
3:neutral:2000:bcsc:1556	2000 BCSC 1556
3:neutral:2000:bcsc:1575	2000 BCSC 1575
3:neutral:2000:bcsc:1584	2000 BCSC 1584
3:neutral:2000:bcsc:1596	2000 BCSC 1596
3:neutral:2000:bcsc:1597	2000 BCSC 1597
3:neutral:2000:bcsc:16	2000 BCSC 16
3:neutral:2000:bcsc:1609	2000 BCSC 1609
3:neutral:2000:bcsc:1618	2000 BCSC 1618
3:neutral:2000:bcsc:1626	2000 BCSC 1626
3:neutral:2000:bcsc:1646	2000 BCSC 1646
3:neutral:2000:bcsc:1653	2000 BCSC 1653
3:neutral:2000:bcsc:1667	2000 BCSC 1667
3:neutral:2000:bcsc:1683	2000 BCSC 1683
3:neutral:2000:bcsc:1698	2000 BCSC 1698
3:neutral:2000:bcsc:1701	2000 BCSC 1701
3:neutral:2000:bcsc:171	2000 BCSC 171
3:neutral:2000:bcsc:1746	2000 BCSC 1746
3:neutral:2000:bcsc:1780	2000 BCSC 1780
3:neutral:2000:bcsc:1786	2000 BCSC 1786
3:neutral:2000:bcsc:1787	2000 BCSC 1787
3:neutral:2000:bcsc:1797	2000 BCSC 1797
3:neutral:2000:bcsc:1817	2000 BCSC 1817
3:neutral:2000:bcsc:1829	2000 BCSC 1829
3:neutral:2000:bcsc:1831	2000 BCSC 1831
3:neutral:2000:bcsc:1835	2000 BCSC 1835
3:neutral:2000:bcsc:1842	2000 BCSC 1842
3:neutral:2000:bcsc:185	2000 BCSC 185
3:neutral:2000:bcsc:186	2000 BCSC 186
3:neutral:2000:bcsc:197	2000 BCSC 197
3:neutral:2000:bcsc:199	2000 BCSC 199
3:neutral:2000:bcsc:207	2000 BCSC 207
3:neutral:2000:bcsc:210	2000 BCSC 210
3:neutral:2000:bcsc:211	2000 BCSC 211
3:neutral:2000:bcsc:242	2000 BCSC 242
3:neutral:2000:bcsc:248	2000 BCSC 248
3:neutral:2000:bcsc:268	2000 BCSC 268
3:neutral:2000:bcsc:269	2000 BCSC 269
3:neutral:2000:bcsc:312	2000 BCSC 312
3:neutral:2000:bcsc:325	2000 BCSC 325
3:neutral:2000:bcsc:341	2000 BCSC 341
3:neutral:2000:bcsc:349	2000 BCSC 349
3:neutral:2000:bcsc:355	2000 BCSC 355
3:neutral:2000:bcsc:36	2000 BCSC 36
3:neutral:2000:bcsc:367	2000 BCSC 367
3:neutral:2000:bcsc:371	2000 BCSC 371
3:neutral:2000:bcsc:379	2000 BCSC 379
3:neutral:2000:bcsc:384	2000 BCSC 384
3:neutral:2000:bcsc:423	2000 BCSC 423
3:neutral:2000:bcsc:430	2000 BCSC 430
3:neutral:2000:bcsc:471	2000 BCSC 471
3:neutral:2000:bcsc:520	2000 BCSC 520
3:neutral:2000:bcsc:523	2000 BCSC 523
3:neutral:2000:bcsc:54	2000 BCSC 54
3:neutral:2000:bcsc:573	2000 BCSC 573
3:neutral:2000:bcsc:574	2000 BCSC 574
3:neutral:2000:bcsc:584	2000 BCSC 584
3:neutral:2000:bcsc:592	2000 BCSC 592
3:neutral:2000:bcsc:596	2000 BCSC 596
3:neutral:2000:bcsc:611	2000 BCSC 611
3:neutral:2000:bcsc:628	2000 BCSC 628
3:neutral:2000:bcsc:646	2000 BCSC 646
3:neutral:2000:bcsc:649	2000 BCSC 649
3:neutral:2000:bcsc:673	2000 BCSC 673
3:neutral:2000:bcsc:696	2000 BCSC 696
3:neutral:2000:bcsc:72	2000 BCSC 72
3:neutral:2000:bcsc:739	2000 BCSC 739
3:neutral:2000:bcsc:764	2000 BCSC 764
3:neutral:2000:bcsc:77	2000 BCSC 77
3:neutral:2000:bcsc:776	2000 BCSC 776
3:neutral:2000:bcsc:798	2000 BCSC 798
3:neutral:2000:bcsc:82	2000 BCSC 82
3:neutral:2000:bcsc:823	2000 BCSC 823
3:neutral:2000:bcsc:840	2000 BCSC 840
3:neutral:2000:bcsc:856	2000 BCSC 856
3:neutral:2000:bcsc:857	2000 BCSC 857
3:neutral:2000:bcsc:861	2000 BCSC 861
3:neutral:2000:bcsc:869	2000 BCSC 869
3:neutral:2000:bcsc:899	2000 BCSC 899
3:neutral:2000:bcsc:902	2000 BCSC 902
3:neutral:2000:bcsc:907	2000 BCSC 907
3:neutral:2000:bcsc:925	2000 BCSC 925
3:neutral:2000:bcsc:929	2000 BCSC 929
3:neutral:2000:bcsc:971	2000 BCSC 971
3:neutral:2000:bcsc:974	2000 BCSC 974
3:neutral:2000:bcsc:979	2000 BCSC 979
3:neutral:2000:bcsc:996	2000 BCSC 996
3:neutral:2000:cact:15	2000 Comp Trib 15
3:neutral:2000:nsca:1	2000 NSCA 1
3:neutral:2000:nsca:10	2000 NSCA 10
3:neutral:2000:nsca:121	2000 NSCA 121
3:neutral:2000:nsca:122	2000 NSCA 122
3:neutral:2000:nsca:125	2000 NSCA 125
3:neutral:2000:nsca:127	2000 NSCA 127
3:neutral:2000:nsca:143	2000 NSCA 143
3:neutral:2000:nsca:145	2000 NSCA 145
3:neutral:2000:nsca:150	2000 NSCA 150
3:neutral:2000:nsca:2	2000 NSCA 2
3:neutral:2000:nsca:23	2000 NSCA 23
3:neutral:2000:nsca:3	2000 NSCA 3
3:neutral:2000:nsca:31	2000 NSCA 31
3:neutral:2000:nsca:35	2000 NSCA 35
3:neutral:2000:nsca:42	2000 NSCA 42
3:neutral:2000:nsca:44	2000 NSCA 44
3:neutral:2000:nsca:46	2000 NSCA 46
3:neutral:2000:nsca:48	2000 NSCA 48
3:neutral:2000:nsca:60	2000 NSCA 60
3:neutral:2000:nsca:61	2000 NSCA 61
3:neutral:2000:nsca:88	2000 NSCA 88
3:neutral:2000:nsca:90	2000 NSCA 90
3:neutral:2000:nsca:95	2000 NSCA 95
3:neutral:2000:nsca:96	2000 NSCA 96
3:neutral:2000:scc:1	2000 SCC 1
3:neutral:2000:scc:10	2000 SCC 10
3:neutral:2000:scc:11	2000 SCC 11
3:neutral:2000:scc:12	2000 SCC 12
3:neutral:2000:scc:13	2000 SCC 13
3:neutral:2000:scc:14	2000 SCC 14
3:neutral:2000:scc:15	2000 SCC 15
3:neutral:2000:scc:17	2000 SCC 17
3:neutral:2000:scc:18	2000 SCC 18
3:neutral:2000:scc:21	2000 SCC 21
3:neutral:2000:scc:22	2000 SCC 22
3:neutral:2000:scc:28	2000 SCC 28
3:neutral:2000:scc:3	2000 SCC 3
3:neutral:2000:scc:31	2000 SCC 31
3:neutral:2000:scc:35	2000 SCC 35
3:neutral:2000:scc:36	2000 SCC 36
3:neutral:2000:scc:37	2000 SCC 37
3:neutral:2000:scc:38	2000 SCC 38
3:neutral:2000:scc:39	2000 SCC 39
3:neutral:2000:scc:40	2000 SCC 40
3:neutral:2000:scc:43	2000 SCC 43
3:neutral:2000:scc:44	2000 SCC 44
3:neutral:2000:scc:46	2000 SCC 46
3:neutral:2000:scc:47	2000 SCC 47
3:neutral:2000:scc:5	2000 SCC 5
3:neutral:2000:scc:51	2000 SCC 51
3:neutral:2000:scc:53	2000 SCC 53
3:neutral:2000:scc:54	2000 SCC 54
3:neutral:2000:scc:55	2000 SCC 55
3:neutral:2000:scc:56	2000 SCC 56
3:neutral:2000:scc:57	2000 SCC 57
3:neutral:2000:scc:6	2000 SCC 6
3:neutral:2000:scc:60	2000 SCC 60
3:neutral:2000:scc:61	2000 SCC 61
3:neutral:2000:scc:64	2000 SCC 64
3:neutral:2000:scc:65	2000 SCC 65
3:neutral:2000:scc:66	2000 SCC 66
3:neutral:2000:scc:67	2000 SCC 67
3:neutral:2000:scc:69	2000 SCC 69
3:neutral:2000:scc:7	2000 SCC 7
3:neutral:2000:scc:8	2000 SCC 8
3:neutral:2000:scc:9	2000 SCC 9
3:neutral:2001:bcca:1	2001 BCCA 1
3:neutral:2001:bcca:105	2001 BCCA 105
3:neutral:2001:bcca:11	2001 BCCA 11
3:neutral:2001:bcca:121	2001 BCCA 121
3:neutral:2001:bcca:13	2001 BCCA 13
3:neutral:2001:bcca:133	2001 BCCA 133
3:neutral:2001:bcca:14	2001 BCCA 14
3:neutral:2001:bcca:140	2001 BCCA 140
3:neutral:2001:bcca:148	2001 BCCA 148
3:neutral:2001:bcca:149	2001 BCCA 149
3:neutral:2001:bcca:15	2001 BCCA 15
3:neutral:2001:bcca:154	2001 BCCA 154
3:neutral:2001:bcca:155	2001 BCCA 155
3:neutral:2001:bcca:159	2001 BCCA 159
3:neutral:2001:bcca:16	2001 BCCA 16
3:neutral:2001:bcca:161	2001 BCCA 161
3:neutral:2001:bcca:163	2001 BCCA 163
3:neutral:2001:bcca:165	2001 BCCA 165
3:neutral:2001:bcca:17	2001 BCCA 17
3:neutral:2001:bcca:18	2001 BCCA 18
3:neutral:2001:bcca:19	2001 BCCA 19
3:neutral:2001:bcca:191	2001 BCCA 191
3:neutral:2001:bcca:193	2001 BCCA 193
3:neutral:2001:bcca:196	2001 BCCA 196
3:neutral:2001:bcca:202	2001 BCCA 202
3:neutral:2001:bcca:204	2001 BCCA 204
3:neutral:2001:bcca:205	2001 BCCA 205
3:neutral:2001:bcca:206	2001 BCCA 206
3:neutral:2001:bcca:207	2001 BCCA 207
3:neutral:2001:bcca:208	2001 BCCA 208
3:neutral:2001:bcca:21	2001 BCCA 21
3:neutral:2001:bcca:215	2001 BCCA 215
3:neutral:2001:bcca:216	2001 BCCA 216
3:neutral:2001:bcca:221	2001 BCCA 221
3:neutral:2001:bcca:223	2001 BCCA 223
3:neutral:2001:bcca:225	2001 BCCA 225
3:neutral:2001:bcca:226	2001 BCCA 226
3:neutral:2001:bcca:227	2001 BCCA 227
3:neutral:2001:bcca:232	2001 BCCA 232
3:neutral:2001:bcca:234	2001 BCCA 234
3:neutral:2001:bcca:236	2001 BCCA 236
3:neutral:2001:bcca:237	2001 BCCA 237
3:neutral:2001:bcca:240	2001 BCCA 240
3:neutral:2001:bcca:244	2001 BCCA 244
3:neutral:2001:bcca:250	2001 BCCA 250
3:neutral:2001:bcca:253	2001 BCCA 253
3:neutral:2001:bcca:255	2001 BCCA 255
3:neutral:2001:bcca:256	2001 BCCA 256
3:neutral:2001:bcca:258	2001 BCCA 258
3:neutral:2001:bcca:26	2001 BCCA 26
3:neutral:2001:bcca:260	2001 BCCA 260
3:neutral:2001:bcca:262	2001 BCCA 262
3:neutral:2001:bcca:266	2001 BCCA 266
3:neutral:2001:bcca:267	2001 BCCA 267
3:neutral:2001:bcca:268	2001 BCCA 268
3:neutral:2001:bcca:272	2001 BCCA 272
3:neutral:2001:bcca:274	2001 BCCA 274
3:neutral:2001:bcca:275	2001 BCCA 275
3:neutral:2001:bcca:276	2001 BCCA 276
3:neutral:2001:bcca:279	2001 BCCA 279
3:neutral:2001:bcca:286	2001 BCCA 286
3:neutral:2001:bcca:288	2001 BCCA 288
3:neutral:2001:bcca:29	2001 BCCA 29
3:neutral:2001:bcca:292	2001 BCCA 292
3:neutral:2001:bcca:293	2001 BCCA 293
3:neutral:2001:bcca:295	2001 BCCA 295
3:neutral:2001:bcca:297	2001 BCCA 297
3:neutral:2001:bcca:299	2001 BCCA 299
3:neutral:2001:bcca:3	2001 BCCA 3
3:neutral:2001:bcca:302	2001 BCCA 302
3:neutral:2001:bcca:303	2001 BCCA 303
3:neutral:2001:bcca:305	2001 BCCA 305
3:neutral:2001:bcca:31	2001 BCCA 31
3:neutral:2001:bcca:317	2001 BCCA 317
3:neutral:2001:bcca:334	2001 BCCA 334
3:neutral:2001:bcca:340	2001 BCCA 340
3:neutral:2001:bcca:342	2001 BCCA 342
3:neutral:2001:bcca:347	2001 BCCA 347
3:neutral:2001:bcca:349	2001 BCCA 349
3:neutral:2001:bcca:350	2001 BCCA 350
3:neutral:2001:bcca:356	2001 BCCA 356
3:neutral:2001:bcca:362	2001 BCCA 362
3:neutral:2001:bcca:368	2001 BCCA 368
3:neutral:2001:bcca:371	2001 BCCA 371
3:neutral:2001:bcca:373	2001 BCCA 373
3:neutral:2001:bcca:376	2001 BCCA 376
3:neutral:2001:bcca:378	2001 BCCA 378
3:neutral:2001:bcca:38	2001 BCCA 38
3:neutral:2001:bcca:380	2001 BCCA 380
3:neutral:2001:bcca:384	2001 BCCA 384
3:neutral:2001:bcca:386	2001 BCCA 386
3:neutral:2001:bcca:388	2001 BCCA 388
3:neutral:2001:bcca:392	2001 BCCA 392
3:neutral:2001:bcca:396	2001 BCCA 396
3:neutral:2001:bcca:397	2001 BCCA 397
3:neutral:2001:bcca:4	2001 BCCA 4
3:neutral:2001:bcca:407	2001 BCCA 407
3:neutral:2001:bcca:410	2001 BCCA 410
3:neutral:2001:bcca:411	2001 BCCA 411
3:neutral:2001:bcca:413	2001 BCCA 413
3:neutral:2001:bcca:415	2001 BCCA 415
3:neutral:2001:bcca:416	2001 BCCA 416
3:neutral:2001:bcca:419	2001 BCCA 419
3:neutral:2001:bcca:426	2001 BCCA 426
3:neutral:2001:bcca:428	2001 BCCA 428
3:neutral:2001:bcca:429	2001 BCCA 429
3:neutral:2001:bcca:432	2001 BCCA 432
3:neutral:2001:bcca:433	2001 BCCA 433
3:neutral:2001:bcca:434	2001 BCCA 434
3:neutral:2001:bcca:435	2001 BCCA 435
3:neutral:2001:bcca:437	2001 BCCA 437
3:neutral:2001:bcca:440	2001 BCCA 440
3:neutral:2001:bcca:444	2001 BCCA 444
3:neutral:2001:bcca:445	2001 BCCA 445
3:neutral:2001:bcca:447	2001 BCCA 447
3:neutral:2001:bcca:449	2001 BCCA 449
3:neutral:2001:bcca:450	2001 BCCA 450
3:neutral:2001:bcca:461	2001 BCCA 461
3:neutral:2001:bcca:462	2001 BCCA 462
3:neutral:2001:bcca:464	2001 BCCA 464
3:neutral:2001:bcca:469	2001 BCCA 469
3:neutral:2001:bcca:470	2001 BCCA 470
3:neutral:2001:bcca:471	2001 BCCA 471
3:neutral:2001:bcca:478	2001 BCCA 478
3:neutral:2001:bcca:479	2001 BCCA 479
3:neutral:2001:bcca:48	2001 BCCA 48
3:neutral:2001:bcca:485	2001 BCCA 485
3:neutral:2001:bcca:488	2001 BCCA 488
3:neutral:2001:bcca:489	2001 BCCA 489
3:neutral:2001:bcca:492	2001 BCCA 492
3:neutral:2001:bcca:495	2001 BCCA 495
3:neutral:2001:bcca:496	2001 BCCA 496
3:neutral:2001:bcca:503	2001 BCCA 503
3:neutral:2001:bcca:504	2001 BCCA 504
3:neutral:2001:bcca:507	2001 BCCA 507
3:neutral:2001:bcca:508	2001 BCCA 508
3:neutral:2001:bcca:513	2001 BCCA 513
3:neutral:2001:bcca:516	2001 BCCA 516
3:neutral:2001:bcca:519	2001 BCCA 519
3:neutral:2001:bcca:52	2001 BCCA 52
3:neutral:2001:bcca:521	2001 BCCA 521
3:neutral:2001:bcca:524	2001 BCCA 524
3:neutral:2001:bcca:528	2001 BCCA 528
3:neutral:2001:bcca:533	2001 BCCA 533
3:neutral:2001:bcca:536	2001 BCCA 536
3:neutral:2001:bcca:543	2001 BCCA 543
3:neutral:2001:bcca:547	2001 BCCA 547
3:neutral:2001:bcca:549	2001 BCCA 549
3:neutral:2001:bcca:551	2001 BCCA 551
3:neutral:2001:bcca:555	2001 BCCA 555
3:neutral:2001:bcca:559	2001 BCCA 559
3:neutral:2001:bcca:566	2001 BCCA 566
3:neutral:2001:bcca:579	2001 BCCA 579
3:neutral:2001:bcca:598	2001 BCCA 598
3:neutral:2001:bcca:6	2001 BCCA 6
3:neutral:2001:bcca:600	2001 BCCA 600
3:neutral:2001:bcca:601	2001 BCCA 601
3:neutral:2001:bcca:606	2001 BCCA 606
3:neutral:2001:bcca:607	2001 BCCA 607
3:neutral:2001:bcca:608	2001 BCCA 608
3:neutral:2001:bcca:610	2001 BCCA 610
3:neutral:2001:bcca:612	2001 BCCA 612
3:neutral:2001:bcca:613	2001 BCCA 613
3:neutral:2001:bcca:614	2001 BCCA 614
3:neutral:2001:bcca:619	2001 BCCA 619
3:neutral:2001:bcca:62	2001 BCCA 62
3:neutral:2001:bcca:624	2001 BCCA 624
3:neutral:2001:bcca:632	2001 BCCA 632
3:neutral:2001:bcca:633	2001 BCCA 633
3:neutral:2001:bcca:645	2001 BCCA 645
3:neutral:2001:bcca:65	2001 BCCA 65
3:neutral:2001:bcca:650	2001 BCCA 650
3:neutral:2001:bcca:652	2001 BCCA 652
3:neutral:2001:bcca:654	2001 BCCA 654
3:neutral:2001:bcca:655	2001 BCCA 655
3:neutral:2001:bcca:657	2001 BCCA 657
3:neutral:2001:bcca:658	2001 BCCA 658
3:neutral:2001:bcca:664	2001 BCCA 664
3:neutral:2001:bcca:666	2001 BCCA 666
3:neutral:2001:bcca:667	2001 BCCA 667
3:neutral:2001:bcca:668	2001 BCCA 668
3:neutral:2001:bcca:672	2001 BCCA 672
3:neutral:2001:bcca:677	2001 BCCA 677
3:neutral:2001:bcca:678	2001 BCCA 678
3:neutral:2001:bcca:679	2001 BCCA 679
3:neutral:2001:bcca:68	2001 BCCA 68
3:neutral:2001:bcca:680	2001 BCCA 680
3:neutral:2001:bcca:682	2001 BCCA 682
3:neutral:2001:bcca:683	2001 BCCA 683
3:neutral:2001:bcca:684	2001 BCCA 684
3:neutral:2001:bcca:693	2001 BCCA 693
3:neutral:2001:bcca:695	2001 BCCA 695
3:neutral:2001:bcca:698	2001 BCCA 698
3:neutral:2001:bcca:702	2001 BCCA 702
3:neutral:2001:bcca:703	2001 BCCA 703
3:neutral:2001:bcca:706	2001 BCCA 706
3:neutral:2001:bcca:707	2001 BCCA 707
3:neutral:2001:bcca:708	2001 BCCA 708
3:neutral:2001:bcca:712	2001 BCCA 712
3:neutral:2001:bcca:717	2001 BCCA 717
3:neutral:2001:bcca:722	2001 BCCA 722
3:neutral:2001:bcca:724	2001 BCCA 724
3:neutral:2001:bcca:728	2001 BCCA 728
3:neutral:2001:bcca:730	2001 BCCA 730
3:neutral:2001:bcca:739	2001 BCCA 739
3:neutral:2001:bcca:74	2001 BCCA 74
3:neutral:2001:bcca:743	2001 BCCA 743
3:neutral:2001:bcca:75	2001 BCCA 75
3:neutral:2001:bcca:76	2001 BCCA 76
3:neutral:2001:bcca:78	2001 BCCA 78
3:neutral:2001:bcca:79	2001 BCCA 79
3:neutral:2001:bcca:8	2001 BCCA 8
3:neutral:2001:bcca:82	2001 BCCA 82
3:neutral:2001:bcca:83	2001 BCCA 83
3:neutral:2001:bcca:88	2001 BCCA 88
3:neutral:2001:bcca:9	2001 BCCA 9
3:neutral:2001:bcca:90	2001 BCCA 90
3:neutral:2001:bcca:94	2001 BCCA 94
3:neutral:2001:bcca:95	2001 BCCA 95
3:neutral:2001:bcca:99	2001 BCCA 99
3:neutral:2001:bcsc:100	2001 BCSC 100
3:neutral:2001:bcsc:101	2001 BCSC 101
3:neutral:2001:bcsc:1013	2001 BCSC 1013
3:neutral:2001:bcsc:1024	2001 BCSC 1024
3:neutral:2001:bcsc:1037	2001 BCSC 1037
3:neutral:2001:bcsc:105	2001 BCSC 105
3:neutral:2001:bcsc:1054	2001 BCSC 1054
3:neutral:2001:bcsc:1055	2001 BCSC 1055
3:neutral:2001:bcsc:1067	2001 BCSC 1067
3:neutral:2001:bcsc:1069	2001 BCSC 1069
3:neutral:2001:bcsc:1081	2001 BCSC 1081
3:neutral:2001:bcsc:1086	2001 BCSC 1086
3:neutral:2001:bcsc:1110	2001 BCSC 1110
3:neutral:2001:bcsc:1115	2001 BCSC 1115
3:neutral:2001:bcsc:1117	2001 BCSC 1117
3:neutral:2001:bcsc:1130	2001 BCSC 1130
3:neutral:2001:bcsc:1139	2001 BCSC 1139
3:neutral:2001:bcsc:1146	2001 BCSC 1146
3:neutral:2001:bcsc:1168	2001 BCSC 1168
3:neutral:2001:bcsc:1181	2001 BCSC 1181
3:neutral:2001:bcsc:1191	2001 BCSC 1191
3:neutral:2001:bcsc:1192	2001 BCSC 1192
3:neutral:2001:bcsc:1200	2001 BCSC 1200
3:neutral:2001:bcsc:1208	2001 BCSC 1208
3:neutral:2001:bcsc:1231	2001 BCSC 1231
3:neutral:2001:bcsc:1234	2001 BCSC 1234
3:neutral:2001:bcsc:1237	2001 BCSC 1237
3:neutral:2001:bcsc:1256	2001 BCSC 1256
3:neutral:2001:bcsc:1258	2001 BCSC 1258
3:neutral:2001:bcsc:1269	2001 BCSC 1269
3:neutral:2001:bcsc:1299	2001 BCSC 1299
3:neutral:2001:bcsc:1321	2001 BCSC 1321
3:neutral:2001:bcsc:1328	2001 BCSC 1328
3:neutral:2001:bcsc:1330	2001 BCSC 1330
3:neutral:2001:bcsc:1343	2001 BCSC 1343
3:neutral:2001:bcsc:1346	2001 BCSC 1346
3:neutral:2001:bcsc:1355	2001 BCSC 1355
3:neutral:2001:bcsc:1363	2001 BCSC 1363
3:neutral:2001:bcsc:1366	2001 BCSC 1366
3:neutral:2001:bcsc:1386	2001 BCSC 1386
3:neutral:2001:bcsc:1394	2001 BCSC 1394
3:neutral:2001:bcsc:140	2001 BCSC 140
3:neutral:2001:bcsc:1402	2001 BCSC 1402
3:neutral:2001:bcsc:1405	2001 BCSC 1405
3:neutral:2001:bcsc:1416	2001 BCSC 1416
3:neutral:2001:bcsc:143	2001 BCSC 143
3:neutral:2001:bcsc:1445	2001 BCSC 1445
3:neutral:2001:bcsc:1465	2001 BCSC 1465
3:neutral:2001:bcsc:1476	2001 BCSC 1476
3:neutral:2001:bcsc:1491	2001 BCSC 1491
3:neutral:2001:bcsc:1516	2001 BCSC 1516
3:neutral:2001:bcsc:1530	2001 BCSC 1530
3:neutral:2001:bcsc:1541	2001 BCSC 1541
3:neutral:2001:bcsc:1557	2001 BCSC 1557
3:neutral:2001:bcsc:156	2001 BCSC 156
3:neutral:2001:bcsc:1567	2001 BCSC 1567
3:neutral:2001:bcsc:1580	2001 BCSC 1580
3:neutral:2001:bcsc:1593	2001 BCSC 1593
3:neutral:2001:bcsc:1601	2001 BCSC 1601
3:neutral:2001:bcsc:162	2001 BCSC 162
3:neutral:2001:bcsc:1626	2001 BCSC 1626
3:neutral:2001:bcsc:1633	2001 BCSC 1633
3:neutral:2001:bcsc:1641	2001 BCSC 1641
3:neutral:2001:bcsc:1695	2001 BCSC 1695
3:neutral:2001:bcsc:1702	2001 BCSC 1702
3:neutral:2001:bcsc:1724	2001 BCSC 1724
3:neutral:2001:bcsc:1730	2001 BCSC 1730
3:neutral:2001:bcsc:1753	2001 BCSC 1753
3:neutral:2001:bcsc:1790	2001 BCSC 1790
3:neutral:2001:bcsc:1812	2001 BCSC 1812
3:neutral:2001:bcsc:184	2001 BCSC 184
3:neutral:2001:bcsc:1850	2001 BCSC 1850
3:neutral:2001:bcsc:1892	2001 BCSC 1892
3:neutral:2001:bcsc:1895	2001 BCSC 1895
3:neutral:2001:bcsc:20	2001 BCSC 20
3:neutral:2001:bcsc:218	2001 BCSC 218
3:neutral:2001:bcsc:220	2001 BCSC 220
3:neutral:2001:bcsc:221	2001 BCSC 221
3:neutral:2001:bcsc:222	2001 BCSC 222
3:neutral:2001:bcsc:237	2001 BCSC 237
3:neutral:2001:bcsc:245	2001 BCSC 245
3:neutral:2001:bcsc:246	2001 BCSC 246
3:neutral:2001:bcsc:267	2001 BCSC 267
3:neutral:2001:bcsc:296	2001 BCSC 296
3:neutral:2001:bcsc:298	2001 BCSC 298
3:neutral:2001:bcsc:310	2001 BCSC 310
3:neutral:2001:bcsc:323	2001 BCSC 323
3:neutral:2001:bcsc:325	2001 BCSC 325
3:neutral:2001:bcsc:333	2001 BCSC 333
3:neutral:2001:bcsc:336	2001 BCSC 336
3:neutral:2001:bcsc:354	2001 BCSC 354
3:neutral:2001:bcsc:367	2001 BCSC 367
3:neutral:2001:bcsc:394	2001 BCSC 394
3:neutral:2001:bcsc:413	2001 BCSC 413
3:neutral:2001:bcsc:417	2001 BCSC 417
3:neutral:2001:bcsc:420	2001 BCSC 420
3:neutral:2001:bcsc:449	2001 BCSC 449
3:neutral:2001:bcsc:472	2001 BCSC 472
3:neutral:2001:bcsc:485	2001 BCSC 485
3:neutral:2001:bcsc:499	2001 BCSC 499
3:neutral:2001:bcsc:500	2001 BCSC 500
3:neutral:2001:bcsc:503	2001 BCSC 503
3:neutral:2001:bcsc:529	2001 BCSC 529
3:neutral:2001:bcsc:532	2001 BCSC 532
3:neutral:2001:bcsc:534	2001 BCSC 534
3:neutral:2001:bcsc:546	2001 BCSC 546
3:neutral:2001:bcsc:576	2001 BCSC 576
3:neutral:2001:bcsc:577	2001 BCSC 577
3:neutral:2001:bcsc:588	2001 BCSC 588
3:neutral:2001:bcsc:59	2001 BCSC 59
3:neutral:2001:bcsc:594	2001 BCSC 594
3:neutral:2001:bcsc:60	2001 BCSC 60
3:neutral:2001:bcsc:618	2001 BCSC 618
3:neutral:2001:bcsc:632	2001 BCSC 632
3:neutral:2001:bcsc:651	2001 BCSC 651
3:neutral:2001:bcsc:664	2001 BCSC 664
3:neutral:2001:bcsc:668	2001 BCSC 668
3:neutral:2001:bcsc:677	2001 BCSC 677
3:neutral:2001:bcsc:705	2001 BCSC 705
3:neutral:2001:bcsc:710	2001 BCSC 710
3:neutral:2001:bcsc:719	2001 BCSC 719
3:neutral:2001:bcsc:724	2001 BCSC 724
3:neutral:2001:bcsc:744	2001 BCSC 744
3:neutral:2001:bcsc:761	2001 BCSC 761
3:neutral:2001:bcsc:775	2001 BCSC 775
3:neutral:2001:bcsc:777	2001 BCSC 777
3:neutral:2001:bcsc:781	2001 BCSC 781
3:neutral:2001:bcsc:784	2001 BCSC 784
3:neutral:2001:bcsc:785	2001 BCSC 785
3:neutral:2001:bcsc:787	2001 BCSC 787
3:neutral:2001:bcsc:796	2001 BCSC 796
3:neutral:2001:bcsc:813	2001 BCSC 813
3:neutral:2001:bcsc:822	2001 BCSC 822
3:neutral:2001:bcsc:824	2001 BCSC 824
3:neutral:2001:bcsc:837	2001 BCSC 837
3:neutral:2001:bcsc:840	2001 BCSC 840
3:neutral:2001:bcsc:847	2001 BCSC 847
3:neutral:2001:bcsc:864	2001 BCSC 864
3:neutral:2001:bcsc:868	2001 BCSC 868
3:neutral:2001:bcsc:88	2001 BCSC 88
3:neutral:2001:bcsc:893	2001 BCSC 893
3:neutral:2001:bcsc:903	2001 BCSC 903
3:neutral:2001:bcsc:917	2001 BCSC 917
3:neutral:2001:bcsc:92	2001 BCSC 92
3:neutral:2001:bcsc:921	2001 BCSC 921
3:neutral:2001:bcsc:930	2001 BCSC 930
3:neutral:2001:bcsc:943	2001 BCSC 943
3:neutral:2001:bcsc:950	2001 BCSC 950
3:neutral:2001:bcsc:952	2001 BCSC 952
3:neutral:2001:bcsc:954	2001 BCSC 954
3:neutral:2001:bcsc:997	2001 BCSC 997
3:neutral:2001:cact:3	2001 Comp Trib 3
3:neutral:2001:fc:1005	2001 FCT 1005
3:neutral:2001:fc:1024	2001 FCT 1024
3:neutral:2001:fc:1040	2001 FCT 1040
3:neutral:2001:fc:1061	2001 FCT 1061
3:neutral:2001:fc:1065	2001 FCT 1065
3:neutral:2001:fc:1066	2001 FCT 1066
3:neutral:2001:fc:1086	2001 FCT 1086
3:neutral:2001:fc:1095	2001 FCT 1095
3:neutral:2001:fc:1114	2001 FCT 1114
3:neutral:2001:fc:1115	2001 FCT 1115
3:neutral:2001:fc:112	2001 FCT 112
3:neutral:2001:fc:1123	2001 FCT 1123
3:neutral:2001:fc:1129	2001 FCT 1129
3:neutral:2001:fc:1133	2001 FCT 1133
3:neutral:2001:fc:1139	2001 FCT 1139
3:neutral:2001:fc:1155	2001 FCT 1155
3:neutral:2001:fc:1175	2001 FCT 1175
3:neutral:2001:fc:1202	2001 FCT 1202
3:neutral:2001:fc:1218	2001 FCT 1218
3:neutral:2001:fc:1229	2001 FCT 1229
3:neutral:2001:fc:1233	2001 FCT 1233
3:neutral:2001:fc:1238	2001 FCT 1238
3:neutral:2001:fc:1244	2001 FCT 1244
3:neutral:2001:fc:1246	2001 FCT 1246
3:neutral:2001:fc:1264	2001 FCT 1264
3:neutral:2001:fc:127	2001 FCT 127
3:neutral:2001:fc:1282	2001 FCT 1282
3:neutral:2001:fc:1286	2001 FCT 1286
3:neutral:2001:fc:1295	2001 FCT 1295
3:neutral:2001:fc:1301	2001 FCT 1301
3:neutral:2001:fc:1307	2001 FCT 1307
3:neutral:2001:fc:1311	2001 FCT 1311
3:neutral:2001:fc:1314	2001 FCT 1314
3:neutral:2001:fc:1333	2001 FCT 1333
3:neutral:2001:fc:1336	2001 FCT 1336
3:neutral:2001:fc:1347	2001 FCT 1347
3:neutral:2001:fc:1356	2001 FCT 1356
3:neutral:2001:fc:1357	2001 FCT 1357
3:neutral:2001:fc:138	2001 FCT 138
3:neutral:2001:fc:139	2001 FCT 139
3:neutral:2001:fc:1404	2001 FCT 1404
3:neutral:2001:fc:1426	2001 FCT 1426
3:neutral:2001:fc:148	2001 FCT 148
3:neutral:2001:fc:177	2001 FCT 177
3:neutral:2001:fc:181	2001 FCT 181
3:neutral:2001:fc:198	2001 FCT 198
3:neutral:2001:fc:22	2001 FCT 22
3:neutral:2001:fc:232	2001 FCT 232
3:neutral:2001:fc:239	2001 FCT 239
3:neutral:2001:fc:243	2001 FCT 243
3:neutral:2001:fc:256	2001 FCT 256
3:neutral:2001:fc:268	2001 FCT 268
3:neutral:2001:fc:288	2001 FCT 288
3:neutral:2001:fc:312	2001 FCT 312
3:neutral:2001:fc:34	2001 FCT 34
3:neutral:2001:fc:390	2001 FCT 390
3:neutral:2001:fc:398	2001 FCT 398
3:neutral:2001:fc:440	2001 FCT 440
3:neutral:2001:fc:443	2001 FCT 443
3:neutral:2001:fc:449	2001 FCT 449
3:neutral:2001:fc:453	2001 FCT 453
3:neutral:2001:fc:466	2001 FCT 466
3:neutral:2001:fc:467	2001 FCT 467
3:neutral:2001:fc:480	2001 FCT 480
3:neutral:2001:fc:483	2001 FCT 483
3:neutral:2001:fc:49	2001 FCT 49
3:neutral:2001:fc:504	2001 FCT 504
3:neutral:2001:fc:514	2001 FCT 514
3:neutral:2001:fc:529	2001 FCT 529
3:neutral:2001:fc:531	2001 FCT 531
3:neutral:2001:fc:535	2001 FCT 535
3:neutral:2001:fc:540	2001 FCT 540
3:neutral:2001:fc:549	2001 FCT 549
3:neutral:2001:fc:559	2001 FCT 559
3:neutral:2001:fc:568	2001 FCT 568
3:neutral:2001:fc:579	2001 FCT 579
3:neutral:2001:fc:589	2001 FCT 589
3:neutral:2001:fc:594	2001 FCT 594
3:neutral:2001:fc:597	2001 FCT 597
3:neutral:2001:fc:607	2001 FCT 607
3:neutral:2001:fc:626	2001 FCT 626
3:neutral:2001:fc:632	2001 FCT 632
3:neutral:2001:fc:636	2001 FCT 636
3:neutral:2001:fc:642	2001 FCT 642
3:neutral:2001:fc:645	2001 FCT 645
3:neutral:2001:fc:647	2001 FCT 647
3:neutral:2001:fc:659	2001 FCT 659
3:neutral:2001:fc:687	2001 FCT 687
3:neutral:2001:fc:702	2001 FCT 702
3:neutral:2001:fc:704	2001 FCT 704
3:neutral:2001:fc:710	2001 FCT 710
3:neutral:2001:fc:734	2001 FCT 734
3:neutral:2001:fc:742	2001 FCT 742
3:neutral:2001:fc:751	2001 FCT 751
3:neutral:2001:fc:770	2001 FCT 770
3:neutral:2001:fc:776	2001 FCT 776
3:neutral:2001:fc:791	2001 FCT 791
3:neutral:2001:fc:793	2001 FCT 793
3:neutral:2001:fc:83	2001 FCT 83
3:neutral:2001:fc:85	2001 FCT 85
3:neutral:2001:fc:857	2001 FCT 857
3:neutral:2001:fc:859	2001 FCT 859
3:neutral:2001:fc:861	2001 FCT 861
3:neutral:2001:fc:880	2001 FCT 880
3:neutral:2001:fc:889	2001 FCT 889
3:neutral:2001:fc:90	2001 FCT 90
3:neutral:2001:fc:917	2001 FCT 917
3:neutral:2001:fc:921	2001 FCT 921
3:neutral:2001:fc:929	2001 FCT 929
3:neutral:2001:fc:952	2001 FCT 952
3:neutral:2001:fc:963	2001 FCT 963
3:neutral:2001:fc:984	2001 FCT 984
3:neutral:2001:fc:985	2001 FCT 985
3:neutral:2001:fc:996	2001 FCT 996
3:neutral:2001:fca:104	2001 FCA 104
3:neutral:2001:fca:105	2001 FCA 105
3:neutral:2001:fca:106	2001 FCA 106
3:neutral:2001:fca:108	2001 FCA 108
3:neutral:2001:fca:11	2001 FCA 11
3:neutral:2001:fca:113	2001 FCA 113
3:neutral:2001:fca:114	2001 FCA 114
3:neutral:2001:fca:115	2001 FCA 115
3:neutral:2001:fca:122	2001 FCA 122
3:neutral:2001:fca:126	2001 FCA 126
3:neutral:2001:fca:127	2001 FCA 127
3:neutral:2001:fca:13	2001 FCA 13
3:neutral:2001:fca:137	2001 FCA 137
3:neutral:2001:fca:138	2001 FCA 138
3:neutral:2001:fca:141	2001 FCA 141
3:neutral:2001:fca:145	2001 FCA 145
3:neutral:2001:fca:146	2001 FCA 146
3:neutral:2001:fca:160	2001 FCA 160
3:neutral:2001:fca:163	2001 FCA 163
3:neutral:2001:fca:178	2001 FCA 178
3:neutral:2001:fca:182	2001 FCA 182
3:neutral:2001:fca:188	2001 FCA 188
3:neutral:2001:fca:19	2001 FCA 19
3:neutral:2001:fca:191	2001 FCA 191
3:neutral:2001:fca:192	2001 FCA 192
3:neutral:2001:fca:197	2001 FCA 197
3:neutral:2001:fca:198	2001 FCA 198
3:neutral:2001:fca:20	2001 FCA 20
3:neutral:2001:fca:203	2001 FCA 203
3:neutral:2001:fca:205	2001 FCA 205
3:neutral:2001:fca:215	2001 FCA 215
3:neutral:2001:fca:221	2001 FCA 221
3:neutral:2001:fca:223	2001 FCA 223
3:neutral:2001:fca:227	2001 FCA 227
3:neutral:2001:fca:239	2001 FCA 239
3:neutral:2001:fca:240	2001 FCA 240
3:neutral:2001:fca:241	2001 FCA 241
3:neutral:2001:fca:248	2001 FCA 248
3:neutral:2001:fca:25	2001 FCA 25
3:neutral:2001:fca:250	2001 FCA 250
3:neutral:2001:fca:254	2001 FCA 254
3:neutral:2001:fca:260	2001 FCA 260
3:neutral:2001:fca:263	2001 FCA 263
3:neutral:2001:fca:264	2001 FCA 264
3:neutral:2001:fca:267	2001 FCA 267
3:neutral:2001:fca:27	2001 FCA 27
3:neutral:2001:fca:272	2001 FCA 272
3:neutral:2001:fca:274	2001 FCA 274
3:neutral:2001:fca:275	2001 FCA 275
3:neutral:2001:fca:299	2001 FCA 299
3:neutral:2001:fca:30	2001 FCA 30
3:neutral:2001:fca:302	2001 FCA 302
3:neutral:2001:fca:308	2001 FCA 308
3:neutral:2001:fca:312	2001 FCA 312
3:neutral:2001:fca:314	2001 FCA 314
3:neutral:2001:fca:320	2001 FCA 320
3:neutral:2001:fca:331	2001 FCA 331
3:neutral:2001:fca:337	2001 FCA 337
3:neutral:2001:fca:338	2001 FCA 338
3:neutral:2001:fca:339	2001 FCA 339
3:neutral:2001:fca:348	2001 FCA 348
3:neutral:2001:fca:352	2001 FCA 352
3:neutral:2001:fca:356	2001 FCA 356
3:neutral:2001:fca:365	2001 FCA 365
3:neutral:2001:fca:374	2001 FCA 374
3:neutral:2001:fca:378	2001 FCA 378
3:neutral:2001:fca:381	2001 FCA 381
3:neutral:2001:fca:383	2001 FCA 383
3:neutral:2001:fca:384	2001 FCA 384
3:neutral:2001:fca:39	2001 FCA 39
3:neutral:2001:fca:393	2001 FCA 393
3:neutral:2001:fca:395	2001 FCA 395
3:neutral:2001:fca:398	2001 FCA 398
3:neutral:2001:fca:4	2001 FCA 4
3:neutral:2001:fca:401	2001 FCA 401
3:neutral:2001:fca:48	2001 FCA 48
3:neutral:2001:fca:49	2001 FCA 49
3:neutral:2001:fca:58	2001 FCA 58
3:neutral:2001:fca:63	2001 FCA 63
3:neutral:2001:fca:72	2001 FCA 72
3:neutral:2001:fca:78	2001 FCA 78
3:neutral:2001:fca:80	2001 FCA 80
3:neutral:2001:fca:84	2001 FCA 84
3:neutral:2001:fca:93	2001 FCA 93
3:neutral:2001:nsca:104	2001 NSCA 104
3:neutral:2001:nsca:105	2001 NSCA 105
3:neutral:2001:nsca:111	2001 NSCA 111
3:neutral:2001:nsca:116	2001 NSCA 116
3:neutral:2001:nsca:12	2001 NSCA 12
3:neutral:2001:nsca:121	2001 NSCA 121
3:neutral:2001:nsca:132	2001 NSCA 132
3:neutral:2001:nsca:152	2001 NSCA 152
3:neutral:2001:nsca:167	2001 NSCA 167
3:neutral:2001:nsca:18	2001 NSCA 18
3:neutral:2001:nsca:2	2001 NSCA 2
3:neutral:2001:nsca:29	2001 NSCA 29
3:neutral:2001:nsca:3	2001 NSCA 3
3:neutral:2001:nsca:45	2001 NSCA 45
3:neutral:2001:nsca:47	2001 NSCA 47
3:neutral:2001:nsca:51	2001 NSCA 51
3:neutral:2001:nsca:53	2001 NSCA 53
3:neutral:2001:nsca:69	2001 NSCA 69
3:neutral:2001:nsca:71	2001 NSCA 71
3:neutral:2001:nsca:84	2001 NSCA 84
3:neutral:2001:nsca:89	2001 NSCA 89
3:neutral:2001:nsca:96	2001 NSCA 96
3:neutral:2001:nsca:99	2001 NSCA 99
3:neutral:2001:nspc:2	2001 NSPC 2
3:neutral:2001:nssc:121	2001 NSSC 121
3:neutral:2001:nssc:136	2001 NSSC 136
3:neutral:2001:nssc:14	2001 NSSC 14
3:neutral:2001:nssc:68	2001 NSSC 68
3:neutral:2001:scc:1	2001 SCC 1
3:neutral:2001:scc:10	2001 SCC 10
3:neutral:2001:scc:11	2001 SCC 11
3:neutral:2001:scc:12	2001 SCC 12
3:neutral:2001:scc:14	2001 SCC 14
3:neutral:2001:scc:16	2001 SCC 16
3:neutral:2001:scc:18	2001 SCC 18
3:neutral:2001:scc:19	2001 SCC 19
3:neutral:2001:scc:2	2001 SCC 2
3:neutral:2001:scc:21	2001 SCC 21
3:neutral:2001:scc:24	2001 SCC 24
3:neutral:2001:scc:25	2001 SCC 25
3:neutral:2001:scc:26	2001 SCC 26
3:neutral:2001:scc:29	2001 SCC 29
3:neutral:2001:scc:3	2001 SCC 3
3:neutral:2001:scc:30	2001 SCC 30
3:neutral:2001:scc:31	2001 SCC 31
3:neutral:2001:scc:32	2001 SCC 32
3:neutral:2001:scc:33	2001 SCC 33
3:neutral:2001:scc:38	2001 SCC 38
3:neutral:2001:scc:4	2001 SCC 4
3:neutral:2001:scc:40	2001 SCC 40
3:neutral:2001:scc:41	2001 SCC 41
3:neutral:2001:scc:43	2001 SCC 43
3:neutral:2001:scc:44	2001 SCC 44
3:neutral:2001:scc:46	2001 SCC 46
3:neutral:2001:scc:47	2001 SCC 47
3:neutral:2001:scc:49	2001 SCC 49
3:neutral:2001:scc:52	2001 SCC 52
3:neutral:2001:scc:54	2001 SCC 54
3:neutral:2001:scc:56	2001 SCC 56
3:neutral:2001:scc:58	2001 SCC 58
3:neutral:2001:scc:59	2001 SCC 59
3:neutral:2001:scc:60	2001 SCC 60
3:neutral:2001:scc:61	2001 SCC 61
3:neutral:2001:scc:62	2001 SCC 62
3:neutral:2001:scc:65	2001 SCC 65
3:neutral:2001:scc:68	2001 SCC 68
3:neutral:2001:scc:69	2001 SCC 69
3:neutral:2001:scc:7	2001 SCC 7
3:neutral:2001:scc:70	2001 SCC 70
3:neutral:2001:scc:71	2001 SCC 71
3:neutral:2001:scc:72	2001 SCC 72
3:neutral:2001:scc:75	2001 SCC 75
3:neutral:2001:scc:76	2001 SCC 76
3:neutral:2001:scc:77	2001 SCC 77
3:neutral:2001:scc:78	2001 SCC 78
3:neutral:2001:scc:79	2001 SCC 79
3:neutral:2001:scc:80	2001 SCC 80
3:neutral:2001:scc:81	2001 SCC 81
3:neutral:2001:scc:82	2001 SCC 82
3:neutral:2001:scc:83	2001 SCC 83
3:neutral:2001:scc:85	2001 SCC 85
3:neutral:2001:scc:86	2001 SCC 86
3:neutral:2001:scc:90	2001 SCC 90
3:neutral:2001:scc:94	2001 SCC 94
3:neutral:2001:ykca:13	2001 YKCA 13
3:neutral:2002:bcca:102	2002 BCCA 102
3:neutral:2002:bcca:103	2002 BCCA 103
3:neutral:2002:bcca:109	2002 BCCA 109
3:neutral:2002:bcca:110	2002 BCCA 110
3:neutral:2002:bcca:112	2002 BCCA 112
3:neutral:2002:bcca:118	2002 BCCA 118
3:neutral:2002:bcca:12	2002 BCCA 12
3:neutral:2002:bcca:123	2002 BCCA 123
3:neutral:2002:bcca:124	2002 BCCA 124
3:neutral:2002:bcca:127	2002 BCCA 127
3:neutral:2002:bcca:128	2002 BCCA 128
3:neutral:2002:bcca:132	2002 BCCA 132
3:neutral:2002:bcca:135	2002 BCCA 135
3:neutral:2002:bcca:138	2002 BCCA 138
3:neutral:2002:bcca:139	2002 BCCA 139
3:neutral:2002:bcca:14	2002 BCCA 14
3:neutral:2002:bcca:142	2002 BCCA 142
3:neutral:2002:bcca:145	2002 BCCA 145
3:neutral:2002:bcca:147	2002 BCCA 147
3:neutral:2002:bcca:148	2002 BCCA 148
3:neutral:2002:bcca:149	2002 BCCA 149
3:neutral:2002:bcca:151	2002 BCCA 151
3:neutral:2002:bcca:152	2002 BCCA 152
3:neutral:2002:bcca:153	2002 BCCA 153
3:neutral:2002:bcca:16	2002 BCCA 16
3:neutral:2002:bcca:160	2002 BCCA 160
3:neutral:2002:bcca:163	2002 BCCA 163
3:neutral:2002:bcca:164	2002 BCCA 164
3:neutral:2002:bcca:168	2002 BCCA 168
3:neutral:2002:bcca:17	2002 BCCA 17
3:neutral:2002:bcca:173	2002 BCCA 173
3:neutral:2002:bcca:175	2002 BCCA 175
3:neutral:2002:bcca:176	2002 BCCA 176
3:neutral:2002:bcca:177	2002 BCCA 177
3:neutral:2002:bcca:182	2002 BCCA 182
3:neutral:2002:bcca:185	2002 BCCA 185
3:neutral:2002:bcca:186	2002 BCCA 186
3:neutral:2002:bcca:187	2002 BCCA 187
3:neutral:2002:bcca:189	2002 BCCA 189
3:neutral:2002:bcca:19	2002 BCCA 19
3:neutral:2002:bcca:192	2002 BCCA 192
3:neutral:2002:bcca:202	2002 BCCA 202
3:neutral:2002:bcca:204	2002 BCCA 204
3:neutral:2002:bcca:205	2002 BCCA 205
3:neutral:2002:bcca:209	2002 BCCA 209
3:neutral:2002:bcca:214	2002 BCCA 214
3:neutral:2002:bcca:218	2002 BCCA 218
3:neutral:2002:bcca:219	2002 BCCA 219
3:neutral:2002:bcca:221	2002 BCCA 221
3:neutral:2002:bcca:224	2002 BCCA 224
3:neutral:2002:bcca:227	2002 BCCA 227
3:neutral:2002:bcca:230	2002 BCCA 230
3:neutral:2002:bcca:231	2002 BCCA 231
3:neutral:2002:bcca:234	2002 BCCA 234
3:neutral:2002:bcca:242	2002 BCCA 242
3:neutral:2002:bcca:246	2002 BCCA 246
3:neutral:2002:bcca:247	2002 BCCA 247
3:neutral:2002:bcca:248	2002 BCCA 248
3:neutral:2002:bcca:253	2002 BCCA 253
3:neutral:2002:bcca:254	2002 BCCA 254
3:neutral:2002:bcca:255	2002 BCCA 255
3:neutral:2002:bcca:257	2002 BCCA 257
3:neutral:2002:bcca:258	2002 BCCA 258
3:neutral:2002:bcca:259	2002 BCCA 259
3:neutral:2002:bcca:262	2002 BCCA 262
3:neutral:2002:bcca:265	2002 BCCA 265
3:neutral:2002:bcca:267	2002 BCCA 267
3:neutral:2002:bcca:268	2002 BCCA 268
3:neutral:2002:bcca:27	2002 BCCA 27
3:neutral:2002:bcca:271	2002 BCCA 271
3:neutral:2002:bcca:275	2002 BCCA 275
3:neutral:2002:bcca:278	2002 BCCA 278
3:neutral:2002:bcca:279	2002 BCCA 279
3:neutral:2002:bcca:281	2002 BCCA 281
3:neutral:2002:bcca:282	2002 BCCA 282
3:neutral:2002:bcca:284	2002 BCCA 284
3:neutral:2002:bcca:289	2002 BCCA 289
3:neutral:2002:bcca:290	2002 BCCA 290
3:neutral:2002:bcca:292	2002 BCCA 292
3:neutral:2002:bcca:293	2002 BCCA 293
3:neutral:2002:bcca:295	2002 BCCA 295
3:neutral:2002:bcca:300	2002 BCCA 300
3:neutral:2002:bcca:301	2002 BCCA 301
3:neutral:2002:bcca:304	2002 BCCA 304
3:neutral:2002:bcca:305	2002 BCCA 305
3:neutral:2002:bcca:309	2002 BCCA 309
3:neutral:2002:bcca:312	2002 BCCA 312
3:neutral:2002:bcca:315	2002 BCCA 315
3:neutral:2002:bcca:321	2002 BCCA 321
3:neutral:2002:bcca:323	2002 BCCA 323
3:neutral:2002:bcca:324	2002 BCCA 324
3:neutral:2002:bcca:325	2002 BCCA 325
3:neutral:2002:bcca:327	2002 BCCA 327
3:neutral:2002:bcca:33	2002 BCCA 33
3:neutral:2002:bcca:332	2002 BCCA 332
3:neutral:2002:bcca:336	2002 BCCA 336
3:neutral:2002:bcca:338	2002 BCCA 338
3:neutral:2002:bcca:339	2002 BCCA 339
3:neutral:2002:bcca:341	2002 BCCA 341
3:neutral:2002:bcca:345	2002 BCCA 345
3:neutral:2002:bcca:347	2002 BCCA 347
3:neutral:2002:bcca:351	2002 BCCA 351
3:neutral:2002:bcca:354	2002 BCCA 354
3:neutral:2002:bcca:361	2002 BCCA 361
3:neutral:2002:bcca:363	2002 BCCA 363
3:neutral:2002:bcca:365	2002 BCCA 365
3:neutral:2002:bcca:366	2002 BCCA 366
3:neutral:2002:bcca:372	2002 BCCA 372
3:neutral:2002:bcca:373	2002 BCCA 373
3:neutral:2002:bcca:376	2002 BCCA 376
3:neutral:2002:bcca:381	2002 BCCA 381
3:neutral:2002:bcca:385	2002 BCCA 385
3:neutral:2002:bcca:386	2002 BCCA 386
3:neutral:2002:bcca:387	2002 BCCA 387
3:neutral:2002:bcca:393	2002 BCCA 393
3:neutral:2002:bcca:396	2002 BCCA 396
3:neutral:2002:bcca:398	2002 BCCA 398
3:neutral:2002:bcca:400	2002 BCCA 400
3:neutral:2002:bcca:405	2002 BCCA 405
3:neutral:2002:bcca:406	2002 BCCA 406
3:neutral:2002:bcca:409	2002 BCCA 409
3:neutral:2002:bcca:410	2002 BCCA 410
3:neutral:2002:bcca:411	2002 BCCA 411
3:neutral:2002:bcca:412	2002 BCCA 412
3:neutral:2002:bcca:413	2002 BCCA 413
3:neutral:2002:bcca:416	2002 BCCA 416
3:neutral:2002:bcca:417	2002 BCCA 417
3:neutral:2002:bcca:42	2002 BCCA 42
3:neutral:2002:bcca:420	2002 BCCA 420
3:neutral:2002:bcca:421	2002 BCCA 421
3:neutral:2002:bcca:423	2002 BCCA 423
3:neutral:2002:bcca:426	2002 BCCA 426
3:neutral:2002:bcca:427	2002 BCCA 427
3:neutral:2002:bcca:428	2002 BCCA 428
3:neutral:2002:bcca:429	2002 BCCA 429
3:neutral:2002:bcca:43	2002 BCCA 43
3:neutral:2002:bcca:430	2002 BCCA 430
3:neutral:2002:bcca:433	2002 BCCA 433
3:neutral:2002:bcca:434	2002 BCCA 434
3:neutral:2002:bcca:436	2002 BCCA 436
3:neutral:2002:bcca:438	2002 BCCA 438
3:neutral:2002:bcca:44	2002 BCCA 44
3:neutral:2002:bcca:442	2002 BCCA 442
3:neutral:2002:bcca:445	2002 BCCA 445
3:neutral:2002:bcca:449	2002 BCCA 449
3:neutral:2002:bcca:451	2002 BCCA 451
3:neutral:2002:bcca:452	2002 BCCA 452
3:neutral:2002:bcca:454	2002 BCCA 454
3:neutral:2002:bcca:455	2002 BCCA 455
3:neutral:2002:bcca:46	2002 BCCA 46
3:neutral:2002:bcca:462	2002 BCCA 462
3:neutral:2002:bcca:464	2002 BCCA 464
3:neutral:2002:bcca:468	2002 BCCA 468
3:neutral:2002:bcca:469	2002 BCCA 469
3:neutral:2002:bcca:47	2002 BCCA 47
3:neutral:2002:bcca:470	2002 BCCA 470
3:neutral:2002:bcca:473	2002 BCCA 473
3:neutral:2002:bcca:474	2002 BCCA 474
3:neutral:2002:bcca:476	2002 BCCA 476
3:neutral:2002:bcca:477	2002 BCCA 477
3:neutral:2002:bcca:48	2002 BCCA 48
3:neutral:2002:bcca:483	2002 BCCA 483
3:neutral:2002:bcca:487	2002 BCCA 487
3:neutral:2002:bcca:49	2002 BCCA 49
3:neutral:2002:bcca:490	2002 BCCA 490
3:neutral:2002:bcca:495	2002 BCCA 495
3:neutral:2002:bcca:5	2002 BCCA 5
3:neutral:2002:bcca:501	2002 BCCA 501
3:neutral:2002:bcca:503	2002 BCCA 503
3:neutral:2002:bcca:506	2002 BCCA 506
3:neutral:2002:bcca:508	2002 BCCA 508
3:neutral:2002:bcca:509	2002 BCCA 509
3:neutral:2002:bcca:512	2002 BCCA 512
3:neutral:2002:bcca:513	2002 BCCA 513
3:neutral:2002:bcca:515	2002 BCCA 515
3:neutral:2002:bcca:516	2002 BCCA 516
3:neutral:2002:bcca:518	2002 BCCA 518
3:neutral:2002:bcca:523	2002 BCCA 523
3:neutral:2002:bcca:524	2002 BCCA 524
3:neutral:2002:bcca:526	2002 BCCA 526
3:neutral:2002:bcca:528	2002 BCCA 528
3:neutral:2002:bcca:53	2002 BCCA 53
3:neutral:2002:bcca:532	2002 BCCA 532
3:neutral:2002:bcca:533	2002 BCCA 533
3:neutral:2002:bcca:535	2002 BCCA 535
3:neutral:2002:bcca:536	2002 BCCA 536
3:neutral:2002:bcca:537	2002 BCCA 537
3:neutral:2002:bcca:538	2002 BCCA 538
3:neutral:2002:bcca:542	2002 BCCA 542
3:neutral:2002:bcca:55	2002 BCCA 55
3:neutral:2002:bcca:553	2002 BCCA 553
3:neutral:2002:bcca:555	2002 BCCA 555
3:neutral:2002:bcca:557	2002 BCCA 557
3:neutral:2002:bcca:56	2002 BCCA 56
3:neutral:2002:bcca:564	2002 BCCA 564
3:neutral:2002:bcca:565	2002 BCCA 565
3:neutral:2002:bcca:566	2002 BCCA 566
3:neutral:2002:bcca:572	2002 BCCA 572
3:neutral:2002:bcca:574	2002 BCCA 574
3:neutral:2002:bcca:575	2002 BCCA 575
3:neutral:2002:bcca:578	2002 BCCA 578
3:neutral:2002:bcca:582	2002 BCCA 582
3:neutral:2002:bcca:583	2002 BCCA 583
3:neutral:2002:bcca:587	2002 BCCA 587
3:neutral:2002:bcca:59	2002 BCCA 59
3:neutral:2002:bcca:590	2002 BCCA 590
3:neutral:2002:bcca:592	2002 BCCA 592
3:neutral:2002:bcca:593	2002 BCCA 593
3:neutral:2002:bcca:594	2002 BCCA 594
3:neutral:2002:bcca:6	2002 BCCA 6
3:neutral:2002:bcca:61	2002 BCCA 61
3:neutral:2002:bcca:618	2002 BCCA 618
3:neutral:2002:bcca:619	2002 BCCA 619
3:neutral:2002:bcca:62	2002 BCCA 62
3:neutral:2002:bcca:624	2002 BCCA 624
3:neutral:2002:bcca:625	2002 BCCA 625
3:neutral:2002:bcca:63	2002 BCCA 63
3:neutral:2002:bcca:631	2002 BCCA 631
3:neutral:2002:bcca:632	2002 BCCA 632
3:neutral:2002:bcca:641	2002 BCCA 641
3:neutral:2002:bcca:644	2002 BCCA 644
3:neutral:2002:bcca:647	2002 BCCA 647
3:neutral:2002:bcca:65	2002 BCCA 65
3:neutral:2002:bcca:656	2002 BCCA 656
3:neutral:2002:bcca:658	2002 BCCA 658
3:neutral:2002:bcca:66	2002 BCCA 66
3:neutral:2002:bcca:660	2002 BCCA 660
3:neutral:2002:bcca:665	2002 BCCA 665
3:neutral:2002:bcca:666	2002 BCCA 666
3:neutral:2002:bcca:667	2002 BCCA 667
3:neutral:2002:bcca:670	2002 BCCA 670
3:neutral:2002:bcca:673	2002 BCCA 673
3:neutral:2002:bcca:678	2002 BCCA 678
3:neutral:2002:bcca:685	2002 BCCA 685
3:neutral:2002:bcca:686	2002 BCCA 686
3:neutral:2002:bcca:689	2002 BCCA 689
3:neutral:2002:bcca:69	2002 BCCA 69
3:neutral:2002:bcca:694	2002 BCCA 694
3:neutral:2002:bcca:696	2002 BCCA 696
3:neutral:2002:bcca:7	2002 BCCA 7
3:neutral:2002:bcca:70	2002 BCCA 70
3:neutral:2002:bcca:703	2002 BCCA 703
3:neutral:2002:bcca:73	2002 BCCA 73
3:neutral:2002:bcca:77	2002 BCCA 77
3:neutral:2002:bcca:78	2002 BCCA 78
3:neutral:2002:bcca:8	2002 BCCA 8
3:neutral:2002:bcca:86	2002 BCCA 86
3:neutral:2002:bcca:94	2002 BCCA 94
3:neutral:2002:bcca:95	2002 BCCA 95
3:neutral:2002:bcca:97	2002 BCCA 97
3:neutral:2002:bcca:98	2002 BCCA 98
3:neutral:2002:bcca:99	2002 BCCA 99
3:neutral:2002:bcsc:1	2002 BCSC 1
3:neutral:2002:bcsc:1008	2002 BCSC 1008
3:neutral:2002:bcsc:1022	2002 BCSC 1022
3:neutral:2002:bcsc:1023	2002 BCSC 1023
3:neutral:2002:bcsc:1041	2002 BCSC 1041
3:neutral:2002:bcsc:1044	2002 BCSC 1044
3:neutral:2002:bcsc:1045	2002 BCSC 1045
3:neutral:2002:bcsc:105	2002 BCSC 105
3:neutral:2002:bcsc:1053	2002 BCSC 1053
3:neutral:2002:bcsc:1057	2002 BCSC 1057
3:neutral:2002:bcsc:1074	2002 BCSC 1074
3:neutral:2002:bcsc:1075	2002 BCSC 1075
3:neutral:2002:bcsc:1077	2002 BCSC 1077
3:neutral:2002:bcsc:11	2002 BCSC 11
3:neutral:2002:bcsc:1105	2002 BCSC 1105
3:neutral:2002:bcsc:1106	2002 BCSC 1106
3:neutral:2002:bcsc:1114	2002 BCSC 1114
3:neutral:2002:bcsc:1127	2002 BCSC 1127
3:neutral:2002:bcsc:1130	2002 BCSC 1130
3:neutral:2002:bcsc:1131	2002 BCSC 1131
3:neutral:2002:bcsc:1146	2002 BCSC 1146
3:neutral:2002:bcsc:1149	2002 BCSC 1149
3:neutral:2002:bcsc:1151	2002 BCSC 1151
3:neutral:2002:bcsc:1162	2002 BCSC 1162
3:neutral:2002:bcsc:1164	2002 BCSC 1164
3:neutral:2002:bcsc:1170	2002 BCSC 1170
3:neutral:2002:bcsc:1177	2002 BCSC 1177
3:neutral:2002:bcsc:1178	2002 BCSC 1178
3:neutral:2002:bcsc:1179	2002 BCSC 1179
3:neutral:2002:bcsc:1183	2002 BCSC 1183
3:neutral:2002:bcsc:1186	2002 BCSC 1186
3:neutral:2002:bcsc:1199	2002 BCSC 1199
3:neutral:2002:bcsc:1202	2002 BCSC 1202
3:neutral:2002:bcsc:1219	2002 BCSC 1219
3:neutral:2002:bcsc:1220	2002 BCSC 1220
3:neutral:2002:bcsc:1223	2002 BCSC 1223
3:neutral:2002:bcsc:1230	2002 BCSC 1230
3:neutral:2002:bcsc:1237	2002 BCSC 1237
3:neutral:2002:bcsc:126	2002 BCSC 126
3:neutral:2002:bcsc:1267	2002 BCSC 1267
3:neutral:2002:bcsc:1285	2002 BCSC 1285
3:neutral:2002:bcsc:1289	2002 BCSC 1289
3:neutral:2002:bcsc:129	2002 BCSC 129
3:neutral:2002:bcsc:1295	2002 BCSC 1295
3:neutral:2002:bcsc:1335	2002 BCSC 1335
3:neutral:2002:bcsc:1336	2002 BCSC 1336
3:neutral:2002:bcsc:1344	2002 BCSC 1344
3:neutral:2002:bcsc:1354	2002 BCSC 1354
3:neutral:2002:bcsc:1355	2002 BCSC 1355
3:neutral:2002:bcsc:1381	2002 BCSC 1381
3:neutral:2002:bcsc:1417	2002 BCSC 1417
3:neutral:2002:bcsc:1421	2002 BCSC 1421
3:neutral:2002:bcsc:1429	2002 BCSC 1429
3:neutral:2002:bcsc:1433	2002 BCSC 1433
3:neutral:2002:bcsc:1435	2002 BCSC 1435
3:neutral:2002:bcsc:1453	2002 BCSC 1453
3:neutral:2002:bcsc:1460	2002 BCSC 1460
3:neutral:2002:bcsc:1466	2002 BCSC 1466
3:neutral:2002:bcsc:1468	2002 BCSC 1468
3:neutral:2002:bcsc:1472	2002 BCSC 1472
3:neutral:2002:bcsc:1491	2002 BCSC 1491
3:neutral:2002:bcsc:1500	2002 BCSC 1500
3:neutral:2002:bcsc:1502	2002 BCSC 1502
3:neutral:2002:bcsc:1508	2002 BCSC 1508
3:neutral:2002:bcsc:1509	2002 BCSC 1509
3:neutral:2002:bcsc:1526	2002 BCSC 1526
3:neutral:2002:bcsc:1540	2002 BCSC 1540
3:neutral:2002:bcsc:1565	2002 BCSC 1565
3:neutral:2002:bcsc:1571	2002 BCSC 1571
3:neutral:2002:bcsc:1579	2002 BCSC 1579
3:neutral:2002:bcsc:159	2002 BCSC 159
3:neutral:2002:bcsc:1631	2002 BCSC 1631
3:neutral:2002:bcsc:1645	2002 BCSC 1645
3:neutral:2002:bcsc:1658	2002 BCSC 1658
3:neutral:2002:bcsc:1663	2002 BCSC 1663
3:neutral:2002:bcsc:1669	2002 BCSC 1669
3:neutral:2002:bcsc:169	2002 BCSC 169
3:neutral:2002:bcsc:1701	2002 BCSC 1701
3:neutral:2002:bcsc:173	2002 BCSC 173
3:neutral:2002:bcsc:1757	2002 BCSC 1757
3:neutral:2002:bcsc:1762	2002 BCSC 1762
3:neutral:2002:bcsc:1770	2002 BCSC 1770
3:neutral:2002:bcsc:1784	2002 BCSC 1784
3:neutral:2002:bcsc:1797	2002 BCSC 1797
3:neutral:2002:bcsc:1806	2002 BCSC 1806
3:neutral:2002:bcsc:1852	2002 BCSC 1852
3:neutral:2002:bcsc:1874	2002 BCSC 1874
3:neutral:2002:bcsc:199	2002 BCSC 199
3:neutral:2002:bcsc:20	2002 BCSC 20
3:neutral:2002:bcsc:200	2002 BCSC 200
3:neutral:2002:bcsc:21	2002 BCSC 21
3:neutral:2002:bcsc:219	2002 BCSC 219
3:neutral:2002:bcsc:238	2002 BCSC 238
3:neutral:2002:bcsc:246	2002 BCSC 246
3:neutral:2002:bcsc:250	2002 BCSC 250
3:neutral:2002:bcsc:268	2002 BCSC 268
3:neutral:2002:bcsc:272	2002 BCSC 272
3:neutral:2002:bcsc:299	2002 BCSC 299
3:neutral:2002:bcsc:316	2002 BCSC 316
3:neutral:2002:bcsc:343	2002 BCSC 343
3:neutral:2002:bcsc:381	2002 BCSC 381
3:neutral:2002:bcsc:396	2002 BCSC 396
3:neutral:2002:bcsc:402	2002 BCSC 402
3:neutral:2002:bcsc:405	2002 BCSC 405
3:neutral:2002:bcsc:408	2002 BCSC 408
3:neutral:2002:bcsc:415	2002 BCSC 415
3:neutral:2002:bcsc:421	2002 BCSC 421
3:neutral:2002:bcsc:426	2002 BCSC 426
3:neutral:2002:bcsc:435	2002 BCSC 435
3:neutral:2002:bcsc:442	2002 BCSC 442
3:neutral:2002:bcsc:446	2002 BCSC 446
3:neutral:2002:bcsc:475	2002 BCSC 475
3:neutral:2002:bcsc:481	2002 BCSC 481
3:neutral:2002:bcsc:488	2002 BCSC 488
3:neutral:2002:bcsc:495	2002 BCSC 495
3:neutral:2002:bcsc:511	2002 BCSC 511
3:neutral:2002:bcsc:529	2002 BCSC 529
3:neutral:2002:bcsc:536	2002 BCSC 536
3:neutral:2002:bcsc:545	2002 BCSC 545
3:neutral:2002:bcsc:570	2002 BCSC 570
3:neutral:2002:bcsc:58	2002 BCSC 58
3:neutral:2002:bcsc:590	2002 BCSC 590
3:neutral:2002:bcsc:597	2002 BCSC 597
3:neutral:2002:bcsc:599	2002 BCSC 599
3:neutral:2002:bcsc:61	2002 BCSC 61
3:neutral:2002:bcsc:624	2002 BCSC 624
3:neutral:2002:bcsc:667	2002 BCSC 667
3:neutral:2002:bcsc:67	2002 BCSC 67
3:neutral:2002:bcsc:678	2002 BCSC 678
3:neutral:2002:bcsc:681	2002 BCSC 681
3:neutral:2002:bcsc:689	2002 BCSC 689
3:neutral:2002:bcsc:719	2002 BCSC 719
3:neutral:2002:bcsc:73	2002 BCSC 73
3:neutral:2002:bcsc:747	2002 BCSC 747
3:neutral:2002:bcsc:748	2002 BCSC 748
3:neutral:2002:bcsc:755	2002 BCSC 755
3:neutral:2002:bcsc:759	2002 BCSC 759
3:neutral:2002:bcsc:767	2002 BCSC 767
3:neutral:2002:bcsc:773	2002 BCSC 773
3:neutral:2002:bcsc:774	2002 BCSC 774
3:neutral:2002:bcsc:780	2002 BCSC 780
3:neutral:2002:bcsc:783	2002 BCSC 783
3:neutral:2002:bcsc:790	2002 BCSC 790
3:neutral:2002:bcsc:808	2002 BCSC 808
3:neutral:2002:bcsc:820	2002 BCSC 820
3:neutral:2002:bcsc:826	2002 BCSC 826
3:neutral:2002:bcsc:855	2002 BCSC 855
3:neutral:2002:bcsc:858	2002 BCSC 858
3:neutral:2002:bcsc:86	2002 BCSC 86
3:neutral:2002:bcsc:862	2002 BCSC 862
3:neutral:2002:bcsc:887	2002 BCSC 887
3:neutral:2002:bcsc:89	2002 BCSC 89
3:neutral:2002:bcsc:900	2002 BCSC 900
3:neutral:2002:bcsc:903	2002 BCSC 903
3:neutral:2002:bcsc:906	2002 BCSC 906
3:neutral:2002:bcsc:920	2002 BCSC 920
3:neutral:2002:bcsc:929	2002 BCSC 929
3:neutral:2002:bcsc:947	2002 BCSC 947
3:neutral:2002:bcsc:951	2002 BCSC 951
3:neutral:2002:bcsc:988	2002 BCSC 988
3:neutral:2002:cact:16	2002 Comp Trib 16
3:neutral:2002:cmac:11	2002 CMAC 11
3:neutral:2002:cmac:6	2002 CMAC 6
3:neutral:2002:fc:1	2002 FCT 1
3:neutral:2002:fc:1007	2002 FCT 1007
3:neutral:2002:fc:1026	2002 FCT 1026
3:neutral:2002:fc:1037	2002 FCT 1037
3:neutral:2002:fc:1042	2002 FCT 1042
3:neutral:2002:fc:1043	2002 FCT 1043
3:neutral:2002:fc:1067	2002 FCT 1067
3:neutral:2002:fc:107	2002 FCT 107
3:neutral:2002:fc:113	2002 FCT 113
3:neutral:2002:fc:1131	2002 FCT 1131
3:neutral:2002:fc:1138	2002 FCT 1138
3:neutral:2002:fc:1143	2002 FCT 1143
3:neutral:2002:fc:1154	2002 FCT 1154
3:neutral:2002:fc:1155	2002 FCT 1155
3:neutral:2002:fc:1171	2002 FCT 1171
3:neutral:2002:fc:1174	2002 FCT 1174
3:neutral:2002:fc:119	2002 FCT 119
3:neutral:2002:fc:1205	2002 FCT 1205
3:neutral:2002:fc:1217	2002 FCT 1217
3:neutral:2002:fc:1230	2002 FCT 1230
3:neutral:2002:fc:1233	2002 FCT 1233
3:neutral:2002:fc:1235	2002 FCT 1235
3:neutral:2002:fc:1246	2002 FCT 1246
3:neutral:2002:fc:1247	2002 FCT 1247
3:neutral:2002:fc:1248	2002 FCT 1248
3:neutral:2002:fc:1257	2002 FCT 1257
3:neutral:2002:fc:1259	2002 FCT 1259
3:neutral:2002:fc:1262	2002 FCT 1262
3:neutral:2002:fc:1268	2002 FCT 1268
3:neutral:2002:fc:1271	2002 FCT 1271
3:neutral:2002:fc:1291	2002 FCT 1291
3:neutral:2002:fc:1293	2002 FCT 1293
3:neutral:2002:fc:1299	2002 FCT 1299
3:neutral:2002:fc:1312	2002 FCT 1312
3:neutral:2002:fc:136	2002 FCT 136
3:neutral:2002:fc:137	2002 FCT 137
3:neutral:2002:fc:149	2002 FCT 149
3:neutral:2002:fc:164	2002 FCT 164
3:neutral:2002:fc:195	2002 FCT 195
3:neutral:2002:fc:2010	2002 FCT 2010
3:neutral:2002:fc:225	2002 FCT 225
3:neutral:2002:fc:226	2002 FCT 226
3:neutral:2002:fc:236	2002 FCT 236
3:neutral:2002:fc:243	2002 FCT 243
3:neutral:2002:fc:260	2002 FCT 260
3:neutral:2002:fc:266	2002 FCT 266
3:neutral:2002:fc:268	2002 FCT 268
3:neutral:2002:fc:28	2002 FCT 28
3:neutral:2002:fc:334	2002 FCT 334
3:neutral:2002:fc:335	2002 FCT 335
3:neutral:2002:fc:337	2002 FCT 337
3:neutral:2002:fc:346	2002 FCT 346
3:neutral:2002:fc:356	2002 FCT 356
3:neutral:2002:fc:364	2002 FCT 364
3:neutral:2002:fc:384	2002 FCT 384
3:neutral:2002:fc:389	2002 FCT 389
3:neutral:2002:fc:401	2002 FCT 401
3:neutral:2002:fc:410	2002 FCT 410
3:neutral:2002:fc:439	2002 FCT 439
3:neutral:2002:fc:458	2002 FCT 458
3:neutral:2002:fc:466	2002 FCT 466
3:neutral:2002:fc:471	2002 FCT 471
3:neutral:2002:fc:48	2002 FCT 48
3:neutral:2002:fc:480	2002 FCT 480
3:neutral:2002:fc:486	2002 FCT 486
3:neutral:2002:fc:539	2002 FCT 539
3:neutral:2002:fc:540	2002 FCT 540
3:neutral:2002:fc:567	2002 FCT 567
3:neutral:2002:fc:58	2002 FCT 58
3:neutral:2002:fc:582	2002 FCT 582
3:neutral:2002:fc:613	2002 FCT 613
3:neutral:2002:fc:615	2002 FCT 615
3:neutral:2002:fc:625	2002 FCT 625
3:neutral:2002:fc:626	2002 FCT 626
3:neutral:2002:fc:634	2002 FCT 634
3:neutral:2002:fc:638	2002 FCT 638
3:neutral:2002:fc:655	2002 FCT 655
3:neutral:2002:fc:656	2002 FCT 656
3:neutral:2002:fc:666	2002 FCT 666
3:neutral:2002:fc:70	2002 FCT 70
3:neutral:2002:fc:700	2002 FCT 700
3:neutral:2002:fc:707	2002 FCT 707
3:neutral:2002:fc:741	2002 FCT 741
3:neutral:2002:fc:753	2002 FCT 753
3:neutral:2002:fc:777	2002 FCT 777
3:neutral:2002:fc:80	2002 FCT 80
3:neutral:2002:fc:809	2002 FCT 809
3:neutral:2002:fc:822	2002 FCT 822
3:neutral:2002:fc:824	2002 FCT 824
3:neutral:2002:fc:829	2002 FCT 829
3:neutral:2002:fc:833	2002 FCT 833
3:neutral:2002:fc:834	2002 FCT 834
3:neutral:2002:fc:839	2002 FCT 839
3:neutral:2002:fc:866	2002 FCT 866
3:neutral:2002:fc:887	2002 FCT 887
3:neutral:2002:fc:918	2002 FCT 918
3:neutral:2002:fc:927	2002 FCT 927
3:neutral:2002:fc:939	2002 FCT 939
3:neutral:2002:fc:96	2002 FCT 96
3:neutral:2002:fc:971	2002 FCT 971
3:neutral:2002:fc:995	2002 FCT 995
3:neutral:2002:fca:103	2002 FCA 103
3:neutral:2002:fca:105	2002 FCA 105
3:neutral:2002:fca:107	2002 FCA 107
3:neutral:2002:fca:121	2002 FCA 121
3:neutral:2002:fca:123	2002 FCA 123
3:neutral:2002:fca:125	2002 FCA 125
3:neutral:2002:fca:130	2002 FCA 130
3:neutral:2002:fca:144	2002 FCA 144
3:neutral:2002:fca:145	2002 FCA 145
3:neutral:2002:fca:147	2002 FCA 147
3:neutral:2002:fca:148	2002 FCA 148
3:neutral:2002:fca:154	2002 FCA 154
3:neutral:2002:fca:158	2002 FCA 158
3:neutral:2002:fca:165	2002 FCA 165
3:neutral:2002:fca:171	2002 FCA 171
3:neutral:2002:fca:172	2002 FCA 172
3:neutral:2002:fca:187	2002 FCA 187
3:neutral:2002:fca:194	2002 FCA 194
3:neutral:2002:fca:206	2002 FCA 206
3:neutral:2002:fca:209	2002 FCA 209
3:neutral:2002:fca:211	2002 FCA 211
3:neutral:2002:fca:216	2002 FCA 216
3:neutral:2002:fca:218	2002 FCA 218
3:neutral:2002:fca:228	2002 FCA 228
3:neutral:2002:fca:229	2002 FCA 229
3:neutral:2002:fca:23	2002 FCA 23
3:neutral:2002:fca:231	2002 FCA 231
3:neutral:2002:fca:239	2002 FCA 239
3:neutral:2002:fca:247	2002 FCA 247
3:neutral:2002:fca:249	2002 FCA 249
3:neutral:2002:fca:258	2002 FCA 258
3:neutral:2002:fca:260	2002 FCA 260
3:neutral:2002:fca:282	2002 FCA 282
3:neutral:2002:fca:284	2002 FCA 284
3:neutral:2002:fca:288	2002 FCA 288
3:neutral:2002:fca:289	2002 FCA 289
3:neutral:2002:fca:29	2002 FCA 29
3:neutral:2002:fca:291	2002 FCA 291
3:neutral:2002:fca:293	2002 FCA 293
3:neutral:2002:fca:294	2002 FCA 294
3:neutral:2002:fca:295	2002 FCA 295
3:neutral:2002:fca:298	2002 FCA 298
3:neutral:2002:fca:299	2002 FCA 299
3:neutral:2002:fca:30	2002 FCA 30
3:neutral:2002:fca:306	2002 FCA 306
3:neutral:2002:fca:307	2002 FCA 307
3:neutral:2002:fca:31	2002 FCA 31
3:neutral:2002:fca:32	2002 FCA 32
3:neutral:2002:fca:323	2002 FCA 323
3:neutral:2002:fca:330	2002 FCA 330
3:neutral:2002:fca:336	2002 FCA 336
3:neutral:2002:fca:346	2002 FCA 346
3:neutral:2002:fca:356	2002 FCA 356
3:neutral:2002:fca:370	2002 FCA 370
3:neutral:2002:fca:374	2002 FCA 374
3:neutral:2002:fca:384	2002 FCA 384
3:neutral:2002:fca:388	2002 FCA 388
3:neutral:2002:fca:391	2002 FCA 391
3:neutral:2002:fca:393	2002 FCA 393
3:neutral:2002:fca:4	2002 FCA 4
3:neutral:2002:fca:407	2002 FCA 407
3:neutral:2002:fca:408	2002 FCA 408
3:neutral:2002:fca:414	2002 FCA 414
3:neutral:2002:fca:417	2002 FCA 417
3:neutral:2002:fca:420	2002 FCA 420
3:neutral:2002:fca:421	2002 FCA 421
3:neutral:2002:fca:423	2002 FCA 423
3:neutral:2002:fca:440	2002 FCA 440
3:neutral:2002:fca:449	2002 FCA 449
3:neutral:2002:fca:454	2002 FCA 454
3:neutral:2002:fca:455	2002 FCA 455
3:neutral:2002:fca:46	2002 FCA 46
3:neutral:2002:fca:461	2002 FCA 461
3:neutral:2002:fca:465	2002 FCA 465
3:neutral:2002:fca:47	2002 FCA 47
3:neutral:2002:fca:470	2002 FCA 470
3:neutral:2002:fca:475	2002 FCA 475
3:neutral:2002:fca:476	2002 FCA 476
3:neutral:2002:fca:479	2002 FCA 479
3:neutral:2002:fca:496	2002 FCA 496
3:neutral:2002:fca:498	2002 FCA 498
3:neutral:2002:fca:499	2002 FCA 499
3:neutral:2002:fca:503	2002 FCA 503
3:neutral:2002:fca:509	2002 FCA 509
3:neutral:2002:fca:517	2002 FCA 517
3:neutral:2002:fca:520	2002 FCA 520
3:neutral:2002:fca:55	2002 FCA 55
3:neutral:2002:fca:60	2002 FCA 60
3:neutral:2002:fca:72	2002 FCA 72
3:neutral:2002:fca:75	2002 FCA 75
3:neutral:2002:fca:89	2002 FCA 89
3:neutral:2002:fca:96	2002 FCA 96
3:neutral:2002:fca:98	2002 FCA 98
3:neutral:2002:nsca:101	2002 NSCA 101
3:neutral:2002:nsca:104	2002 NSCA 104
3:neutral:2002:nsca:11	2002 NSCA 11
3:neutral:2002:nsca:119	2002 NSCA 119
3:neutral:2002:nsca:12	2002 NSCA 12
3:neutral:2002:nsca:123	2002 NSCA 123
3:neutral:2002:nsca:124	2002 NSCA 124
3:neutral:2002:nsca:127	2002 NSCA 127
3:neutral:2002:nsca:128	2002 NSCA 128
3:neutral:2002:nsca:138	2002 NSCA 138
3:neutral:2002:nsca:140	2002 NSCA 140
3:neutral:2002:nsca:153	2002 NSCA 153
3:neutral:2002:nsca:166	2002 NSCA 166
3:neutral:2002:nsca:23	2002 NSCA 23
3:neutral:2002:nsca:33	2002 NSCA 33
3:neutral:2002:nsca:35	2002 NSCA 35
3:neutral:2002:nsca:39	2002 NSCA 39
3:neutral:2002:nsca:47	2002 NSCA 47
3:neutral:2002:nsca:5	2002 NSCA 5
3:neutral:2002:nsca:50	2002 NSCA 50
3:neutral:2002:nsca:52	2002 NSCA 52
3:neutral:2002:nsca:58	2002 NSCA 58
3:neutral:2002:nsca:62	2002 NSCA 62
3:neutral:2002:nsca:76	2002 NSCA 76
3:neutral:2002:nsca:81	2002 NSCA 81
3:neutral:2002:nspc:26	2002 NSPC 26
3:neutral:2002:nspc:7	2002 NSPC 7
3:neutral:2002:nssc:159	2002 NSSC 159
3:neutral:2002:nssc:189	2002 NSSC 189
3:neutral:2002:nssc:204	2002 NSSC 204
3:neutral:2002:nssc:207	2002 NSSC 207
3:neutral:2002:nssc:217	2002 NSSC 217
3:neutral:2002:nssc:221	2002 NSSC 221
3:neutral:2002:nssc:242	2002 NSSC 242
3:neutral:2002:nssc:244	2002 NSSC 244
3:neutral:2002:nssc:248	2002 NSSC 248
3:neutral:2002:nssc:283	2002 NSSC 283
3:neutral:2002:nssc:62	2002 NSSC 62
3:neutral:2002:nssf:13	2002 NSSF 13
3:neutral:2002:nssf:19	2002 NSSF 19
3:neutral:2002:nssf:50	2002 NSSF 50
3:neutral:2002:scc:1	2002 SCC 1
3:neutral:2002:scc:10	2002 SCC 10
3:neutral:2002:scc:11	2002 SCC 11
3:neutral:2002:scc:12	2002 SCC 12
3:neutral:2002:scc:14	2002 SCC 14
3:neutral:2002:scc:15	2002 SCC 15
3:neutral:2002:scc:16	2002 SCC 16
3:neutral:2002:scc:18	2002 SCC 18
3:neutral:2002:scc:19	2002 SCC 19
3:neutral:2002:scc:23	2002 SCC 23
3:neutral:2002:scc:25	2002 SCC 25
3:neutral:2002:scc:26	2002 SCC 26
3:neutral:2002:scc:27	2002 SCC 27
3:neutral:2002:scc:28	2002 SCC 28
3:neutral:2002:scc:29	2002 SCC 29
3:neutral:2002:scc:3	2002 SCC 3
3:neutral:2002:scc:30	2002 SCC 30
3:neutral:2002:scc:32	2002 SCC 32
3:neutral:2002:scc:33	2002 SCC 33
3:neutral:2002:scc:34	2002 SCC 34
3:neutral:2002:scc:39	2002 SCC 39
3:neutral:2002:scc:40	2002 SCC 40
3:neutral:2002:scc:41	2002 SCC 41
3:neutral:2002:scc:42	2002 SCC 42
3:neutral:2002:scc:43	2002 SCC 43
3:neutral:2002:scc:46	2002 SCC 46
3:neutral:2002:scc:5	2002 SCC 5
3:neutral:2002:scc:51	2002 SCC 51
3:neutral:2002:scc:52	2002 SCC 52
3:neutral:2002:scc:53	2002 SCC 53
3:neutral:2002:scc:56	2002 SCC 56
3:neutral:2002:scc:58	2002 SCC 58
3:neutral:2002:scc:61	2002 SCC 61
3:neutral:2002:scc:63	2002 SCC 63
3:neutral:2002:scc:64	2002 SCC 64
3:neutral:2002:scc:65	2002 SCC 65
3:neutral:2002:scc:67	2002 SCC 67
3:neutral:2002:scc:68	2002 SCC 68
3:neutral:2002:scc:7	2002 SCC 7
3:neutral:2002:scc:70	2002 SCC 70
3:neutral:2002:scc:72	2002 SCC 72
3:neutral:2002:scc:73	2002 SCC 73
3:neutral:2002:scc:77	2002 SCC 77
3:neutral:2002:scc:78	2002 SCC 78
3:neutral:2002:scc:79	2002 SCC 79
3:neutral:2002:scc:8	2002 SCC 8
3:neutral:2002:scc:81	2002 SCC 81
3:neutral:2002:scc:83	2002 SCC 83
3:neutral:2002:scc:84	2002 SCC 84
3:neutral:2002:scc:85	2002 SCC 85
3:neutral:2002:scc:86	2002 SCC 86
3:neutral:2002:scc:9	2002 SCC 9
3:neutral:2002:ykca:2	2002 YKCA 2
3:neutral:2002:ykca:6	2002 YKCA 6
3:neutral:2003:bcca:100	2003 BCCA 100
3:neutral:2003:bcca:101	2003 BCCA 101
3:neutral:2003:bcca:102	2003 BCCA 102
3:neutral:2003:bcca:106	2003 BCCA 106
3:neutral:2003:bcca:108	2003 BCCA 108
3:neutral:2003:bcca:11	2003 BCCA 11
3:neutral:2003:bcca:116	2003 BCCA 116
3:neutral:2003:bcca:120	2003 BCCA 120
3:neutral:2003:bcca:121	2003 BCCA 121
3:neutral:2003:bcca:124	2003 BCCA 124
3:neutral:2003:bcca:126	2003 BCCA 126
3:neutral:2003:bcca:131	2003 BCCA 131
3:neutral:2003:bcca:132	2003 BCCA 132
3:neutral:2003:bcca:134	2003 BCCA 134
3:neutral:2003:bcca:138	2003 BCCA 138
3:neutral:2003:bcca:146	2003 BCCA 146
3:neutral:2003:bcca:147	2003 BCCA 147
3:neutral:2003:bcca:149	2003 BCCA 149
3:neutral:2003:bcca:157	2003 BCCA 157
3:neutral:2003:bcca:162	2003 BCCA 162
3:neutral:2003:bcca:168	2003 BCCA 168
3:neutral:2003:bcca:169	2003 BCCA 169
3:neutral:2003:bcca:171	2003 BCCA 171
3:neutral:2003:bcca:174	2003 BCCA 174
3:neutral:2003:bcca:177	2003 BCCA 177
3:neutral:2003:bcca:18	2003 BCCA 18
3:neutral:2003:bcca:180	2003 BCCA 180
3:neutral:2003:bcca:183	2003 BCCA 183
3:neutral:2003:bcca:184	2003 BCCA 184
3:neutral:2003:bcca:187	2003 BCCA 187
3:neutral:2003:bcca:193	2003 BCCA 193
3:neutral:2003:bcca:197	2003 BCCA 197
3:neutral:2003:bcca:199	2003 BCCA 199
3:neutral:2003:bcca:2	2003 BCCA 2
3:neutral:2003:bcca:20	2003 BCCA 20
3:neutral:2003:bcca:206	2003 BCCA 206
3:neutral:2003:bcca:207	2003 BCCA 207
3:neutral:2003:bcca:209	2003 BCCA 209
3:neutral:2003:bcca:21	2003 BCCA 21
3:neutral:2003:bcca:216	2003 BCCA 216
3:neutral:2003:bcca:22	2003 BCCA 22
3:neutral:2003:bcca:220	2003 BCCA 220
3:neutral:2003:bcca:224	2003 BCCA 224
3:neutral:2003:bcca:225	2003 BCCA 225
3:neutral:2003:bcca:226	2003 BCCA 226
3:neutral:2003:bcca:227	2003 BCCA 227
3:neutral:2003:bcca:229	2003 BCCA 229
3:neutral:2003:bcca:23	2003 BCCA 23
3:neutral:2003:bcca:232	2003 BCCA 232
3:neutral:2003:bcca:236	2003 BCCA 236
3:neutral:2003:bcca:239	2003 BCCA 239
3:neutral:2003:bcca:242	2003 BCCA 242
3:neutral:2003:bcca:244	2003 BCCA 244
3:neutral:2003:bcca:248	2003 BCCA 248
3:neutral:2003:bcca:250	2003 BCCA 250
3:neutral:2003:bcca:251	2003 BCCA 251
3:neutral:2003:bcca:252	2003 BCCA 252
3:neutral:2003:bcca:257	2003 BCCA 257
3:neutral:2003:bcca:259	2003 BCCA 259
3:neutral:2003:bcca:262	2003 BCCA 262
3:neutral:2003:bcca:264	2003 BCCA 264
3:neutral:2003:bcca:266	2003 BCCA 266
3:neutral:2003:bcca:267	2003 BCCA 267
3:neutral:2003:bcca:268	2003 BCCA 268
3:neutral:2003:bcca:269	2003 BCCA 269
3:neutral:2003:bcca:27	2003 BCCA 27
3:neutral:2003:bcca:270	2003 BCCA 270
3:neutral:2003:bcca:275	2003 BCCA 275
3:neutral:2003:bcca:278	2003 BCCA 278
3:neutral:2003:bcca:279	2003 BCCA 279
3:neutral:2003:bcca:28	2003 BCCA 28
3:neutral:2003:bcca:289	2003 BCCA 289
3:neutral:2003:bcca:291	2003 BCCA 291
3:neutral:2003:bcca:294	2003 BCCA 294
3:neutral:2003:bcca:297	2003 BCCA 297
3:neutral:2003:bcca:298	2003 BCCA 298
3:neutral:2003:bcca:300	2003 BCCA 300
3:neutral:2003:bcca:305	2003 BCCA 305
3:neutral:2003:bcca:306	2003 BCCA 306
3:neutral:2003:bcca:31	2003 BCCA 31
3:neutral:2003:bcca:313	2003 BCCA 313
3:neutral:2003:bcca:315	2003 BCCA 315
3:neutral:2003:bcca:316	2003 BCCA 316
3:neutral:2003:bcca:317	2003 BCCA 317
3:neutral:2003:bcca:322	2003 BCCA 322
3:neutral:2003:bcca:323	2003 BCCA 323
3:neutral:2003:bcca:324	2003 BCCA 324
3:neutral:2003:bcca:325	2003 BCCA 325
3:neutral:2003:bcca:337	2003 BCCA 337
3:neutral:2003:bcca:338	2003 BCCA 338
3:neutral:2003:bcca:339	2003 BCCA 339
3:neutral:2003:bcca:340	2003 BCCA 340
3:neutral:2003:bcca:341	2003 BCCA 341
3:neutral:2003:bcca:342	2003 BCCA 342
3:neutral:2003:bcca:344	2003 BCCA 344
3:neutral:2003:bcca:345	2003 BCCA 345
3:neutral:2003:bcca:347	2003 BCCA 347
3:neutral:2003:bcca:349	2003 BCCA 349
3:neutral:2003:bcca:353	2003 BCCA 353
3:neutral:2003:bcca:355	2003 BCCA 355
3:neutral:2003:bcca:359	2003 BCCA 359
3:neutral:2003:bcca:364	2003 BCCA 364
3:neutral:2003:bcca:366	2003 BCCA 366
3:neutral:2003:bcca:367	2003 BCCA 367
3:neutral:2003:bcca:369	2003 BCCA 369
3:neutral:2003:bcca:37	2003 BCCA 37
3:neutral:2003:bcca:371	2003 BCCA 371
3:neutral:2003:bcca:372	2003 BCCA 372
3:neutral:2003:bcca:374	2003 BCCA 374
3:neutral:2003:bcca:375	2003 BCCA 375
3:neutral:2003:bcca:376	2003 BCCA 376
3:neutral:2003:bcca:379	2003 BCCA 379
3:neutral:2003:bcca:387	2003 BCCA 387
3:neutral:2003:bcca:388	2003 BCCA 388
3:neutral:2003:bcca:39	2003 BCCA 39
3:neutral:2003:bcca:392	2003 BCCA 392
3:neutral:2003:bcca:395	2003 BCCA 395
3:neutral:2003:bcca:397	2003 BCCA 397
3:neutral:2003:bcca:399	2003 BCCA 399
3:neutral:2003:bcca:404	2003 BCCA 404
3:neutral:2003:bcca:408	2003 BCCA 408
3:neutral:2003:bcca:409	2003 BCCA 409
3:neutral:2003:bcca:411	2003 BCCA 411
3:neutral:2003:bcca:412	2003 BCCA 412
3:neutral:2003:bcca:413	2003 BCCA 413
3:neutral:2003:bcca:417	2003 BCCA 417
3:neutral:2003:bcca:419	2003 BCCA 419
3:neutral:2003:bcca:42	2003 BCCA 42
3:neutral:2003:bcca:420	2003 BCCA 420
3:neutral:2003:bcca:426	2003 BCCA 426
3:neutral:2003:bcca:43	2003 BCCA 43
3:neutral:2003:bcca:431	2003 BCCA 431
3:neutral:2003:bcca:434	2003 BCCA 434
3:neutral:2003:bcca:436	2003 BCCA 436
3:neutral:2003:bcca:437	2003 BCCA 437
3:neutral:2003:bcca:440	2003 BCCA 440
3:neutral:2003:bcca:443	2003 BCCA 443
3:neutral:2003:bcca:444	2003 BCCA 444
3:neutral:2003:bcca:445	2003 BCCA 445
3:neutral:2003:bcca:448	2003 BCCA 448
3:neutral:2003:bcca:449	2003 BCCA 449
3:neutral:2003:bcca:452	2003 BCCA 452
3:neutral:2003:bcca:455	2003 BCCA 455
3:neutral:2003:bcca:457	2003 BCCA 457
3:neutral:2003:bcca:458	2003 BCCA 458
3:neutral:2003:bcca:46	2003 BCCA 46
3:neutral:2003:bcca:463	2003 BCCA 463
3:neutral:2003:bcca:47	2003 BCCA 47
3:neutral:2003:bcca:470	2003 BCCA 470
3:neutral:2003:bcca:476	2003 BCCA 476
3:neutral:2003:bcca:477	2003 BCCA 477
3:neutral:2003:bcca:48	2003 BCCA 48
3:neutral:2003:bcca:480	2003 BCCA 480
3:neutral:2003:bcca:483	2003 BCCA 483
3:neutral:2003:bcca:484	2003 BCCA 484
3:neutral:2003:bcca:485	2003 BCCA 485
3:neutral:2003:bcca:487	2003 BCCA 487
3:neutral:2003:bcca:49	2003 BCCA 49
3:neutral:2003:bcca:490	2003 BCCA 490
3:neutral:2003:bcca:497	2003 BCCA 497
3:neutral:2003:bcca:5	2003 BCCA 5
3:neutral:2003:bcca:50	2003 BCCA 50
3:neutral:2003:bcca:502	2003 BCCA 502
3:neutral:2003:bcca:503	2003 BCCA 503
3:neutral:2003:bcca:506	2003 BCCA 506
3:neutral:2003:bcca:508	2003 BCCA 508
3:neutral:2003:bcca:51	2003 BCCA 51
3:neutral:2003:bcca:517	2003 BCCA 517
3:neutral:2003:bcca:52	2003 BCCA 52
3:neutral:2003:bcca:522	2003 BCCA 522
3:neutral:2003:bcca:527	2003 BCCA 527
3:neutral:2003:bcca:534	2003 BCCA 534
3:neutral:2003:bcca:536	2003 BCCA 536
3:neutral:2003:bcca:537	2003 BCCA 537
3:neutral:2003:bcca:54	2003 BCCA 54
3:neutral:2003:bcca:542	2003 BCCA 542
3:neutral:2003:bcca:546	2003 BCCA 546
3:neutral:2003:bcca:55	2003 BCCA 55
3:neutral:2003:bcca:551	2003 BCCA 551
3:neutral:2003:bcca:552	2003 BCCA 552
3:neutral:2003:bcca:555	2003 BCCA 555
3:neutral:2003:bcca:556	2003 BCCA 556
3:neutral:2003:bcca:56	2003 BCCA 56
3:neutral:2003:bcca:563	2003 BCCA 563
3:neutral:2003:bcca:565	2003 BCCA 565
3:neutral:2003:bcca:579	2003 BCCA 579
3:neutral:2003:bcca:580	2003 BCCA 580
3:neutral:2003:bcca:581	2003 BCCA 581
3:neutral:2003:bcca:582	2003 BCCA 582
3:neutral:2003:bcca:584	2003 BCCA 584
3:neutral:2003:bcca:589	2003 BCCA 589
3:neutral:2003:bcca:590	2003 BCCA 590
3:neutral:2003:bcca:591	2003 BCCA 591
3:neutral:2003:bcca:593	2003 BCCA 593
3:neutral:2003:bcca:597	2003 BCCA 597
3:neutral:2003:bcca:598	2003 BCCA 598
3:neutral:2003:bcca:599	2003 BCCA 599
3:neutral:2003:bcca:600	2003 BCCA 600
3:neutral:2003:bcca:605	2003 BCCA 605
3:neutral:2003:bcca:606	2003 BCCA 606
3:neutral:2003:bcca:607	2003 BCCA 607
3:neutral:2003:bcca:608	2003 BCCA 608
3:neutral:2003:bcca:609	2003 BCCA 609
3:neutral:2003:bcca:610	2003 BCCA 610
3:neutral:2003:bcca:613	2003 BCCA 613
3:neutral:2003:bcca:614	2003 BCCA 614
3:neutral:2003:bcca:621	2003 BCCA 621
3:neutral:2003:bcca:623	2003 BCCA 623
3:neutral:2003:bcca:629	2003 BCCA 629
3:neutral:2003:bcca:632	2003 BCCA 632
3:neutral:2003:bcca:635	2003 BCCA 635
3:neutral:2003:bcca:637	2003 BCCA 637
3:neutral:2003:bcca:639	2003 BCCA 639
3:neutral:2003:bcca:640	2003 BCCA 640
3:neutral:2003:bcca:644	2003 BCCA 644
3:neutral:2003:bcca:645	2003 BCCA 645
3:neutral:2003:bcca:646	2003 BCCA 646
3:neutral:2003:bcca:650	2003 BCCA 650
3:neutral:2003:bcca:651	2003 BCCA 651
3:neutral:2003:bcca:652	2003 BCCA 652
3:neutral:2003:bcca:658	2003 BCCA 658
3:neutral:2003:bcca:659	2003 BCCA 659
3:neutral:2003:bcca:66	2003 BCCA 66
3:neutral:2003:bcca:663	2003 BCCA 663
3:neutral:2003:bcca:664	2003 BCCA 664
3:neutral:2003:bcca:665	2003 BCCA 665
3:neutral:2003:bcca:666	2003 BCCA 666
3:neutral:2003:bcca:667	2003 BCCA 667
3:neutral:2003:bcca:669	2003 BCCA 669
3:neutral:2003:bcca:670	2003 BCCA 670
3:neutral:2003:bcca:671	2003 BCCA 671
3:neutral:2003:bcca:672	2003 BCCA 672
3:neutral:2003:bcca:673	2003 BCCA 673
3:neutral:2003:bcca:677	2003 BCCA 677
3:neutral:2003:bcca:678	2003 BCCA 678
3:neutral:2003:bcca:679	2003 BCCA 679
3:neutral:2003:bcca:68	2003 BCCA 68
3:neutral:2003:bcca:685	2003 BCCA 685
3:neutral:2003:bcca:688	2003 BCCA 688
3:neutral:2003:bcca:69	2003 BCCA 69
3:neutral:2003:bcca:690	2003 BCCA 690
3:neutral:2003:bcca:693	2003 BCCA 693
3:neutral:2003:bcca:696	2003 BCCA 696
3:neutral:2003:bcca:698	2003 BCCA 698
3:neutral:2003:bcca:699	2003 BCCA 699
3:neutral:2003:bcca:7	2003 BCCA 7
3:neutral:2003:bcca:703	2003 BCCA 703
3:neutral:2003:bcca:709	2003 BCCA 709
3:neutral:2003:bcca:73	2003 BCCA 73
3:neutral:2003:bcca:75	2003 BCCA 75
3:neutral:2003:bcca:79	2003 BCCA 79
3:neutral:2003:bcca:8	2003 BCCA 8
3:neutral:2003:bcca:87	2003 BCCA 87
3:neutral:2003:bcca:90	2003 BCCA 90
3:neutral:2003:bcsc:1000	2003 BCSC 1000
3:neutral:2003:bcsc:1008	2003 BCSC 1008
3:neutral:2003:bcsc:1012	2003 BCSC 1012
3:neutral:2003:bcsc:1013	2003 BCSC 1013
3:neutral:2003:bcsc:1022	2003 BCSC 1022
3:neutral:2003:bcsc:1055	2003 BCSC 1055
3:neutral:2003:bcsc:1059	2003 BCSC 1059
3:neutral:2003:bcsc:106	2003 BCSC 106
3:neutral:2003:bcsc:1070	2003 BCSC 1070
3:neutral:2003:bcsc:1081	2003 BCSC 1081
3:neutral:2003:bcsc:1082	2003 BCSC 1082
3:neutral:2003:bcsc:1085	2003 BCSC 1085
3:neutral:2003:bcsc:1094	2003 BCSC 1094
3:neutral:2003:bcsc:1097	2003 BCSC 1097
3:neutral:2003:bcsc:11	2003 BCSC 11
3:neutral:2003:bcsc:1112	2003 BCSC 1112
3:neutral:2003:bcsc:1119	2003 BCSC 1119
3:neutral:2003:bcsc:1121	2003 BCSC 1121
3:neutral:2003:bcsc:1123	2003 BCSC 1123
3:neutral:2003:bcsc:1134	2003 BCSC 1134
3:neutral:2003:bcsc:1136	2003 BCSC 1136
3:neutral:2003:bcsc:1137	2003 BCSC 1137
3:neutral:2003:bcsc:1147	2003 BCSC 1147
3:neutral:2003:bcsc:1163	2003 BCSC 1163
3:neutral:2003:bcsc:1164	2003 BCSC 1164
3:neutral:2003:bcsc:1168	2003 BCSC 1168
3:neutral:2003:bcsc:1174	2003 BCSC 1174
3:neutral:2003:bcsc:1186	2003 BCSC 1186
3:neutral:2003:bcsc:1189	2003 BCSC 1189
3:neutral:2003:bcsc:1192	2003 BCSC 1192
3:neutral:2003:bcsc:1195	2003 BCSC 1195
3:neutral:2003:bcsc:120	2003 BCSC 120
3:neutral:2003:bcsc:1203	2003 BCSC 1203
3:neutral:2003:bcsc:1204	2003 BCSC 1204
3:neutral:2003:bcsc:121	2003 BCSC 121
3:neutral:2003:bcsc:1216	2003 BCSC 1216
3:neutral:2003:bcsc:1222	2003 BCSC 1222
3:neutral:2003:bcsc:1227	2003 BCSC 1227
3:neutral:2003:bcsc:1247	2003 BCSC 1247
3:neutral:2003:bcsc:1252	2003 BCSC 1252
3:neutral:2003:bcsc:1253	2003 BCSC 1253
3:neutral:2003:bcsc:1265	2003 BCSC 1265
3:neutral:2003:bcsc:1269	2003 BCSC 1269
3:neutral:2003:bcsc:1271	2003 BCSC 1271
3:neutral:2003:bcsc:1281	2003 BCSC 1281
3:neutral:2003:bcsc:1282	2003 BCSC 1282
3:neutral:2003:bcsc:1286	2003 BCSC 1286
3:neutral:2003:bcsc:1292	2003 BCSC 1292
3:neutral:2003:bcsc:1303	2003 BCSC 1303
3:neutral:2003:bcsc:131	2003 BCSC 131
3:neutral:2003:bcsc:1316	2003 BCSC 1316
3:neutral:2003:bcsc:1336	2003 BCSC 1336
3:neutral:2003:bcsc:1339	2003 BCSC 1339
3:neutral:2003:bcsc:1341	2003 BCSC 1341
3:neutral:2003:bcsc:1352	2003 BCSC 1352
3:neutral:2003:bcsc:1353	2003 BCSC 1353
3:neutral:2003:bcsc:1354	2003 BCSC 1354
3:neutral:2003:bcsc:1359	2003 BCSC 1359
3:neutral:2003:bcsc:1362	2003 BCSC 1362
3:neutral:2003:bcsc:1365	2003 BCSC 1365
3:neutral:2003:bcsc:137	2003 BCSC 137
3:neutral:2003:bcsc:1376	2003 BCSC 1376
3:neutral:2003:bcsc:1379	2003 BCSC 1379
3:neutral:2003:bcsc:1418	2003 BCSC 1418
3:neutral:2003:bcsc:1423	2003 BCSC 1423
3:neutral:2003:bcsc:1439	2003 BCSC 1439
3:neutral:2003:bcsc:1441	2003 BCSC 1441
3:neutral:2003:bcsc:1444	2003 BCSC 1444
3:neutral:2003:bcsc:148	2003 BCSC 148
3:neutral:2003:bcsc:1484	2003 BCSC 1484
3:neutral:2003:bcsc:1492	2003 BCSC 1492
3:neutral:2003:bcsc:1499	2003 BCSC 1499
3:neutral:2003:bcsc:150	2003 BCSC 150
3:neutral:2003:bcsc:151	2003 BCSC 151
3:neutral:2003:bcsc:1510	2003 BCSC 1510
3:neutral:2003:bcsc:1533	2003 BCSC 1533
3:neutral:2003:bcsc:1538	2003 BCSC 1538
3:neutral:2003:bcsc:1544	2003 BCSC 1544
3:neutral:2003:bcsc:1562	2003 BCSC 1562
3:neutral:2003:bcsc:1573	2003 BCSC 1573
3:neutral:2003:bcsc:1575	2003 BCSC 1575
3:neutral:2003:bcsc:1587	2003 BCSC 1587
3:neutral:2003:bcsc:1624	2003 BCSC 1624
3:neutral:2003:bcsc:164	2003 BCSC 164
3:neutral:2003:bcsc:1656	2003 BCSC 1656
3:neutral:2003:bcsc:1670	2003 BCSC 1670
3:neutral:2003:bcsc:1673	2003 BCSC 1673
3:neutral:2003:bcsc:1679	2003 BCSC 1679
3:neutral:2003:bcsc:1699	2003 BCSC 1699
3:neutral:2003:bcsc:17	2003 BCSC 17
3:neutral:2003:bcsc:1700	2003 BCSC 1700
3:neutral:2003:bcsc:1716	2003 BCSC 1716
3:neutral:2003:bcsc:1717	2003 BCSC 1717
3:neutral:2003:bcsc:1718	2003 BCSC 1718
3:neutral:2003:bcsc:1728	2003 BCSC 1728
3:neutral:2003:bcsc:1748	2003 BCSC 1748
3:neutral:2003:bcsc:1758	2003 BCSC 1758
3:neutral:2003:bcsc:1769	2003 BCSC 1769
3:neutral:2003:bcsc:177	2003 BCSC 177
3:neutral:2003:bcsc:1778	2003 BCSC 1778
3:neutral:2003:bcsc:1790	2003 BCSC 1790
3:neutral:2003:bcsc:1795	2003 BCSC 1795
3:neutral:2003:bcsc:1796	2003 BCSC 1796
3:neutral:2003:bcsc:181	2003 BCSC 181
3:neutral:2003:bcsc:1827	2003 BCSC 1827
3:neutral:2003:bcsc:1828	2003 BCSC 1828
3:neutral:2003:bcsc:1850	2003 BCSC 1850
3:neutral:2003:bcsc:1852	2003 BCSC 1852
3:neutral:2003:bcsc:1856	2003 BCSC 1856
3:neutral:2003:bcsc:1875	2003 BCSC 1875
3:neutral:2003:bcsc:1885	2003 BCSC 1885
3:neutral:2003:bcsc:1886	2003 BCSC 1886
3:neutral:2003:bcsc:1894	2003 BCSC 1894
3:neutral:2003:bcsc:1915	2003 BCSC 1915
3:neutral:2003:bcsc:1924	2003 BCSC 1924
3:neutral:2003:bcsc:1928	2003 BCSC 1928
3:neutral:2003:bcsc:1931	2003 BCSC 1931
3:neutral:2003:bcsc:1947	2003 BCSC 1947
3:neutral:2003:bcsc:1961	2003 BCSC 1961
3:neutral:2003:bcsc:197	2003 BCSC 197
3:neutral:2003:bcsc:222	2003 BCSC 222
3:neutral:2003:bcsc:230	2003 BCSC 230
3:neutral:2003:bcsc:232	2003 BCSC 232
3:neutral:2003:bcsc:234	2003 BCSC 234
3:neutral:2003:bcsc:235	2003 BCSC 235
3:neutral:2003:bcsc:241	2003 BCSC 241
3:neutral:2003:bcsc:253	2003 BCSC 253
3:neutral:2003:bcsc:274	2003 BCSC 274
3:neutral:2003:bcsc:293	2003 BCSC 293
3:neutral:2003:bcsc:328	2003 BCSC 328
3:neutral:2003:bcsc:333	2003 BCSC 333
3:neutral:2003:bcsc:341	2003 BCSC 341
3:neutral:2003:bcsc:348	2003 BCSC 348
3:neutral:2003:bcsc:351	2003 BCSC 351
3:neutral:2003:bcsc:36	2003 BCSC 36
3:neutral:2003:bcsc:366	2003 BCSC 366
3:neutral:2003:bcsc:376	2003 BCSC 376
3:neutral:2003:bcsc:384	2003 BCSC 384
3:neutral:2003:bcsc:403	2003 BCSC 403
3:neutral:2003:bcsc:417	2003 BCSC 417
3:neutral:2003:bcsc:432	2003 BCSC 432
3:neutral:2003:bcsc:437	2003 BCSC 437
3:neutral:2003:bcsc:439	2003 BCSC 439
3:neutral:2003:bcsc:460	2003 BCSC 460
3:neutral:2003:bcsc:464	2003 BCSC 464
3:neutral:2003:bcsc:465	2003 BCSC 465
3:neutral:2003:bcsc:490	2003 BCSC 490
3:neutral:2003:bcsc:498	2003 BCSC 498
3:neutral:2003:bcsc:5	2003 BCSC 5
3:neutral:2003:bcsc:513	2003 BCSC 513
3:neutral:2003:bcsc:525	2003 BCSC 525
3:neutral:2003:bcsc:534	2003 BCSC 534
3:neutral:2003:bcsc:557	2003 BCSC 557
3:neutral:2003:bcsc:568	2003 BCSC 568
3:neutral:2003:bcsc:582	2003 BCSC 582
3:neutral:2003:bcsc:608	2003 BCSC 608
3:neutral:2003:bcsc:611	2003 BCSC 611
3:neutral:2003:bcsc:62	2003 BCSC 62
3:neutral:2003:bcsc:630	2003 BCSC 630
3:neutral:2003:bcsc:635	2003 BCSC 635
3:neutral:2003:bcsc:640	2003 BCSC 640
3:neutral:2003:bcsc:660	2003 BCSC 660
3:neutral:2003:bcsc:661	2003 BCSC 661
3:neutral:2003:bcsc:676	2003 BCSC 676
3:neutral:2003:bcsc:683	2003 BCSC 683
3:neutral:2003:bcsc:7	2003 BCSC 7
3:neutral:2003:bcsc:758	2003 BCSC 758
3:neutral:2003:bcsc:775	2003 BCSC 775
3:neutral:2003:bcsc:783	2003 BCSC 783
3:neutral:2003:bcsc:784	2003 BCSC 784
3:neutral:2003:bcsc:787	2003 BCSC 787
3:neutral:2003:bcsc:79	2003 BCSC 79
3:neutral:2003:bcsc:80	2003 BCSC 80
3:neutral:2003:bcsc:804	2003 BCSC 804
3:neutral:2003:bcsc:808	2003 BCSC 808
3:neutral:2003:bcsc:836	2003 BCSC 836
3:neutral:2003:bcsc:85	2003 BCSC 85
3:neutral:2003:bcsc:852	2003 BCSC 852
3:neutral:2003:bcsc:855	2003 BCSC 855
3:neutral:2003:bcsc:856	2003 BCSC 856
3:neutral:2003:bcsc:865	2003 BCSC 865
3:neutral:2003:bcsc:877	2003 BCSC 877
3:neutral:2003:bcsc:883	2003 BCSC 883
3:neutral:2003:bcsc:891	2003 BCSC 891
3:neutral:2003:bcsc:896	2003 BCSC 896
3:neutral:2003:bcsc:90	2003 BCSC 90
3:neutral:2003:bcsc:903	2003 BCSC 903
3:neutral:2003:bcsc:908	2003 BCSC 908
3:neutral:2003:bcsc:920	2003 BCSC 920
3:neutral:2003:bcsc:926	2003 BCSC 926
3:neutral:2003:bcsc:93	2003 BCSC 93
3:neutral:2003:bcsc:941	2003 BCSC 941
3:neutral:2003:bcsc:942	2003 BCSC 942
3:neutral:2003:bcsc:949	2003 BCSC 949
3:neutral:2003:bcsc:964	2003 BCSC 964
3:neutral:2003:bcsc:965	2003 BCSC 965
3:neutral:2003:bcsc:973	2003 BCSC 973
3:neutral:2003:bcsc:974	2003 BCSC 974
3:neutral:2003:bcsc:998	2003 BCSC 998
3:neutral:2003:cmac:9	2003 CMAC 9
3:neutral:2003:fc:10	2003 FCT 10
3:neutral:2003:fc:1008	2003 FC 1008
3:neutral:2003:fc:1020	2003 FC 1020
3:neutral:2003:fc:1021	2003 FC 1021
3:neutral:2003:fc:1023	2003 FC 1023
3:neutral:2003:fc:1031	2003 FC 1031
3:neutral:2003:fc:1037	2003 FC 1037
3:neutral:2003:fc:104	2003 FCT 104
3:neutral:2003:fc:1047	2003 FC 1047
3:neutral:2003:fc:1056	2003 FC 1056
3:neutral:2003:fc:1066	2003 FC 1066
3:neutral:2003:fc:1074	2003 FC 1074
3:neutral:2003:fc:11	2003 FCT 11
3:neutral:2003:fc:1116	2003 FC 1116
3:neutral:2003:fc:1120	2003 FC 1120
3:neutral:2003:fc:1121	2003 FC 1121
3:neutral:2003:fc:1126	2003 FC 1126
3:neutral:2003:fc:1128	2003 FC 1128
3:neutral:2003:fc:1145	2003 FC 1145
3:neutral:2003:fc:115	2003 FCT 115
3:neutral:2003:fc:1158	2003 FC 1158
3:neutral:2003:fc:116	2003 FCT 116
3:neutral:2003:fc:1171	2003 FC 1171
3:neutral:2003:fc:1172	2003 FC 1172
3:neutral:2003:fc:1194	2003 FC 1194
3:neutral:2003:fc:1199	2003 FC 1199
3:neutral:2003:fc:1225	2003 FC 1225
3:neutral:2003:fc:1229	2003 FC 1229
3:neutral:2003:fc:1238	2003 FC 1238
3:neutral:2003:fc:1241	2003 FC 1241
3:neutral:2003:fc:1248	2003 FC 1248
3:neutral:2003:fc:1253	2003 FC 1253
3:neutral:2003:fc:1263	2003 FC 1263
3:neutral:2003:fc:1266	2003 FC 1266
3:neutral:2003:fc:1274	2003 FC 1274
3:neutral:2003:fc:1278	2003 FC 1278
3:neutral:2003:fc:1280	2003 FC 1280
3:neutral:2003:fc:1296	2003 FC 1296
3:neutral:2003:fc:1311	2003 FC 1311
3:neutral:2003:fc:1334	2003 FC 1334
3:neutral:2003:fc:1335	2003 FC 1335
3:neutral:2003:fc:1347	2003 FC 1347
3:neutral:2003:fc:1353	2003 FC 1353
3:neutral:2003:fc:1381	2003 FC 1381
3:neutral:2003:fc:1384	2003 FC 1384
3:neutral:2003:fc:1398	2003 FC 1398
3:neutral:2003:fc:1406	2003 FC 1406
3:neutral:2003:fc:141	2003 FCT 141
3:neutral:2003:fc:1419	2003 FC 1419
3:neutral:2003:fc:1427	2003 FC 1427
3:neutral:2003:fc:1428	2003 FC 1428
3:neutral:2003:fc:1430	2003 FC 1430
3:neutral:2003:fc:1442	2003 FC 1442
3:neutral:2003:fc:1443	2003 FC 1443
3:neutral:2003:fc:1449	2003 FC 1449
3:neutral:2003:fc:1459	2003 FC 1459
3:neutral:2003:fc:1462	2003 FC 1462
3:neutral:2003:fc:1475	2003 FC 1475
3:neutral:2003:fc:1479	2003 FC 1479
3:neutral:2003:fc:1480	2003 FC 1480
3:neutral:2003:fc:1482	2003 FC 1482
3:neutral:2003:fc:1491	2003 FC 1491
3:neutral:2003:fc:1494	2003 FC 1494
3:neutral:2003:fc:1498	2003 FC 1498
3:neutral:2003:fc:15	2003 FCT 15
3:neutral:2003:fc:1501	2003 FC 1501
3:neutral:2003:fc:1505	2003 FC 1505
3:neutral:2003:fc:1512	2003 FC 1512
3:neutral:2003:fc:1514	2003 FC 1514
3:neutral:2003:fc:1517	2003 FC 1517
3:neutral:2003:fc:1518	2003 FC 1518
3:neutral:2003:fc:1527	2003 FC 1527
3:neutral:2003:fc:1529	2003 FC 1529
3:neutral:2003:fc:16	2003 FCT 16
3:neutral:2003:fc:166	2003 FCT 166
3:neutral:2003:fc:168	2003 FCT 168
3:neutral:2003:fc:192	2003 FCT 192
3:neutral:2003:fc:211	2003 FCT 211
3:neutral:2003:fc:214	2003 FCT 214
3:neutral:2003:fc:244	2003 FCT 244
3:neutral:2003:fc:248	2003 FCT 248
3:neutral:2003:fc:257	2003 FCT 257
3:neutral:2003:fc:258	2003 FCT 258
3:neutral:2003:fc:283	2003 FCT 283
3:neutral:2003:fc:286	2003 FCT 286
3:neutral:2003:fc:296	2003 FCT 296
3:neutral:2003:fc:30	2003 FCT 30
3:neutral:2003:fc:325	2003 FCT 325
3:neutral:2003:fc:327	2003 FCT 327
3:neutral:2003:fc:33	2003 FCT 33
3:neutral:2003:fc:340	2003 FCT 340
3:neutral:2003:fc:341	2003 FCT 341
3:neutral:2003:fc:358	2003 FCT 358
3:neutral:2003:fc:371	2003 FCT 371
3:neutral:2003:fc:374	2003 FCT 374
3:neutral:2003:fc:375	2003 FCT 375
3:neutral:2003:fc:382	2003 FCT 382
3:neutral:2003:fc:387	2003 FCT 387
3:neutral:2003:fc:39	2003 FCT 39
3:neutral:2003:fc:408	2003 FCT 408
3:neutral:2003:fc:414	2003 FCT 414
3:neutral:2003:fc:425	2003 FCT 425
3:neutral:2003:fc:429	2003 FCT 429
3:neutral:2003:fc:432	2003 FCT 432
3:neutral:2003:fc:436	2003 FCT 436
3:neutral:2003:fc:447	2003 FCT 447
3:neutral:2003:fc:45	2003 FCT 45
3:neutral:2003:fc:460	2003 FCT 460
3:neutral:2003:fc:464	2003 FCT 464
3:neutral:2003:fc:466	2003 FCT 466
3:neutral:2003:fc:476	2003 FCT 476
3:neutral:2003:fc:500	2003 FCT 500
3:neutral:2003:fc:507	2003 FCT 507
3:neutral:2003:fc:510	2003 FCT 510
3:neutral:2003:fc:520	2003 FCT 520
3:neutral:2003:fc:521	2003 FCT 521
3:neutral:2003:fc:542	2003 FCT 542
3:neutral:2003:fc:552	2003 FCT 552
3:neutral:2003:fc:567	2003 FCT 567
3:neutral:2003:fc:582	2003 FCT 582
3:neutral:2003:fc:588	2003 FCT 588
3:neutral:2003:fc:590	2003 FCT 590
3:neutral:2003:fc:592	2003 FCT 592
3:neutral:2003:fc:593	2003 FCT 593
3:neutral:2003:fc:594	2003 FCT 594
3:neutral:2003:fc:603	2003 FCT 603
3:neutral:2003:fc:612	2003 FCT 612
3:neutral:2003:fc:614	2003 FCT 614
3:neutral:2003:fc:635	2003 FCT 635
3:neutral:2003:fc:640	2003 FCT 640
3:neutral:2003:fc:650	2003 FCT 650
3:neutral:2003:fc:656	2003 FCT 656
3:neutral:2003:fc:667	2003 FCT 667
3:neutral:2003:fc:673	2003 FCT 673
3:neutral:2003:fc:676	2003 FCT 676
3:neutral:2003:fc:681	2003 FCT 681
3:neutral:2003:fc:687	2003 FCT 687
3:neutral:2003:fc:688	2003 FCT 688
3:neutral:2003:fc:710	2003 FCT 710
3:neutral:2003:fc:713	2003 FCT 713
3:neutral:2003:fc:715	2003 FCT 715
3:neutral:2003:fc:725	2003 FCT 725
3:neutral:2003:fc:730	2003 FCT 730
3:neutral:2003:fc:737	2003 FCT 737
3:neutral:2003:fc:744	2003 FCT 744
3:neutral:2003:fc:780	2003 FCT 780
3:neutral:2003:fc:781	2003 FCT 781
3:neutral:2003:fc:785	2003 FCT 785
3:neutral:2003:fc:79	2003 FCT 79
3:neutral:2003:fc:804	2003 FCT 804
3:neutral:2003:fc:814	2003 FCT 814
3:neutral:2003:fc:825	2003 FC 825
3:neutral:2003:fc:828	2003 FC 828
3:neutral:2003:fc:835	2003 FC 835
3:neutral:2003:fc:836	2003 FC 836
3:neutral:2003:fc:85	2003 FCT 85
3:neutral:2003:fc:850	2003 FC 850
3:neutral:2003:fc:880	2003 FC 880
3:neutral:2003:fc:882	2003 FC 882
3:neutral:2003:fc:883	2003 FC 883
3:neutral:2003:fc:892	2003 FC 892
3:neutral:2003:fc:899	2003 FC 899
3:neutral:2003:fc:911	2003 FC 911
3:neutral:2003:fc:915	2003 FC 915
3:neutral:2003:fc:920	2003 FC 920
3:neutral:2003:fc:928	2003 FC 928
3:neutral:2003:fc:930	2003 FC 930
3:neutral:2003:fc:94	2003 FCT 94
3:neutral:2003:fc:941	2003 FC 941
3:neutral:2003:fc:944	2003 FC 944
3:neutral:2003:fc:946	2003 FC 946
3:neutral:2003:fc:95	2003 FCT 95
3:neutral:2003:fc:962	2003 FC 962
3:neutral:2003:fc:970	2003 FC 970
3:neutral:2003:fc:975	2003 FC 975
3:neutral:2003:fc:978	2003 FC 978
3:neutral:2003:fc:982	2003 FC 982
3:neutral:2003:fc:999	2003 FC 999
3:neutral:2003:fca:106	2003 FCA 106
3:neutral:2003:fca:116	2003 FCA 116
3:neutral:2003:fca:120	2003 FCA 120
3:neutral:2003:fca:121	2003 FCA 121
3:neutral:2003:fca:127	2003 FCA 127
3:neutral:2003:fca:131	2003 FCA 131
3:neutral:2003:fca:141	2003 FCA 141
3:neutral:2003:fca:155	2003 FCA 155
3:neutral:2003:fca:158	2003 FCA 158
3:neutral:2003:fca:173	2003 FCA 173
3:neutral:2003:fca:177	2003 FCA 177
3:neutral:2003:fca:178	2003 FCA 178
3:neutral:2003:fca:19	2003 FCA 19
3:neutral:2003:fca:194	2003 FCA 194
3:neutral:2003:fca:197	2003 FCA 197
3:neutral:2003:fca:199	2003 FCA 199
3:neutral:2003:fca:203	2003 FCA 203
3:neutral:2003:fca:206	2003 FCA 206
3:neutral:2003:fca:220	2003 FCA 220
3:neutral:2003:fca:234	2003 FCA 234
3:neutral:2003:fca:236	2003 FCA 236
3:neutral:2003:fca:24	2003 FCA 24
3:neutral:2003:fca:241	2003 FCA 241
3:neutral:2003:fca:246	2003 FCA 246
3:neutral:2003:fca:248	2003 FCA 248
3:neutral:2003:fca:251	2003 FCA 251
3:neutral:2003:fca:256	2003 FCA 256
3:neutral:2003:fca:257	2003 FCA 257
3:neutral:2003:fca:263	2003 FCA 263
3:neutral:2003:fca:267	2003 FCA 267
3:neutral:2003:fca:268	2003 FCA 268
3:neutral:2003:fca:271	2003 FCA 271
3:neutral:2003:fca:272	2003 FCA 272
3:neutral:2003:fca:274	2003 FCA 274
3:neutral:2003:fca:278	2003 FCA 278
3:neutral:2003:fca:284	2003 FCA 284
3:neutral:2003:fca:286	2003 FCA 286
3:neutral:2003:fca:289	2003 FCA 289
3:neutral:2003:fca:291	2003 FCA 291
3:neutral:2003:fca:293	2003 FCA 293
3:neutral:2003:fca:294	2003 FCA 294
3:neutral:2003:fca:295	2003 FCA 295
3:neutral:2003:fca:297	2003 FCA 297
3:neutral:2003:fca:299	2003 FCA 299
3:neutral:2003:fca:301	2003 FCA 301
3:neutral:2003:fca:302	2003 FCA 302
3:neutral:2003:fca:303	2003 FCA 303
3:neutral:2003:fca:307	2003 FCA 307
3:neutral:2003:fca:317	2003 FCA 317
3:neutral:2003:fca:320	2003 FCA 320
3:neutral:2003:fca:325	2003 FCA 325
3:neutral:2003:fca:329	2003 FCA 329
3:neutral:2003:fca:33	2003 FCA 33
3:neutral:2003:fca:333	2003 FCA 333
3:neutral:2003:fca:34	2003 FCA 34
3:neutral:2003:fca:348	2003 FCA 348
3:neutral:2003:fca:349	2003 FCA 349
3:neutral:2003:fca:350	2003 FCA 350
3:neutral:2003:fca:352	2003 FCA 352
3:neutral:2003:fca:358	2003 FCA 358
3:neutral:2003:fca:369	2003 FCA 369
3:neutral:2003:fca:37	2003 FCA 37
3:neutral:2003:fca:38	2003 FCA 38
3:neutral:2003:fca:380	2003 FCA 380
3:neutral:2003:fca:381	2003 FCA 381
3:neutral:2003:fca:382	2003 FCA 382
3:neutral:2003:fca:385	2003 FCA 385
3:neutral:2003:fca:388	2003 FCA 388
3:neutral:2003:fca:39	2003 FCA 39
3:neutral:2003:fca:393	2003 FCA 393
3:neutral:2003:fca:400	2003 FCA 400
3:neutral:2003:fca:406	2003 FCA 406
3:neutral:2003:fca:407	2003 FCA 407
3:neutral:2003:fca:409	2003 FCA 409
3:neutral:2003:fca:411	2003 FCA 411
3:neutral:2003:fca:418	2003 FCA 418
3:neutral:2003:fca:423	2003 FCA 423
3:neutral:2003:fca:425	2003 FCA 425
3:neutral:2003:fca:426	2003 FCA 426
3:neutral:2003:fca:429	2003 FCA 429
3:neutral:2003:fca:438	2003 FCA 438
3:neutral:2003:fca:442	2003 FCA 442
3:neutral:2003:fca:446	2003 FCA 446
3:neutral:2003:fca:451	2003 FCA 451
3:neutral:2003:fca:453	2003 FCA 453
3:neutral:2003:fca:454	2003 FCA 454
3:neutral:2003:fca:467	2003 FCA 467
3:neutral:2003:fca:468	2003 FCA 468
3:neutral:2003:fca:472	2003 FCA 472
3:neutral:2003:fca:473	2003 FCA 473
3:neutral:2003:fca:475	2003 FCA 475
3:neutral:2003:fca:479	2003 FCA 479
3:neutral:2003:fca:480	2003 FCA 480
3:neutral:2003:fca:482	2003 FCA 482
3:neutral:2003:fca:487	2003 FCA 487
3:neutral:2003:fca:488	2003 FCA 488
3:neutral:2003:fca:53	2003 FCA 53
3:neutral:2003:fca:57	2003 FCA 57
3:neutral:2003:fca:58	2003 FCA 58
3:neutral:2003:fca:68	2003 FCA 68
3:neutral:2003:fca:71	2003 FCA 71
3:neutral:2003:fca:80	2003 FCA 80
3:neutral:2003:fca:85	2003 FCA 85
3:neutral:2003:fca:86	2003 FCA 86
3:neutral:2003:fca:9	2003 FCA 9
3:neutral:2003:fca:92	2003 FCA 92
3:neutral:2003:fca:98	2003 FCA 98
3:neutral:2003:nsca:103	2003 NSCA 103
3:neutral:2003:nsca:105	2003 NSCA 105
3:neutral:2003:nsca:106	2003 NSCA 106
3:neutral:2003:nsca:119	2003 NSCA 119
3:neutral:2003:nsca:124	2003 NSCA 124
3:neutral:2003:nsca:125	2003 NSCA 125
3:neutral:2003:nsca:126	2003 NSCA 126
3:neutral:2003:nsca:132	2003 NSCA 132
3:neutral:2003:nsca:138	2003 NSCA 138
3:neutral:2003:nsca:14	2003 NSCA 14
3:neutral:2003:nsca:148	2003 NSCA 148
3:neutral:2003:nsca:15	2003 NSCA 15
3:neutral:2003:nsca:151	2003 NSCA 151
3:neutral:2003:nsca:25	2003 NSCA 25
3:neutral:2003:nsca:32	2003 NSCA 32
3:neutral:2003:nsca:33	2003 NSCA 33
3:neutral:2003:nsca:60	2003 NSCA 60
3:neutral:2003:nsca:67	2003 NSCA 67
3:neutral:2003:nsca:71	2003 NSCA 71
3:neutral:2003:nsca:74	2003 NSCA 74
3:neutral:2003:nsca:9	2003 NSCA 9
3:neutral:2003:nspc:31	2003 NSPC 31
3:neutral:2003:nssc:112	2003 NSSC 112
3:neutral:2003:nssc:179	2003 NSSC 179
3:neutral:2003:nssc:213	2003 NSSC 213
3:neutral:2003:nssc:219	2003 NSSC 219
3:neutral:2003:nssc:252	2003 NSSC 252
3:neutral:2003:nssc:35	2003 NSSC 35
3:neutral:2003:nssc:59	2003 NSSC 59
3:neutral:2003:nssf:7	2003 NSSF 7
3:neutral:2003:scc:14	2003 SCC 14
3:neutral:2003:scc:16	2003 SCC 16
3:neutral:2003:scc:19	2003 SCC 19
3:neutral:2003:scc:20	2003 SCC 20
3:neutral:2003:scc:24	2003 SCC 24
3:neutral:2003:scc:27	2003 SCC 27
3:neutral:2003:scc:28	2003 SCC 28
3:neutral:2003:scc:29	2003 SCC 29
3:neutral:2003:scc:30	2003 SCC 30
3:neutral:2003:scc:33	2003 SCC 33
3:neutral:2003:scc:34	2003 SCC 34
3:neutral:2003:scc:37	2003 SCC 37
3:neutral:2003:scc:4	2003 SCC 4
3:neutral:2003:scc:40	2003 SCC 40
3:neutral:2003:scc:42	2003 SCC 42
3:neutral:2003:scc:43	2003 SCC 43
3:neutral:2003:scc:45	2003 SCC 45
3:neutral:2003:scc:46	2003 SCC 46
3:neutral:2003:scc:47	2003 SCC 47
3:neutral:2003:scc:51	2003 SCC 51
3:neutral:2003:scc:52	2003 SCC 52
3:neutral:2003:scc:53	2003 SCC 53
3:neutral:2003:scc:54	2003 SCC 54
3:neutral:2003:scc:55	2003 SCC 55
3:neutral:2003:scc:57	2003 SCC 57
3:neutral:2003:scc:59	2003 SCC 59
3:neutral:2003:scc:60	2003 SCC 60
3:neutral:2003:scc:62	2003 SCC 62
3:neutral:2003:scc:63	2003 SCC 63
3:neutral:2003:scc:64	2003 SCC 64
3:neutral:2003:scc:67	2003 SCC 67
3:neutral:2003:scc:69	2003 SCC 69
3:neutral:2003:scc:70	2003 SCC 70
3:neutral:2003:scc:71	2003 SCC 71
3:neutral:2003:scc:72	2003 SCC 72
3:neutral:2003:scc:74	2003 SCC 74
3:neutral:2003:scc:75	2003 SCC 75
3:neutral:2003:scc:8	2003 SCC 8
3:neutral:2003:scc:9	2003 SCC 9
3:neutral:2003:tcc:121	2003 TCC 121
3:neutral:2003:tcc:139	2003 TCC 139
3:neutral:2003:tcc:155	2003 TCC 155
3:neutral:2003:tcc:174	2003 TCC 174
3:neutral:2003:tcc:189	2003 TCC 189
3:neutral:2003:tcc:214	2003 TCC 214
3:neutral:2003:tcc:257	2003 TCC 257
3:neutral:2003:tcc:286	2003 TCC 286
3:neutral:2003:tcc:328	2003 TCC 328
3:neutral:2003:tcc:343	2003 TCC 343
3:neutral:2003:tcc:383	2003 TCC 383
3:neutral:2003:tcc:4	2003 TCC 4
3:neutral:2003:tcc:454	2003 TCC 454
3:neutral:2003:tcc:46	2003 TCC 46
3:neutral:2003:tcc:464	2003 TCC 464
3:neutral:2003:tcc:502	2003 TCC 502
3:neutral:2003:tcc:510	2003 TCC 510
3:neutral:2003:tcc:533	2003 TCC 533
3:neutral:2003:tcc:576	2003 TCC 576
3:neutral:2003:tcc:636	2003 TCC 636
3:neutral:2003:tcc:649	2003 TCC 649
3:neutral:2003:tcc:668	2003 TCC 668
3:neutral:2003:tcc:670	2003 TCC 670
3:neutral:2003:tcc:671	2003 TCC 671
3:neutral:2003:tcc:7	2003 TCC 7
3:neutral:2003:tcc:732	2003 TCC 732
3:neutral:2003:tcc:815	2003 TCC 815
3:neutral:2003:tcc:818	2003 TCC 818
3:neutral:2003:tcc:829	2003 TCC 829
3:neutral:2003:tcc:884	2003 TCC 884
3:neutral:2003:tcc:885	2003 TCC 885
3:neutral:2003:tcc:900	2003 TCC 900
3:neutral:2003:ykca:3	2003 YKCA 3
3:neutral:2003:ykca:4	2003 YKCA 4
3:neutral:2004:bcca:105	2004 BCCA 105
3:neutral:2004:bcca:107	2004 BCCA 107
3:neutral:2004:bcca:109	2004 BCCA 109
3:neutral:2004:bcca:110	2004 BCCA 110
3:neutral:2004:bcca:111	2004 BCCA 111
3:neutral:2004:bcca:116	2004 BCCA 116
3:neutral:2004:bcca:121	2004 BCCA 121
3:neutral:2004:bcca:124	2004 BCCA 124
3:neutral:2004:bcca:128	2004 BCCA 128
3:neutral:2004:bcca:129	2004 BCCA 129
3:neutral:2004:bcca:130	2004 BCCA 130
3:neutral:2004:bcca:131	2004 BCCA 131
3:neutral:2004:bcca:133	2004 BCCA 133
3:neutral:2004:bcca:134	2004 BCCA 134
3:neutral:2004:bcca:137	2004 BCCA 137
3:neutral:2004:bcca:14	2004 BCCA 14
3:neutral:2004:bcca:140	2004 BCCA 140
3:neutral:2004:bcca:141	2004 BCCA 141
3:neutral:2004:bcca:142	2004 BCCA 142
3:neutral:2004:bcca:146	2004 BCCA 146
3:neutral:2004:bcca:148	2004 BCCA 148
3:neutral:2004:bcca:149	2004 BCCA 149
3:neutral:2004:bcca:15	2004 BCCA 15
3:neutral:2004:bcca:158	2004 BCCA 158
3:neutral:2004:bcca:162	2004 BCCA 162
3:neutral:2004:bcca:163	2004 BCCA 163
3:neutral:2004:bcca:164	2004 BCCA 164
3:neutral:2004:bcca:168	2004 BCCA 168
3:neutral:2004:bcca:175	2004 BCCA 175
3:neutral:2004:bcca:176	2004 BCCA 176
3:neutral:2004:bcca:179	2004 BCCA 179
3:neutral:2004:bcca:186	2004 BCCA 186
3:neutral:2004:bcca:19	2004 BCCA 19
3:neutral:2004:bcca:190	2004 BCCA 190
3:neutral:2004:bcca:191	2004 BCCA 191
3:neutral:2004:bcca:192	2004 BCCA 192
3:neutral:2004:bcca:20	2004 BCCA 20
3:neutral:2004:bcca:205	2004 BCCA 205
3:neutral:2004:bcca:209	2004 BCCA 209
3:neutral:2004:bcca:210	2004 BCCA 210
3:neutral:2004:bcca:217	2004 BCCA 217
3:neutral:2004:bcca:219	2004 BCCA 219
3:neutral:2004:bcca:22	2004 BCCA 22
3:neutral:2004:bcca:226	2004 BCCA 226
3:neutral:2004:bcca:230	2004 BCCA 230
3:neutral:2004:bcca:236	2004 BCCA 236
3:neutral:2004:bcca:243	2004 BCCA 243
3:neutral:2004:bcca:244	2004 BCCA 244
3:neutral:2004:bcca:245	2004 BCCA 245
3:neutral:2004:bcca:246	2004 BCCA 246
3:neutral:2004:bcca:247	2004 BCCA 247
3:neutral:2004:bcca:250	2004 BCCA 250
3:neutral:2004:bcca:254	2004 BCCA 254
3:neutral:2004:bcca:259	2004 BCCA 259
3:neutral:2004:bcca:26	2004 BCCA 26
3:neutral:2004:bcca:260	2004 BCCA 260
3:neutral:2004:bcca:261	2004 BCCA 261
3:neutral:2004:bcca:264	2004 BCCA 264
3:neutral:2004:bcca:266	2004 BCCA 266
3:neutral:2004:bcca:267	2004 BCCA 267
3:neutral:2004:bcca:268	2004 BCCA 268
3:neutral:2004:bcca:269	2004 BCCA 269
3:neutral:2004:bcca:27	2004 BCCA 27
3:neutral:2004:bcca:270	2004 BCCA 270
3:neutral:2004:bcca:271	2004 BCCA 271
3:neutral:2004:bcca:272	2004 BCCA 272
3:neutral:2004:bcca:273	2004 BCCA 273
3:neutral:2004:bcca:277	2004 BCCA 277
3:neutral:2004:bcca:278	2004 BCCA 278
3:neutral:2004:bcca:279	2004 BCCA 279
3:neutral:2004:bcca:28	2004 BCCA 28
3:neutral:2004:bcca:282	2004 BCCA 282
3:neutral:2004:bcca:283	2004 BCCA 283
3:neutral:2004:bcca:284	2004 BCCA 284
3:neutral:2004:bcca:29	2004 BCCA 29
3:neutral:2004:bcca:290	2004 BCCA 290
3:neutral:2004:bcca:291	2004 BCCA 291
3:neutral:2004:bcca:297	2004 BCCA 297
3:neutral:2004:bcca:299	2004 BCCA 299
3:neutral:2004:bcca:3	2004 BCCA 3
3:neutral:2004:bcca:300	2004 BCCA 300
3:neutral:2004:bcca:303	2004 BCCA 303
3:neutral:2004:bcca:305	2004 BCCA 305
3:neutral:2004:bcca:309	2004 BCCA 309
3:neutral:2004:bcca:31	2004 BCCA 31
3:neutral:2004:bcca:310	2004 BCCA 310
3:neutral:2004:bcca:312	2004 BCCA 312
3:neutral:2004:bcca:315	2004 BCCA 315
3:neutral:2004:bcca:316	2004 BCCA 316
3:neutral:2004:bcca:322	2004 BCCA 322
3:neutral:2004:bcca:326	2004 BCCA 326
3:neutral:2004:bcca:327	2004 BCCA 327
3:neutral:2004:bcca:33	2004 BCCA 33
3:neutral:2004:bcca:332	2004 BCCA 332
3:neutral:2004:bcca:335	2004 BCCA 335
3:neutral:2004:bcca:336	2004 BCCA 336
3:neutral:2004:bcca:337	2004 BCCA 337
3:neutral:2004:bcca:338	2004 BCCA 338
3:neutral:2004:bcca:340	2004 BCCA 340
3:neutral:2004:bcca:341	2004 BCCA 341
3:neutral:2004:bcca:342	2004 BCCA 342
3:neutral:2004:bcca:343	2004 BCCA 343
3:neutral:2004:bcca:344	2004 BCCA 344
3:neutral:2004:bcca:347	2004 BCCA 347
3:neutral:2004:bcca:348	2004 BCCA 348
3:neutral:2004:bcca:350	2004 BCCA 350
3:neutral:2004:bcca:351	2004 BCCA 351
3:neutral:2004:bcca:354	2004 BCCA 354
3:neutral:2004:bcca:356	2004 BCCA 356
3:neutral:2004:bcca:358	2004 BCCA 358
3:neutral:2004:bcca:359	2004 BCCA 359
3:neutral:2004:bcca:361	2004 BCCA 361
3:neutral:2004:bcca:362	2004 BCCA 362
3:neutral:2004:bcca:364	2004 BCCA 364
3:neutral:2004:bcca:366	2004 BCCA 366
3:neutral:2004:bcca:373	2004 BCCA 373
3:neutral:2004:bcca:374	2004 BCCA 374
3:neutral:2004:bcca:376	2004 BCCA 376
3:neutral:2004:bcca:379	2004 BCCA 379
3:neutral:2004:bcca:381	2004 BCCA 381
3:neutral:2004:bcca:385	2004 BCCA 385
3:neutral:2004:bcca:39	2004 BCCA 39
3:neutral:2004:bcca:393	2004 BCCA 393
3:neutral:2004:bcca:396	2004 BCCA 396
3:neutral:2004:bcca:398	2004 BCCA 398
3:neutral:2004:bcca:4	2004 BCCA 4
3:neutral:2004:bcca:40	2004 BCCA 40
3:neutral:2004:bcca:400	2004 BCCA 400
3:neutral:2004:bcca:402	2004 BCCA 402
3:neutral:2004:bcca:407	2004 BCCA 407
3:neutral:2004:bcca:408	2004 BCCA 408
3:neutral:2004:bcca:410	2004 BCCA 410
3:neutral:2004:bcca:411	2004 BCCA 411
3:neutral:2004:bcca:414	2004 BCCA 414
3:neutral:2004:bcca:415	2004 BCCA 415
3:neutral:2004:bcca:416	2004 BCCA 416
3:neutral:2004:bcca:417	2004 BCCA 417
3:neutral:2004:bcca:419	2004 BCCA 419
3:neutral:2004:bcca:42	2004 BCCA 42
3:neutral:2004:bcca:421	2004 BCCA 421
3:neutral:2004:bcca:422	2004 BCCA 422
3:neutral:2004:bcca:428	2004 BCCA 428
3:neutral:2004:bcca:43	2004 BCCA 43
3:neutral:2004:bcca:440	2004 BCCA 440
3:neutral:2004:bcca:442	2004 BCCA 442
3:neutral:2004:bcca:443	2004 BCCA 443
3:neutral:2004:bcca:446	2004 BCCA 446
3:neutral:2004:bcca:456	2004 BCCA 456
3:neutral:2004:bcca:457	2004 BCCA 457
3:neutral:2004:bcca:458	2004 BCCA 458
3:neutral:2004:bcca:466	2004 BCCA 466
3:neutral:2004:bcca:472	2004 BCCA 472
3:neutral:2004:bcca:473	2004 BCCA 473
3:neutral:2004:bcca:482	2004 BCCA 482
3:neutral:2004:bcca:484	2004 BCCA 484
3:neutral:2004:bcca:49	2004 BCCA 49
3:neutral:2004:bcca:492	2004 BCCA 492
3:neutral:2004:bcca:495	2004 BCCA 495
3:neutral:2004:bcca:498	2004 BCCA 498
3:neutral:2004:bcca:499	2004 BCCA 499
3:neutral:2004:bcca:5	2004 BCCA 5
3:neutral:2004:bcca:502	2004 BCCA 502
3:neutral:2004:bcca:503	2004 BCCA 503
3:neutral:2004:bcca:512	2004 BCCA 512
3:neutral:2004:bcca:515	2004 BCCA 515
3:neutral:2004:bcca:516	2004 BCCA 516
3:neutral:2004:bcca:517	2004 BCCA 517
3:neutral:2004:bcca:518	2004 BCCA 518
3:neutral:2004:bcca:522	2004 BCCA 522
3:neutral:2004:bcca:53	2004 BCCA 53
3:neutral:2004:bcca:531	2004 BCCA 531
3:neutral:2004:bcca:534	2004 BCCA 534
3:neutral:2004:bcca:539	2004 BCCA 539
3:neutral:2004:bcca:540	2004 BCCA 540
3:neutral:2004:bcca:542	2004 BCCA 542
3:neutral:2004:bcca:546	2004 BCCA 546
3:neutral:2004:bcca:549	2004 BCCA 549
3:neutral:2004:bcca:552	2004 BCCA 552
3:neutral:2004:bcca:554	2004 BCCA 554
3:neutral:2004:bcca:555	2004 BCCA 555
3:neutral:2004:bcca:558	2004 BCCA 558
3:neutral:2004:bcca:56	2004 BCCA 56
3:neutral:2004:bcca:560	2004 BCCA 560
3:neutral:2004:bcca:561	2004 BCCA 561
3:neutral:2004:bcca:565	2004 BCCA 565
3:neutral:2004:bcca:569	2004 BCCA 569
3:neutral:2004:bcca:57	2004 BCCA 57
3:neutral:2004:bcca:578	2004 BCCA 578
3:neutral:2004:bcca:579	2004 BCCA 579
3:neutral:2004:bcca:583	2004 BCCA 583
3:neutral:2004:bcca:585	2004 BCCA 585
3:neutral:2004:bcca:588	2004 BCCA 588
3:neutral:2004:bcca:589	2004 BCCA 589
3:neutral:2004:bcca:59	2004 BCCA 59
3:neutral:2004:bcca:594	2004 BCCA 594
3:neutral:2004:bcca:597	2004 BCCA 597
3:neutral:2004:bcca:598	2004 BCCA 598
3:neutral:2004:bcca:599	2004 BCCA 599
3:neutral:2004:bcca:6	2004 BCCA 6
3:neutral:2004:bcca:600	2004 BCCA 600
3:neutral:2004:bcca:604	2004 BCCA 604
3:neutral:2004:bcca:613	2004 BCCA 613
3:neutral:2004:bcca:624	2004 BCCA 624
3:neutral:2004:bcca:626	2004 BCCA 626
3:neutral:2004:bcca:630	2004 BCCA 630
3:neutral:2004:bcca:632	2004 BCCA 632
3:neutral:2004:bcca:639	2004 BCCA 639
3:neutral:2004:bcca:64	2004 BCCA 64
3:neutral:2004:bcca:641	2004 BCCA 641
3:neutral:2004:bcca:642	2004 BCCA 642
3:neutral:2004:bcca:643	2004 BCCA 643
3:neutral:2004:bcca:644	2004 BCCA 644
3:neutral:2004:bcca:645	2004 BCCA 645
3:neutral:2004:bcca:653	2004 BCCA 653
3:neutral:2004:bcca:655	2004 BCCA 655
3:neutral:2004:bcca:657	2004 BCCA 657
3:neutral:2004:bcca:659	2004 BCCA 659
3:neutral:2004:bcca:663	2004 BCCA 663
3:neutral:2004:bcca:68	2004 BCCA 68
3:neutral:2004:bcca:7	2004 BCCA 7
3:neutral:2004:bcca:72	2004 BCCA 72
3:neutral:2004:bcca:77	2004 BCCA 77
3:neutral:2004:bcca:78	2004 BCCA 78
3:neutral:2004:bcca:79	2004 BCCA 79
3:neutral:2004:bcca:80	2004 BCCA 80
3:neutral:2004:bcca:81	2004 BCCA 81
3:neutral:2004:bcca:94	2004 BCCA 94
3:neutral:2004:bcca:97	2004 BCCA 97
3:neutral:2004:bcca:99	2004 BCCA 99
3:neutral:2004:bcsc:1013	2004 BCSC 1013
3:neutral:2004:bcsc:1021	2004 BCSC 1021
3:neutral:2004:bcsc:1024	2004 BCSC 1024
3:neutral:2004:bcsc:1034	2004 BCSC 1034
3:neutral:2004:bcsc:1038	2004 BCSC 1038
3:neutral:2004:bcsc:1051	2004 BCSC 1051
3:neutral:2004:bcsc:1065	2004 BCSC 1065
3:neutral:2004:bcsc:1066	2004 BCSC 1066
3:neutral:2004:bcsc:1071	2004 BCSC 1071
3:neutral:2004:bcsc:1075	2004 BCSC 1075
3:neutral:2004:bcsc:1078	2004 BCSC 1078
3:neutral:2004:bcsc:1088	2004 BCSC 1088
3:neutral:2004:bcsc:1098	2004 BCSC 1098
3:neutral:2004:bcsc:1102	2004 BCSC 1102
3:neutral:2004:bcsc:116	2004 BCSC 116
3:neutral:2004:bcsc:1183	2004 BCSC 1183
3:neutral:2004:bcsc:1184	2004 BCSC 1184
3:neutral:2004:bcsc:1210	2004 BCSC 1210
3:neutral:2004:bcsc:1213	2004 BCSC 1213
3:neutral:2004:bcsc:1231	2004 BCSC 1231
3:neutral:2004:bcsc:1232	2004 BCSC 1232
3:neutral:2004:bcsc:1239	2004 BCSC 1239
3:neutral:2004:bcsc:1243	2004 BCSC 1243
3:neutral:2004:bcsc:1244	2004 BCSC 1244
3:neutral:2004:bcsc:125	2004 BCSC 125
3:neutral:2004:bcsc:1260	2004 BCSC 1260
3:neutral:2004:bcsc:1261	2004 BCSC 1261
3:neutral:2004:bcsc:127	2004 BCSC 127
3:neutral:2004:bcsc:1271	2004 BCSC 1271
3:neutral:2004:bcsc:1290	2004 BCSC 1290
3:neutral:2004:bcsc:1299	2004 BCSC 1299
3:neutral:2004:bcsc:130	2004 BCSC 130
3:neutral:2004:bcsc:1301	2004 BCSC 1301
3:neutral:2004:bcsc:1305	2004 BCSC 1305
3:neutral:2004:bcsc:1306	2004 BCSC 1306
3:neutral:2004:bcsc:1311	2004 BCSC 1311
3:neutral:2004:bcsc:1320	2004 BCSC 1320
3:neutral:2004:bcsc:133	2004 BCSC 133
3:neutral:2004:bcsc:1347	2004 BCSC 1347
3:neutral:2004:bcsc:136	2004 BCSC 136
3:neutral:2004:bcsc:1363	2004 BCSC 1363
3:neutral:2004:bcsc:1368	2004 BCSC 1368
3:neutral:2004:bcsc:1369	2004 BCSC 1369
3:neutral:2004:bcsc:137	2004 BCSC 137
3:neutral:2004:bcsc:1394	2004 BCSC 1394
3:neutral:2004:bcsc:140	2004 BCSC 140
3:neutral:2004:bcsc:1405	2004 BCSC 1405
3:neutral:2004:bcsc:1408	2004 BCSC 1408
3:neutral:2004:bcsc:142	2004 BCSC 142
3:neutral:2004:bcsc:1447	2004 BCSC 1447
3:neutral:2004:bcsc:1464	2004 BCSC 1464
3:neutral:2004:bcsc:147	2004 BCSC 147
3:neutral:2004:bcsc:1477	2004 BCSC 1477
3:neutral:2004:bcsc:1492	2004 BCSC 1492
3:neutral:2004:bcsc:1496	2004 BCSC 1496
3:neutral:2004:bcsc:15	2004 BCSC 15
3:neutral:2004:bcsc:1502	2004 BCSC 1502
3:neutral:2004:bcsc:1508	2004 BCSC 1508
3:neutral:2004:bcsc:1520	2004 BCSC 1520
3:neutral:2004:bcsc:153	2004 BCSC 153
3:neutral:2004:bcsc:154	2004 BCSC 154
3:neutral:2004:bcsc:1540	2004 BCSC 1540
3:neutral:2004:bcsc:1549	2004 BCSC 1549
3:neutral:2004:bcsc:156	2004 BCSC 156
3:neutral:2004:bcsc:1570	2004 BCSC 1570
3:neutral:2004:bcsc:1577	2004 BCSC 1577
3:neutral:2004:bcsc:1581	2004 BCSC 1581
3:neutral:2004:bcsc:1597	2004 BCSC 1597
3:neutral:2004:bcsc:1604	2004 BCSC 1604
3:neutral:2004:bcsc:1612	2004 BCSC 1612
3:neutral:2004:bcsc:164	2004 BCSC 164
3:neutral:2004:bcsc:1646	2004 BCSC 1646
3:neutral:2004:bcsc:167	2004 BCSC 167
3:neutral:2004:bcsc:1680	2004 BCSC 1680
3:neutral:2004:bcsc:1683	2004 BCSC 1683
3:neutral:2004:bcsc:169	2004 BCSC 169
3:neutral:2004:bcsc:1696	2004 BCSC 1696
3:neutral:2004:bcsc:170	2004 BCSC 170
3:neutral:2004:bcsc:1700	2004 BCSC 1700
3:neutral:2004:bcsc:172	2004 BCSC 172
3:neutral:2004:bcsc:173	2004 BCSC 173
3:neutral:2004:bcsc:1734	2004 BCSC 1734
3:neutral:2004:bcsc:1758	2004 BCSC 1758
3:neutral:2004:bcsc:1768	2004 BCSC 1768
3:neutral:2004:bcsc:20	2004 BCSC 20
3:neutral:2004:bcsc:205	2004 BCSC 205
3:neutral:2004:bcsc:210	2004 BCSC 210
3:neutral:2004:bcsc:214	2004 BCSC 214
3:neutral:2004:bcsc:249	2004 BCSC 249
3:neutral:2004:bcsc:273	2004 BCSC 273
3:neutral:2004:bcsc:28	2004 BCSC 28
3:neutral:2004:bcsc:294	2004 BCSC 294
3:neutral:2004:bcsc:295	2004 BCSC 295
3:neutral:2004:bcsc:3	2004 BCSC 3
3:neutral:2004:bcsc:300	2004 BCSC 300
3:neutral:2004:bcsc:306	2004 BCSC 306
3:neutral:2004:bcsc:323	2004 BCSC 323
3:neutral:2004:bcsc:325	2004 BCSC 325
3:neutral:2004:bcsc:327	2004 BCSC 327
3:neutral:2004:bcsc:343	2004 BCSC 343
3:neutral:2004:bcsc:346	2004 BCSC 346
3:neutral:2004:bcsc:365	2004 BCSC 365
3:neutral:2004:bcsc:378	2004 BCSC 378
3:neutral:2004:bcsc:39	2004 BCSC 39
3:neutral:2004:bcsc:410	2004 BCSC 410
3:neutral:2004:bcsc:412	2004 BCSC 412
3:neutral:2004:bcsc:425	2004 BCSC 425
3:neutral:2004:bcsc:430	2004 BCSC 430
3:neutral:2004:bcsc:460	2004 BCSC 460
3:neutral:2004:bcsc:463	2004 BCSC 463
3:neutral:2004:bcsc:466	2004 BCSC 466
3:neutral:2004:bcsc:468	2004 BCSC 468
3:neutral:2004:bcsc:482	2004 BCSC 482
3:neutral:2004:bcsc:484	2004 BCSC 484
3:neutral:2004:bcsc:501	2004 BCSC 501
3:neutral:2004:bcsc:506	2004 BCSC 506
3:neutral:2004:bcsc:518	2004 BCSC 518
3:neutral:2004:bcsc:521	2004 BCSC 521
3:neutral:2004:bcsc:522	2004 BCSC 522
3:neutral:2004:bcsc:529	2004 BCSC 529
3:neutral:2004:bcsc:55	2004 BCSC 55
3:neutral:2004:bcsc:566	2004 BCSC 566
3:neutral:2004:bcsc:57	2004 BCSC 57
3:neutral:2004:bcsc:570	2004 BCSC 570
3:neutral:2004:bcsc:572	2004 BCSC 572
3:neutral:2004:bcsc:588	2004 BCSC 588
3:neutral:2004:bcsc:595	2004 BCSC 595
3:neutral:2004:bcsc:600	2004 BCSC 600
3:neutral:2004:bcsc:605	2004 BCSC 605
3:neutral:2004:bcsc:610	2004 BCSC 610
3:neutral:2004:bcsc:620	2004 BCSC 620
3:neutral:2004:bcsc:622	2004 BCSC 622
3:neutral:2004:bcsc:634	2004 BCSC 634
3:neutral:2004:bcsc:636	2004 BCSC 636
3:neutral:2004:bcsc:654	2004 BCSC 654
3:neutral:2004:bcsc:665	2004 BCSC 665
3:neutral:2004:bcsc:674	2004 BCSC 674
3:neutral:2004:bcsc:684	2004 BCSC 684
3:neutral:2004:bcsc:69	2004 BCSC 69
3:neutral:2004:bcsc:696	2004 BCSC 696
3:neutral:2004:bcsc:720	2004 BCSC 720
3:neutral:2004:bcsc:723	2004 BCSC 723
3:neutral:2004:bcsc:725	2004 BCSC 725
3:neutral:2004:bcsc:734	2004 BCSC 734
3:neutral:2004:bcsc:741	2004 BCSC 741
3:neutral:2004:bcsc:747	2004 BCSC 747
3:neutral:2004:bcsc:750	2004 BCSC 750
3:neutral:2004:bcsc:754	2004 BCSC 754
3:neutral:2004:bcsc:756	2004 BCSC 756
3:neutral:2004:bcsc:757	2004 BCSC 757
3:neutral:2004:bcsc:762	2004 BCSC 762
3:neutral:2004:bcsc:768	2004 BCSC 768
3:neutral:2004:bcsc:775	2004 BCSC 775
3:neutral:2004:bcsc:782	2004 BCSC 782
3:neutral:2004:bcsc:784	2004 BCSC 784
3:neutral:2004:bcsc:790	2004 BCSC 790
3:neutral:2004:bcsc:793	2004 BCSC 793
3:neutral:2004:bcsc:799	2004 BCSC 799
3:neutral:2004:bcsc:8	2004 BCSC 8
3:neutral:2004:bcsc:80	2004 BCSC 80
3:neutral:2004:bcsc:813	2004 BCSC 813
3:neutral:2004:bcsc:823	2004 BCSC 823
3:neutral:2004:bcsc:828	2004 BCSC 828
3:neutral:2004:bcsc:857	2004 BCSC 857
3:neutral:2004:bcsc:864	2004 BCSC 864
3:neutral:2004:bcsc:866	2004 BCSC 866
3:neutral:2004:bcsc:867	2004 BCSC 867
3:neutral:2004:bcsc:880	2004 BCSC 880
3:neutral:2004:bcsc:881	2004 BCSC 881
3:neutral:2004:bcsc:888	2004 BCSC 888
3:neutral:2004:bcsc:894	2004 BCSC 894
3:neutral:2004:bcsc:895	2004 BCSC 895
3:neutral:2004:bcsc:903	2004 BCSC 903
3:neutral:2004:bcsc:944	2004 BCSC 944
3:neutral:2004:bcsc:95	2004 BCSC 95
3:neutral:2004:bcsc:958	2004 BCSC 958
3:neutral:2004:bcsc:961	2004 BCSC 961
3:neutral:2004:bcsc:999	2004 BCSC 999
3:neutral:2004:cirb:290	2004 CIRB 290
3:neutral:2004:fc:1005	2004 FC 1005
3:neutral:2004:fc:1008	2004 FC 1008
3:neutral:2004:fc:1010	2004 FC 1010
3:neutral:2004:fc:1012	2004 FC 1012
3:neutral:2004:fc:1016	2004 FC 1016
3:neutral:2004:fc:1027	2004 FC 1027
3:neutral:2004:fc:1031	2004 FC 1031
3:neutral:2004:fc:1039	2004 FC 1039
3:neutral:2004:fc:1052	2004 FC 1052
3:neutral:2004:fc:1054	2004 FC 1054
3:neutral:2004:fc:1055	2004 FC 1055
3:neutral:2004:fc:1064	2004 FC 1064
3:neutral:2004:fc:1065	2004 FC 1065
3:neutral:2004:fc:1071	2004 FC 1071
3:neutral:2004:fc:1083	2004 FC 1083
3:neutral:2004:fc:1087	2004 FC 1087
3:neutral:2004:fc:110	2004 FC 110
3:neutral:2004:fc:1107	2004 FC 1107
3:neutral:2004:fc:1113	2004 FC 1113
3:neutral:2004:fc:1125	2004 FC 1125
3:neutral:2004:fc:1126	2004 FC 1126
3:neutral:2004:fc:1129	2004 FC 1129
3:neutral:2004:fc:113	2004 FC 113
3:neutral:2004:fc:1145	2004 FC 1145
3:neutral:2004:fc:1153	2004 FC 1153
3:neutral:2004:fc:1161	2004 FC 1161
3:neutral:2004:fc:1165	2004 FC 1165
3:neutral:2004:fc:1174	2004 FC 1174
3:neutral:2004:fc:1185	2004 FC 1185
3:neutral:2004:fc:1189	2004 FC 1189
3:neutral:2004:fc:1198	2004 FC 1198
3:neutral:2004:fc:1202	2004 FC 1202
3:neutral:2004:fc:1206	2004 FC 1206
3:neutral:2004:fc:1210	2004 FC 1210
3:neutral:2004:fc:1245	2004 FC 1245
3:neutral:2004:fc:1257	2004 FC 1257
3:neutral:2004:fc:1265	2004 FC 1265
3:neutral:2004:fc:1270	2004 FC 1270
3:neutral:2004:fc:1275	2004 FC 1275
3:neutral:2004:fc:1276	2004 FC 1276
3:neutral:2004:fc:1277	2004 FC 1277
3:neutral:2004:fc:1278	2004 FC 1278
3:neutral:2004:fc:13	2004 FC 13
3:neutral:2004:fc:1302	2004 FC 1302
3:neutral:2004:fc:1316	2004 FC 1316
3:neutral:2004:fc:1326	2004 FC 1326
3:neutral:2004:fc:1327	2004 FC 1327
3:neutral:2004:fc:1332	2004 FC 1332
3:neutral:2004:fc:1338	2004 FC 1338
3:neutral:2004:fc:1345	2004 FC 1345
3:neutral:2004:fc:1349	2004 FC 1349
3:neutral:2004:fc:135	2004 FC 135
3:neutral:2004:fc:1356	2004 FC 1356
3:neutral:2004:fc:1368	2004 FC 1368
3:neutral:2004:fc:1371	2004 FC 1371
3:neutral:2004:fc:1374	2004 FC 1374
3:neutral:2004:fc:1381	2004 FC 1381
3:neutral:2004:fc:1382	2004 FC 1382
3:neutral:2004:fc:1386	2004 FC 1386
3:neutral:2004:fc:1387	2004 FC 1387
3:neutral:2004:fc:139	2004 FC 139
3:neutral:2004:fc:1398	2004 FC 1398
3:neutral:2004:fc:140	2004 FC 140
3:neutral:2004:fc:1403	2004 FC 1403
3:neutral:2004:fc:1414	2004 FC 1414
3:neutral:2004:fc:1444	2004 FC 1444
3:neutral:2004:fc:1445	2004 FC 1445
3:neutral:2004:fc:1450	2004 FC 1450
3:neutral:2004:fc:1451	2004 FC 1451
3:neutral:2004:fc:1458	2004 FC 1458
3:neutral:2004:fc:1461	2004 FC 1461
3:neutral:2004:fc:1468	2004 FC 1468
3:neutral:2004:fc:1542	2004 FC 1542
3:neutral:2004:fc:1545	2004 FC 1545
3:neutral:2004:fc:1546	2004 FC 1546
3:neutral:2004:fc:1547	2004 FC 1547
3:neutral:2004:fc:1548	2004 FC 1548
3:neutral:2004:fc:1549	2004 FC 1549
3:neutral:2004:fc:155	2004 FC 155
3:neutral:2004:fc:1569	2004 FC 1569
3:neutral:2004:fc:1573	2004 FC 1573
3:neutral:2004:fc:1576	2004 FC 1576
3:neutral:2004:fc:1577	2004 FC 1577
3:neutral:2004:fc:1607	2004 FC 1607
3:neutral:2004:fc:1610	2004 FC 1610
3:neutral:2004:fc:1612	2004 FC 1612
3:neutral:2004:fc:1630	2004 FC 1630
3:neutral:2004:fc:1631	2004 FC 1631
3:neutral:2004:fc:1633	2004 FC 1633
3:neutral:2004:fc:1638	2004 FC 1638
3:neutral:2004:fc:1648	2004 FC 1648
3:neutral:2004:fc:1649	2004 FC 1649
3:neutral:2004:fc:1672	2004 FC 1672
3:neutral:2004:fc:169	2004 FC 169
3:neutral:2004:fc:1698	2004 FC 1698
3:neutral:2004:fc:17	2004 FC 17
3:neutral:2004:fc:1711	2004 FC 1711
3:neutral:2004:fc:1717	2004 FC 1717
3:neutral:2004:fc:1718	2004 FC 1718
3:neutral:2004:fc:1728	2004 FC 1728
3:neutral:2004:fc:1729	2004 FC 1729
3:neutral:2004:fc:1732	2004 FC 1732
3:neutral:2004:fc:1740	2004 FC 1740
3:neutral:2004:fc:1746	2004 FC 1746
3:neutral:2004:fc:1756	2004 FC 1756
3:neutral:2004:fc:1759	2004 FC 1759
3:neutral:2004:fc:178	2004 FC 178
3:neutral:2004:fc:1782	2004 FC 1782
3:neutral:2004:fc:187	2004 FC 187
3:neutral:2004:fc:190	2004 FC 190
3:neutral:2004:fc:195	2004 FC 195
3:neutral:2004:fc:197	2004 FC 197
3:neutral:2004:fc:204	2004 FC 204
3:neutral:2004:fc:206	2004 FC 206
3:neutral:2004:fc:210	2004 FC 210
3:neutral:2004:fc:223	2004 FC 223
3:neutral:2004:fc:226	2004 FC 226
3:neutral:2004:fc:235	2004 FC 235
3:neutral:2004:fc:24	2004 FC 24
3:neutral:2004:fc:259	2004 FC 259
3:neutral:2004:fc:262	2004 FC 262
3:neutral:2004:fc:266	2004 FC 266
3:neutral:2004:fc:270	2004 FC 270
3:neutral:2004:fc:282	2004 FC 282
3:neutral:2004:fc:284	2004 FC 284
3:neutral:2004:fc:288	2004 FC 288
3:neutral:2004:fc:299	2004 FC 299
3:neutral:2004:fc:302	2004 FC 302
3:neutral:2004:fc:313	2004 FC 313
3:neutral:2004:fc:314	2004 FC 314
3:neutral:2004:fc:320	2004 FC 320
3:neutral:2004:fc:342	2004 FC 342
3:neutral:2004:fc:349	2004 FC 349
3:neutral:2004:fc:370	2004 FC 370
3:neutral:2004:fc:375	2004 FC 375
3:neutral:2004:fc:379	2004 FC 379
3:neutral:2004:fc:38	2004 FC 38
3:neutral:2004:fc:380	2004 FC 380
3:neutral:2004:fc:382	2004 FC 382
3:neutral:2004:fc:398	2004 FC 398
3:neutral:2004:fc:411	2004 FC 411
3:neutral:2004:fc:420	2004 FC 420
3:neutral:2004:fc:421	2004 FC 421
3:neutral:2004:fc:431	2004 FC 431
3:neutral:2004:fc:44	2004 FC 44
3:neutral:2004:fc:446	2004 FC 446
3:neutral:2004:fc:448	2004 FC 448
3:neutral:2004:fc:451	2004 FC 451
3:neutral:2004:fc:455	2004 FC 455
3:neutral:2004:fc:464	2004 FC 464
3:neutral:2004:fc:483	2004 FC 483
3:neutral:2004:fc:486	2004 FC 486
3:neutral:2004:fc:488	2004 FC 488
3:neutral:2004:fc:49	2004 FC 49
3:neutral:2004:fc:493	2004 FC 493
3:neutral:2004:fc:496	2004 FC 496
3:neutral:2004:fc:499	2004 FC 499
3:neutral:2004:fc:503	2004 FC 503
3:neutral:2004:fc:506	2004 FC 506
3:neutral:2004:fc:507	2004 FC 507
3:neutral:2004:fc:513	2004 FC 513
3:neutral:2004:fc:514	2004 FC 514
3:neutral:2004:fc:522	2004 FC 522
3:neutral:2004:fc:551	2004 FC 551
3:neutral:2004:fc:553	2004 FC 553
3:neutral:2004:fc:554	2004 FC 554
3:neutral:2004:fc:561	2004 FC 561
3:neutral:2004:fc:567	2004 FC 567
3:neutral:2004:fc:570	2004 FC 570
3:neutral:2004:fc:574	2004 FC 574
3:neutral:2004:fc:578	2004 FC 578
3:neutral:2004:fc:579	2004 FC 579
3:neutral:2004:fc:584	2004 FC 584
3:neutral:2004:fc:587	2004 FC 587
3:neutral:2004:fc:602	2004 FC 602
3:neutral:2004:fc:607	2004 FC 607
3:neutral:2004:fc:617	2004 FC 617
3:neutral:2004:fc:635	2004 FC 635
3:neutral:2004:fc:64	2004 FC 64
3:neutral:2004:fc:647	2004 FC 647
3:neutral:2004:fc:650	2004 FC 650
3:neutral:2004:fc:652	2004 FC 652
3:neutral:2004:fc:658	2004 FC 658
3:neutral:2004:fc:679	2004 FC 679
3:neutral:2004:fc:680	2004 FC 680
3:neutral:2004:fc:7	2004 FC 7
3:neutral:2004:fc:70	2004 FC 70
3:neutral:2004:fc:704	2004 FC 704
3:neutral:2004:fc:717	2004 FC 717
3:neutral:2004:fc:718	2004 FC 718
3:neutral:2004:fc:731	2004 FC 731
3:neutral:2004:fc:736	2004 FC 736
3:neutral:2004:fc:741	2004 FC 741
3:neutral:2004:fc:749	2004 FC 749
3:neutral:2004:fc:753	2004 FC 753
3:neutral:2004:fc:767	2004 FC 767
3:neutral:2004:fc:770	2004 FC 770
3:neutral:2004:fc:773	2004 FC 773
3:neutral:2004:fc:782	2004 FC 782
3:neutral:2004:fc:788	2004 FC 788
3:neutral:2004:fc:79	2004 FC 79
3:neutral:2004:fc:791	2004 FC 791
3:neutral:2004:fc:793	2004 FC 793
3:neutral:2004:fc:798	2004 FC 798
3:neutral:2004:fc:809	2004 FC 809
3:neutral:2004:fc:81	2004 FC 81
3:neutral:2004:fc:817	2004 FC 817
3:neutral:2004:fc:825	2004 FC 825
3:neutral:2004:fc:832	2004 FC 832
3:neutral:2004:fc:84	2004 FC 84
3:neutral:2004:fc:85	2004 FC 85
3:neutral:2004:fc:851	2004 FC 851
3:neutral:2004:fc:870	2004 FC 870
3:neutral:2004:fc:872	2004 FC 872
3:neutral:2004:fc:88	2004 FC 88
3:neutral:2004:fc:892	2004 FC 892
3:neutral:2004:fc:91	2004 FC 91
3:neutral:2004:fc:919	2004 FC 919
3:neutral:2004:fc:929	2004 FC 929
3:neutral:2004:fc:937	2004 FC 937
3:neutral:2004:fc:941	2004 FC 941
3:neutral:2004:fc:942	2004 FC 942
3:neutral:2004:fc:945	2004 FC 945
3:neutral:2004:fc:959	2004 FC 959
3:neutral:2004:fc:964	2004 FC 964
3:neutral:2004:fc:969	2004 FC 969
3:neutral:2004:fc:972	2004 FC 972
3:neutral:2004:fc:979	2004 FC 979
3:neutral:2004:fc:980	2004 FC 980
3:neutral:2004:fc:996	2004 FC 996
3:neutral:2004:fc:997	2004 FC 997
3:neutral:2004:fc:998	2004 FC 998
3:neutral:2004:fca:1	2004 FCA 1
3:neutral:2004:fca:10	2004 FCA 10
3:neutral:2004:fca:101	2004 FCA 101
3:neutral:2004:fca:102	2004 FCA 102
3:neutral:2004:fca:104	2004 FCA 104
3:neutral:2004:fca:113	2004 FCA 113
3:neutral:2004:fca:120	2004 FCA 120
3:neutral:2004:fca:127	2004 FCA 127
3:neutral:2004:fca:13	2004 FCA 13
3:neutral:2004:fca:131	2004 FCA 131
3:neutral:2004:fca:136	2004 FCA 136
3:neutral:2004:fca:140	2004 FCA 140
3:neutral:2004:fca:146	2004 FCA 146
3:neutral:2004:fca:149	2004 FCA 149
3:neutral:2004:fca:150	2004 FCA 150
3:neutral:2004:fca:151	2004 FCA 151
3:neutral:2004:fca:152	2004 FCA 152
3:neutral:2004:fca:154	2004 FCA 154
3:neutral:2004:fca:157	2004 FCA 157
3:neutral:2004:fca:158	2004 FCA 158
3:neutral:2004:fca:16	2004 FCA 16
3:neutral:2004:fca:166	2004 FCA 166
3:neutral:2004:fca:171	2004 FCA 171
3:neutral:2004:fca:172	2004 FCA 172
3:neutral:2004:fca:177	2004 FCA 177
3:neutral:2004:fca:181	2004 FCA 181
3:neutral:2004:fca:186	2004 FCA 186
3:neutral:2004:fca:189	2004 FCA 189
3:neutral:2004:fca:192	2004 FCA 192
3:neutral:2004:fca:193	2004 FCA 193
3:neutral:2004:fca:194	2004 FCA 194
3:neutral:2004:fca:195	2004 FCA 195
3:neutral:2004:fca:20	2004 FCA 20
3:neutral:2004:fca:201	2004 FCA 201
3:neutral:2004:fca:204	2004 FCA 204
3:neutral:2004:fca:212	2004 FCA 212
3:neutral:2004:fca:213	2004 FCA 213
3:neutral:2004:fca:214	2004 FCA 214
3:neutral:2004:fca:218	2004 FCA 218
3:neutral:2004:fca:220	2004 FCA 220
3:neutral:2004:fca:222	2004 FCA 222
3:neutral:2004:fca:23	2004 FCA 23
3:neutral:2004:fca:231	2004 FCA 231
3:neutral:2004:fca:232	2004 FCA 232
3:neutral:2004:fca:234	2004 FCA 234
3:neutral:2004:fca:238	2004 FCA 238
3:neutral:2004:fca:240	2004 FCA 240
3:neutral:2004:fca:241	2004 FCA 241
3:neutral:2004:fca:242	2004 FCA 242
3:neutral:2004:fca:248	2004 FCA 248
3:neutral:2004:fca:249	2004 FCA 249
3:neutral:2004:fca:250	2004 FCA 250
3:neutral:2004:fca:251	2004 FCA 251
3:neutral:2004:fca:252	2004 FCA 252
3:neutral:2004:fca:253	2004 FCA 253
3:neutral:2004:fca:254	2004 FCA 254
3:neutral:2004:fca:257	2004 FCA 257
3:neutral:2004:fca:263	2004 FCA 263
3:neutral:2004:fca:267	2004 FCA 267
3:neutral:2004:fca:273	2004 FCA 273
3:neutral:2004:fca:277	2004 FCA 277
3:neutral:2004:fca:278	2004 FCA 278
3:neutral:2004:fca:280	2004 FCA 280
3:neutral:2004:fca:285	2004 FCA 285
3:neutral:2004:fca:286	2004 FCA 286
3:neutral:2004:fca:287	2004 FCA 287
3:neutral:2004:fca:288	2004 FCA 288
3:neutral:2004:fca:289	2004 FCA 289
3:neutral:2004:fca:29	2004 FCA 29
3:neutral:2004:fca:292	2004 FCA 292
3:neutral:2004:fca:297	2004 FCA 297
3:neutral:2004:fca:30	2004 FCA 30
3:neutral:2004:fca:300	2004 FCA 300
3:neutral:2004:fca:301	2004 FCA 301
3:neutral:2004:fca:317	2004 FCA 317
3:neutral:2004:fca:32	2004 FCA 32
3:neutral:2004:fca:327	2004 FCA 327
3:neutral:2004:fca:339	2004 FCA 339
3:neutral:2004:fca:34	2004 FCA 34
3:neutral:2004:fca:340	2004 FCA 340
3:neutral:2004:fca:349	2004 FCA 349
3:neutral:2004:fca:352	2004 FCA 352
3:neutral:2004:fca:358	2004 FCA 358
3:neutral:2004:fca:359	2004 FCA 359
3:neutral:2004:fca:36	2004 FCA 36
3:neutral:2004:fca:361	2004 FCA 361
3:neutral:2004:fca:363	2004 FCA 363
3:neutral:2004:fca:365	2004 FCA 365
3:neutral:2004:fca:370	2004 FCA 370
3:neutral:2004:fca:376	2004 FCA 376
3:neutral:2004:fca:38	2004 FCA 38
3:neutral:2004:fca:387	2004 FCA 387
3:neutral:2004:fca:393	2004 FCA 393
3:neutral:2004:fca:394	2004 FCA 394
3:neutral:2004:fca:397	2004 FCA 397
3:neutral:2004:fca:398	2004 FCA 398
3:neutral:2004:fca:4	2004 FCA 4
3:neutral:2004:fca:40	2004 FCA 40
3:neutral:2004:fca:403	2004 FCA 403
3:neutral:2004:fca:410	2004 FCA 410
3:neutral:2004:fca:413	2004 FCA 413
3:neutral:2004:fca:415	2004 FCA 415
3:neutral:2004:fca:418	2004 FCA 418
3:neutral:2004:fca:420	2004 FCA 420
3:neutral:2004:fca:421	2004 FCA 421
3:neutral:2004:fca:424	2004 FCA 424
3:neutral:2004:fca:427	2004 FCA 427
3:neutral:2004:fca:437	2004 FCA 437
3:neutral:2004:fca:438	2004 FCA 438
3:neutral:2004:fca:46	2004 FCA 46
3:neutral:2004:fca:47	2004 FCA 47
3:neutral:2004:fca:49	2004 FCA 49
3:neutral:2004:fca:50	2004 FCA 50
3:neutral:2004:fca:57	2004 FCA 57
3:neutral:2004:fca:59	2004 FCA 59
3:neutral:2004:fca:6	2004 FCA 6
3:neutral:2004:fca:63	2004 FCA 63
3:neutral:2004:fca:66	2004 FCA 66
3:neutral:2004:fca:68	2004 FCA 68
3:neutral:2004:fca:75	2004 FCA 75
3:neutral:2004:fca:78	2004 FCA 78
3:neutral:2004:fca:82	2004 FCA 82
3:neutral:2004:fca:85	2004 FCA 85
3:neutral:2004:fca:89	2004 FCA 89
3:neutral:2004:fca:92	2004 FCA 92
3:neutral:2004:fca:93	2004 FCA 93
3:neutral:2004:fca:99	2004 FCA 99
3:neutral:2004:nsca:10	2004 NSCA 10
3:neutral:2004:nsca:101	2004 NSCA 101
3:neutral:2004:nsca:108	2004 NSCA 108
3:neutral:2004:nsca:118	2004 NSCA 118
3:neutral:2004:nsca:135	2004 NSCA 135
3:neutral:2004:nsca:141	2004 NSCA 141
3:neutral:2004:nsca:151	2004 NSCA 151
3:neutral:2004:nsca:20	2004 NSCA 20
3:neutral:2004:nsca:30	2004 NSCA 30
3:neutral:2004:nsca:35	2004 NSCA 35
3:neutral:2004:nsca:39	2004 NSCA 39
3:neutral:2004:nsca:41	2004 NSCA 41
3:neutral:2004:nsca:53	2004 NSCA 53
3:neutral:2004:nsca:60	2004 NSCA 60
3:neutral:2004:nsca:7	2004 NSCA 7
3:neutral:2004:nsca:77	2004 NSCA 77
3:neutral:2004:nsca:82	2004 NSCA 82
3:neutral:2004:nsca:83	2004 NSCA 83
3:neutral:2004:nsca:87	2004 NSCA 87
3:neutral:2004:nsca:88	2004 NSCA 88
3:neutral:2004:nsca:91	2004 NSCA 91
3:neutral:2004:nsca:95	2004 NSCA 95
3:neutral:2004:nspc:70	2004 NSPC 70
3:neutral:2004:nssc:105	2004 NSSC 105
3:neutral:2004:nssc:155	2004 NSSC 155
3:neutral:2004:nssc:246	2004 NSSC 246
3:neutral:2004:nssc:265	2004 NSSC 265
3:neutral:2004:nssc:42	2004 NSSC 42
3:neutral:2004:nssc:73	2004 NSSC 73
3:neutral:2004:scc:11	2004 SCC 11
3:neutral:2004:scc:13	2004 SCC 13
3:neutral:2004:scc:14	2004 SCC 14
3:neutral:2004:scc:15	2004 SCC 15
3:neutral:2004:scc:16	2004 SCC 16
3:neutral:2004:scc:2	2004 SCC 2
3:neutral:2004:scc:21	2004 SCC 21
3:neutral:2004:scc:22	2004 SCC 22
3:neutral:2004:scc:23	2004 SCC 23
3:neutral:2004:scc:25	2004 SCC 25
3:neutral:2004:scc:26	2004 SCC 26
3:neutral:2004:scc:28	2004 SCC 28
3:neutral:2004:scc:33	2004 SCC 33
3:neutral:2004:scc:34	2004 SCC 34
3:neutral:2004:scc:36	2004 SCC 36
3:neutral:2004:scc:39	2004 SCC 39
3:neutral:2004:scc:4	2004 SCC 4
3:neutral:2004:scc:42	2004 SCC 42
3:neutral:2004:scc:43	2004 SCC 43
3:neutral:2004:scc:44	2004 SCC 44
3:neutral:2004:scc:45	2004 SCC 45
3:neutral:2004:scc:47	2004 SCC 47
3:neutral:2004:scc:48	2004 SCC 48
3:neutral:2004:scc:5	2004 SCC 5
3:neutral:2004:scc:52	2004 SCC 52
3:neutral:2004:scc:56	2004 SCC 56
3:neutral:2004:scc:6	2004 SCC 6
3:neutral:2004:scc:66	2004 SCC 66
3:neutral:2004:scc:67	2004 SCC 67
3:neutral:2004:scc:68	2004 SCC 68
3:neutral:2004:scc:70	2004 SCC 70
3:neutral:2004:scc:73	2004 SCC 73
3:neutral:2004:scc:74	2004 SCC 74
3:neutral:2004:scc:75	2004 SCC 75
3:neutral:2004:scc:76	2004 SCC 76
3:neutral:2004:scc:78	2004 SCC 78
3:neutral:2004:scc:79	2004 SCC 79
3:neutral:2004:scc:80	2004 SCC 80
3:neutral:2004:scc:81	2004 SCC 81
3:neutral:2004:scc:9	2004 SCC 9
3:neutral:2004:tcc:102	2004 TCC 102
3:neutral:2004:tcc:147	2004 TCC 147
3:neutral:2004:tcc:158	2004 TCC 158
3:neutral:2004:tcc:174	2004 TCC 174
3:neutral:2004:tcc:207	2004 TCC 207
3:neutral:2004:tcc:221	2004 TCC 221
3:neutral:2004:tcc:227	2004 TCC 227
3:neutral:2004:tcc:235	2004 TCC 235
3:neutral:2004:tcc:286	2004 TCC 286
3:neutral:2004:tcc:295	2004 TCC 295
3:neutral:2004:tcc:299	2004 TCC 299
3:neutral:2004:tcc:3	2004 TCC 3
3:neutral:2004:tcc:321	2004 TCC 321
3:neutral:2004:tcc:332	2004 TCC 332
3:neutral:2004:tcc:34	2004 TCC 34
3:neutral:2004:tcc:341	2004 TCC 341
3:neutral:2004:tcc:405	2004 TCC 405
3:neutral:2004:tcc:427	2004 TCC 427
3:neutral:2004:tcc:438	2004 TCC 438
3:neutral:2004:tcc:460	2004 TCC 460
3:neutral:2004:tcc:473	2004 TCC 473
3:neutral:2004:tcc:474	2004 TCC 474
3:neutral:2004:tcc:485	2004 TCC 485
3:neutral:2004:tcc:516	2004 TCC 516
3:neutral:2004:tcc:521	2004 TCC 521
3:neutral:2004:tcc:548	2004 TCC 548
3:neutral:2004:tcc:584	2004 TCC 584
3:neutral:2004:tcc:592	2004 TCC 592
3:neutral:2004:tcc:594	2004 TCC 594
3:neutral:2004:tcc:606	2004 TCC 606
3:neutral:2004:tcc:619	2004 TCC 619
3:neutral:2004:tcc:636	2004 TCC 636
3:neutral:2004:tcc:644	2004 TCC 644
3:neutral:2004:tcc:659	2004 TCC 659
3:neutral:2004:tcc:680	2004 TCC 680
3:neutral:2004:tcc:726	2004 TCC 726
3:neutral:2004:tcc:727	2004 TCC 727
3:neutral:2004:tcc:755	2004 TCC 755
3:neutral:2004:tcc:764	2004 TCC 764
3:neutral:2004:tcc:772	2004 TCC 772
3:neutral:2004:ykca:4	2004 YKCA 4
3:neutral:2004:ykca:9	2004 YKCA 9
3:neutral:2005:bcca:1	2005 BCCA 1
3:neutral:2005:bcca:10	2005 BCCA 10
3:neutral:2005:bcca:104	2005 BCCA 104
3:neutral:2005:bcca:105	2005 BCCA 105
3:neutral:2005:bcca:106	2005 BCCA 106
3:neutral:2005:bcca:107	2005 BCCA 107
3:neutral:2005:bcca:108	2005 BCCA 108
3:neutral:2005:bcca:11	2005 BCCA 11
3:neutral:2005:bcca:111	2005 BCCA 111
3:neutral:2005:bcca:114	2005 BCCA 114
3:neutral:2005:bcca:115	2005 BCCA 115
3:neutral:2005:bcca:12	2005 BCCA 12
3:neutral:2005:bcca:121	2005 BCCA 121
3:neutral:2005:bcca:123	2005 BCCA 123
3:neutral:2005:bcca:128	2005 BCCA 128
3:neutral:2005:bcca:135	2005 BCCA 135
3:neutral:2005:bcca:136	2005 BCCA 136
3:neutral:2005:bcca:14	2005 BCCA 14
3:neutral:2005:bcca:140	2005 BCCA 140
3:neutral:2005:bcca:141	2005 BCCA 141
3:neutral:2005:bcca:144	2005 BCCA 144
3:neutral:2005:bcca:15	2005 BCCA 15
3:neutral:2005:bcca:150	2005 BCCA 150
3:neutral:2005:bcca:151	2005 BCCA 151
3:neutral:2005:bcca:154	2005 BCCA 154
3:neutral:2005:bcca:157	2005 BCCA 157
3:neutral:2005:bcca:162	2005 BCCA 162
3:neutral:2005:bcca:167	2005 BCCA 167
3:neutral:2005:bcca:172	2005 BCCA 172
3:neutral:2005:bcca:177	2005 BCCA 177
3:neutral:2005:bcca:183	2005 BCCA 183
3:neutral:2005:bcca:187	2005 BCCA 187
3:neutral:2005:bcca:188	2005 BCCA 188
3:neutral:2005:bcca:189	2005 BCCA 189
3:neutral:2005:bcca:191	2005 BCCA 191
3:neutral:2005:bcca:192	2005 BCCA 192
3:neutral:2005:bcca:193	2005 BCCA 193
3:neutral:2005:bcca:197	2005 BCCA 197
3:neutral:2005:bcca:199	2005 BCCA 199
3:neutral:2005:bcca:201	2005 BCCA 201
3:neutral:2005:bcca:202	2005 BCCA 202
3:neutral:2005:bcca:205	2005 BCCA 205
3:neutral:2005:bcca:206	2005 BCCA 206
3:neutral:2005:bcca:210	2005 BCCA 210
3:neutral:2005:bcca:211	2005 BCCA 211
3:neutral:2005:bcca:212	2005 BCCA 212
3:neutral:2005:bcca:217	2005 BCCA 217
3:neutral:2005:bcca:22	2005 BCCA 22
3:neutral:2005:bcca:221	2005 BCCA 221
3:neutral:2005:bcca:224	2005 BCCA 224
3:neutral:2005:bcca:225	2005 BCCA 225
3:neutral:2005:bcca:226	2005 BCCA 226
3:neutral:2005:bcca:23	2005 BCCA 23
3:neutral:2005:bcca:231	2005 BCCA 231
3:neutral:2005:bcca:238	2005 BCCA 238
3:neutral:2005:bcca:243	2005 BCCA 243
3:neutral:2005:bcca:244	2005 BCCA 244
3:neutral:2005:bcca:254	2005 BCCA 254
3:neutral:2005:bcca:256	2005 BCCA 256
3:neutral:2005:bcca:265	2005 BCCA 265
3:neutral:2005:bcca:267	2005 BCCA 267
3:neutral:2005:bcca:268	2005 BCCA 268
3:neutral:2005:bcca:270	2005 BCCA 270
3:neutral:2005:bcca:274	2005 BCCA 274
3:neutral:2005:bcca:275	2005 BCCA 275
3:neutral:2005:bcca:277	2005 BCCA 277
3:neutral:2005:bcca:278	2005 BCCA 278
3:neutral:2005:bcca:279	2005 BCCA 279
3:neutral:2005:bcca:290	2005 BCCA 290
3:neutral:2005:bcca:291	2005 BCCA 291
3:neutral:2005:bcca:292	2005 BCCA 292
3:neutral:2005:bcca:294	2005 BCCA 294
3:neutral:2005:bcca:297	2005 BCCA 297
3:neutral:2005:bcca:3	2005 BCCA 3
3:neutral:2005:bcca:30	2005 BCCA 30
3:neutral:2005:bcca:307	2005 BCCA 307
3:neutral:2005:bcca:308	2005 BCCA 308
3:neutral:2005:bcca:309	2005 BCCA 309
3:neutral:2005:bcca:325	2005 BCCA 325
3:neutral:2005:bcca:327	2005 BCCA 327
3:neutral:2005:bcca:328	2005 BCCA 328
3:neutral:2005:bcca:329	2005 BCCA 329
3:neutral:2005:bcca:33	2005 BCCA 33
3:neutral:2005:bcca:330	2005 BCCA 330
3:neutral:2005:bcca:334	2005 BCCA 334
3:neutral:2005:bcca:338	2005 BCCA 338
3:neutral:2005:bcca:343	2005 BCCA 343
3:neutral:2005:bcca:346	2005 BCCA 346
3:neutral:2005:bcca:35	2005 BCCA 35
3:neutral:2005:bcca:350	2005 BCCA 350
3:neutral:2005:bcca:351	2005 BCCA 351
3:neutral:2005:bcca:358	2005 BCCA 358
3:neutral:2005:bcca:36	2005 BCCA 36
3:neutral:2005:bcca:361	2005 BCCA 361
3:neutral:2005:bcca:368	2005 BCCA 368
3:neutral:2005:bcca:37	2005 BCCA 37
3:neutral:2005:bcca:371	2005 BCCA 371
3:neutral:2005:bcca:373	2005 BCCA 373
3:neutral:2005:bcca:375	2005 BCCA 375
3:neutral:2005:bcca:376	2005 BCCA 376
3:neutral:2005:bcca:379	2005 BCCA 379
3:neutral:2005:bcca:380	2005 BCCA 380
3:neutral:2005:bcca:389	2005 BCCA 389
3:neutral:2005:bcca:391	2005 BCCA 391
3:neutral:2005:bcca:393	2005 BCCA 393
3:neutral:2005:bcca:394	2005 BCCA 394
3:neutral:2005:bcca:396	2005 BCCA 396
3:neutral:2005:bcca:398	2005 BCCA 398
3:neutral:2005:bcca:4	2005 BCCA 4
3:neutral:2005:bcca:403	2005 BCCA 403
3:neutral:2005:bcca:404	2005 BCCA 404
3:neutral:2005:bcca:406	2005 BCCA 406
3:neutral:2005:bcca:407	2005 BCCA 407
3:neutral:2005:bcca:408	2005 BCCA 408
3:neutral:2005:bcca:41	2005 BCCA 41
3:neutral:2005:bcca:410	2005 BCCA 410
3:neutral:2005:bcca:411	2005 BCCA 411
3:neutral:2005:bcca:416	2005 BCCA 416
3:neutral:2005:bcca:417	2005 BCCA 417
3:neutral:2005:bcca:418	2005 BCCA 418
3:neutral:2005:bcca:423	2005 BCCA 423
3:neutral:2005:bcca:428	2005 BCCA 428
3:neutral:2005:bcca:43	2005 BCCA 43
3:neutral:2005:bcca:430	2005 BCCA 430
3:neutral:2005:bcca:439	2005 BCCA 439
3:neutral:2005:bcca:440	2005 BCCA 440
3:neutral:2005:bcca:441	2005 BCCA 441
3:neutral:2005:bcca:444	2005 BCCA 444
3:neutral:2005:bcca:446	2005 BCCA 446
3:neutral:2005:bcca:448	2005 BCCA 448
3:neutral:2005:bcca:452	2005 BCCA 452
3:neutral:2005:bcca:458	2005 BCCA 458
3:neutral:2005:bcca:46	2005 BCCA 46
3:neutral:2005:bcca:460	2005 BCCA 460
3:neutral:2005:bcca:461	2005 BCCA 461
3:neutral:2005:bcca:462	2005 BCCA 462
3:neutral:2005:bcca:463	2005 BCCA 463
3:neutral:2005:bcca:465	2005 BCCA 465
3:neutral:2005:bcca:467	2005 BCCA 467
3:neutral:2005:bcca:47	2005 BCCA 47
3:neutral:2005:bcca:472	2005 BCCA 472
3:neutral:2005:bcca:475	2005 BCCA 475
3:neutral:2005:bcca:477	2005 BCCA 477
3:neutral:2005:bcca:478	2005 BCCA 478
3:neutral:2005:bcca:48	2005 BCCA 48
3:neutral:2005:bcca:481	2005 BCCA 481
3:neutral:2005:bcca:482	2005 BCCA 482
3:neutral:2005:bcca:484	2005 BCCA 484
3:neutral:2005:bcca:486	2005 BCCA 486
3:neutral:2005:bcca:489	2005 BCCA 489
3:neutral:2005:bcca:495	2005 BCCA 495
3:neutral:2005:bcca:498	2005 BCCA 498
3:neutral:2005:bcca:499	2005 BCCA 499
3:neutral:2005:bcca:5	2005 BCCA 5
3:neutral:2005:bcca:500	2005 BCCA 500
3:neutral:2005:bcca:502	2005 BCCA 502
3:neutral:2005:bcca:509	2005 BCCA 509
3:neutral:2005:bcca:51	2005 BCCA 51
3:neutral:2005:bcca:515	2005 BCCA 515
3:neutral:2005:bcca:519	2005 BCCA 519
3:neutral:2005:bcca:521	2005 BCCA 521
3:neutral:2005:bcca:522	2005 BCCA 522
3:neutral:2005:bcca:535	2005 BCCA 535
3:neutral:2005:bcca:54	2005 BCCA 54
3:neutral:2005:bcca:540	2005 BCCA 540
3:neutral:2005:bcca:545	2005 BCCA 545
3:neutral:2005:bcca:546	2005 BCCA 546
3:neutral:2005:bcca:549	2005 BCCA 549
3:neutral:2005:bcca:550	2005 BCCA 550
3:neutral:2005:bcca:551	2005 BCCA 551
3:neutral:2005:bcca:552	2005 BCCA 552
3:neutral:2005:bcca:554	2005 BCCA 554
3:neutral:2005:bcca:56	2005 BCCA 56
3:neutral:2005:bcca:560	2005 BCCA 560
3:neutral:2005:bcca:561	2005 BCCA 561
3:neutral:2005:bcca:562	2005 BCCA 562
3:neutral:2005:bcca:563	2005 BCCA 563
3:neutral:2005:bcca:566	2005 BCCA 566
3:neutral:2005:bcca:567	2005 BCCA 567
3:neutral:2005:bcca:568	2005 BCCA 568
3:neutral:2005:bcca:570	2005 BCCA 570
3:neutral:2005:bcca:577	2005 BCCA 577
3:neutral:2005:bcca:578	2005 BCCA 578
3:neutral:2005:bcca:579	2005 BCCA 579
3:neutral:2005:bcca:582	2005 BCCA 582
3:neutral:2005:bcca:583	2005 BCCA 583
3:neutral:2005:bcca:585	2005 BCCA 585
3:neutral:2005:bcca:593	2005 BCCA 593
3:neutral:2005:bcca:596	2005 BCCA 596
3:neutral:2005:bcca:599	2005 BCCA 599
3:neutral:2005:bcca:601	2005 BCCA 601
3:neutral:2005:bcca:602	2005 BCCA 602
3:neutral:2005:bcca:605	2005 BCCA 605
3:neutral:2005:bcca:606	2005 BCCA 606
3:neutral:2005:bcca:609	2005 BCCA 609
3:neutral:2005:bcca:615	2005 BCCA 615
3:neutral:2005:bcca:619	2005 BCCA 619
3:neutral:2005:bcca:625	2005 BCCA 625
3:neutral:2005:bcca:627	2005 BCCA 627
3:neutral:2005:bcca:628	2005 BCCA 628
3:neutral:2005:bcca:631	2005 BCCA 631
3:neutral:2005:bcca:633	2005 BCCA 633
3:neutral:2005:bcca:636	2005 BCCA 636
3:neutral:2005:bcca:642	2005 BCCA 642
3:neutral:2005:bcca:69	2005 BCCA 69
3:neutral:2005:bcca:7	2005 BCCA 7
3:neutral:2005:bcca:72	2005 BCCA 72
3:neutral:2005:bcca:74	2005 BCCA 74
3:neutral:2005:bcca:75	2005 BCCA 75
3:neutral:2005:bcca:76	2005 BCCA 76
3:neutral:2005:bcca:80	2005 BCCA 80
3:neutral:2005:bcca:87	2005 BCCA 87
3:neutral:2005:bcca:88	2005 BCCA 88
3:neutral:2005:bcca:89	2005 BCCA 89
3:neutral:2005:bcca:91	2005 BCCA 91
3:neutral:2005:bcca:92	2005 BCCA 92
3:neutral:2005:bcca:93	2005 BCCA 93
3:neutral:2005:bcca:94	2005 BCCA 94
3:neutral:2005:bcca:98	2005 BCCA 98
3:neutral:2005:bcca:99	2005 BCCA 99
3:neutral:2005:bcsc:1010	2005 BCSC 1010
3:neutral:2005:bcsc:1018	2005 BCSC 1018
3:neutral:2005:bcsc:1036	2005 BCSC 1036
3:neutral:2005:bcsc:104	2005 BCSC 104
3:neutral:2005:bcsc:1042	2005 BCSC 1042
3:neutral:2005:bcsc:1080	2005 BCSC 1080
3:neutral:2005:bcsc:1091	2005 BCSC 1091
3:neutral:2005:bcsc:1112	2005 BCSC 1112
3:neutral:2005:bcsc:1113	2005 BCSC 1113
3:neutral:2005:bcsc:1114	2005 BCSC 1114
3:neutral:2005:bcsc:1123	2005 BCSC 1123
3:neutral:2005:bcsc:1128	2005 BCSC 1128
3:neutral:2005:bcsc:1130	2005 BCSC 1130
3:neutral:2005:bcsc:1135	2005 BCSC 1135
3:neutral:2005:bcsc:1138	2005 BCSC 1138
3:neutral:2005:bcsc:1148	2005 BCSC 1148
3:neutral:2005:bcsc:1155	2005 BCSC 1155
3:neutral:2005:bcsc:1161	2005 BCSC 1161
3:neutral:2005:bcsc:1162	2005 BCSC 1162
3:neutral:2005:bcsc:1203	2005 BCSC 1203
3:neutral:2005:bcsc:1209	2005 BCSC 1209
3:neutral:2005:bcsc:1217	2005 BCSC 1217
3:neutral:2005:bcsc:122	2005 BCSC 122
3:neutral:2005:bcsc:1248	2005 BCSC 1248
3:neutral:2005:bcsc:1256	2005 BCSC 1256
3:neutral:2005:bcsc:1259	2005 BCSC 1259
3:neutral:2005:bcsc:1263	2005 BCSC 1263
3:neutral:2005:bcsc:1269	2005 BCSC 1269
3:neutral:2005:bcsc:1271	2005 BCSC 1271
3:neutral:2005:bcsc:1285	2005 BCSC 1285
3:neutral:2005:bcsc:1312	2005 BCSC 1312
3:neutral:2005:bcsc:1316	2005 BCSC 1316
3:neutral:2005:bcsc:1321	2005 BCSC 1321
3:neutral:2005:bcsc:1332	2005 BCSC 1332
3:neutral:2005:bcsc:1339	2005 BCSC 1339
3:neutral:2005:bcsc:1355	2005 BCSC 1355
3:neutral:2005:bcsc:1360	2005 BCSC 1360
3:neutral:2005:bcsc:1364	2005 BCSC 1364
3:neutral:2005:bcsc:1368	2005 BCSC 1368
3:neutral:2005:bcsc:1371	2005 BCSC 1371
3:neutral:2005:bcsc:1373	2005 BCSC 1373
3:neutral:2005:bcsc:1375	2005 BCSC 1375
3:neutral:2005:bcsc:1387	2005 BCSC 1387
3:neutral:2005:bcsc:14	2005 BCSC 14
3:neutral:2005:bcsc:1412	2005 BCSC 1412
3:neutral:2005:bcsc:1421	2005 BCSC 1421
3:neutral:2005:bcsc:1423	2005 BCSC 1423
3:neutral:2005:bcsc:1430	2005 BCSC 1430
3:neutral:2005:bcsc:1432	2005 BCSC 1432
3:neutral:2005:bcsc:1434	2005 BCSC 1434
3:neutral:2005:bcsc:1437	2005 BCSC 1437
3:neutral:2005:bcsc:1448	2005 BCSC 1448
3:neutral:2005:bcsc:1457	2005 BCSC 1457
3:neutral:2005:bcsc:1477	2005 BCSC 1477
3:neutral:2005:bcsc:1487	2005 BCSC 1487
3:neutral:2005:bcsc:1491	2005 BCSC 1491
3:neutral:2005:bcsc:1504	2005 BCSC 1504
3:neutral:2005:bcsc:1506	2005 BCSC 1506
3:neutral:2005:bcsc:1520	2005 BCSC 1520
3:neutral:2005:bcsc:1524	2005 BCSC 1524
3:neutral:2005:bcsc:1536	2005 BCSC 1536
3:neutral:2005:bcsc:154	2005 BCSC 154
3:neutral:2005:bcsc:1556	2005 BCSC 1556
3:neutral:2005:bcsc:1559	2005 BCSC 1559
3:neutral:2005:bcsc:1561	2005 BCSC 1561
3:neutral:2005:bcsc:1562	2005 BCSC 1562
3:neutral:2005:bcsc:1586	2005 BCSC 1586
3:neutral:2005:bcsc:1606	2005 BCSC 1606
3:neutral:2005:bcsc:1609	2005 BCSC 1609
3:neutral:2005:bcsc:1612	2005 BCSC 1612
3:neutral:2005:bcsc:1622	2005 BCSC 1622
3:neutral:2005:bcsc:163	2005 BCSC 163
3:neutral:2005:bcsc:1631	2005 BCSC 1631
3:neutral:2005:bcsc:1640	2005 BCSC 1640
3:neutral:2005:bcsc:165	2005 BCSC 165
3:neutral:2005:bcsc:1650	2005 BCSC 1650
3:neutral:2005:bcsc:1653	2005 BCSC 1653
3:neutral:2005:bcsc:1657	2005 BCSC 1657
3:neutral:2005:bcsc:1668	2005 BCSC 1668
3:neutral:2005:bcsc:1673	2005 BCSC 1673
3:neutral:2005:bcsc:1677	2005 BCSC 1677
3:neutral:2005:bcsc:1700	2005 BCSC 1700
3:neutral:2005:bcsc:1712	2005 BCSC 1712
3:neutral:2005:bcsc:172	2005 BCSC 172
3:neutral:2005:bcsc:1721	2005 BCSC 1721
3:neutral:2005:bcsc:1733	2005 BCSC 1733
3:neutral:2005:bcsc:1743	2005 BCSC 1743
3:neutral:2005:bcsc:1751	2005 BCSC 1751
3:neutral:2005:bcsc:1757	2005 BCSC 1757
3:neutral:2005:bcsc:1783	2005 BCSC 1783
3:neutral:2005:bcsc:180	2005 BCSC 180
3:neutral:2005:bcsc:1800	2005 BCSC 1800
3:neutral:2005:bcsc:1802	2005 BCSC 1802
3:neutral:2005:bcsc:1807	2005 BCSC 1807
3:neutral:2005:bcsc:1814	2005 BCSC 1814
3:neutral:2005:bcsc:1821	2005 BCSC 1821
3:neutral:2005:bcsc:1865	2005 BCSC 1865
3:neutral:2005:bcsc:1866	2005 BCSC 1866
3:neutral:2005:bcsc:190	2005 BCSC 190
3:neutral:2005:bcsc:1907	2005 BCSC 1907
3:neutral:2005:bcsc:1925	2005 BCSC 1925
3:neutral:2005:bcsc:220	2005 BCSC 220
3:neutral:2005:bcsc:254	2005 BCSC 254
3:neutral:2005:bcsc:269	2005 BCSC 269
3:neutral:2005:bcsc:278	2005 BCSC 278
3:neutral:2005:bcsc:280	2005 BCSC 280
3:neutral:2005:bcsc:283	2005 BCSC 283
3:neutral:2005:bcsc:291	2005 BCSC 291
3:neutral:2005:bcsc:307	2005 BCSC 307
3:neutral:2005:bcsc:330	2005 BCSC 330
3:neutral:2005:bcsc:331	2005 BCSC 331
3:neutral:2005:bcsc:341	2005 BCSC 341
3:neutral:2005:bcsc:343	2005 BCSC 343
3:neutral:2005:bcsc:352	2005 BCSC 352
3:neutral:2005:bcsc:383	2005 BCSC 383
3:neutral:2005:bcsc:385	2005 BCSC 385
3:neutral:2005:bcsc:387	2005 BCSC 387
3:neutral:2005:bcsc:389	2005 BCSC 389
3:neutral:2005:bcsc:390	2005 BCSC 390
3:neutral:2005:bcsc:395	2005 BCSC 395
3:neutral:2005:bcsc:400	2005 BCSC 400
3:neutral:2005:bcsc:415	2005 BCSC 415
3:neutral:2005:bcsc:428	2005 BCSC 428
3:neutral:2005:bcsc:44	2005 BCSC 44
3:neutral:2005:bcsc:445	2005 BCSC 445
3:neutral:2005:bcsc:467	2005 BCSC 467
3:neutral:2005:bcsc:468	2005 BCSC 468
3:neutral:2005:bcsc:47	2005 BCSC 47
3:neutral:2005:bcsc:472	2005 BCSC 472
3:neutral:2005:bcsc:479	2005 BCSC 479
3:neutral:2005:bcsc:483	2005 BCSC 483
3:neutral:2005:bcsc:488	2005 BCSC 488
3:neutral:2005:bcsc:492	2005 BCSC 492
3:neutral:2005:bcsc:501	2005 BCSC 501
3:neutral:2005:bcsc:529	2005 BCSC 529
3:neutral:2005:bcsc:536	2005 BCSC 536
3:neutral:2005:bcsc:538	2005 BCSC 538
3:neutral:2005:bcsc:561	2005 BCSC 561
3:neutral:2005:bcsc:577	2005 BCSC 577
3:neutral:2005:bcsc:580	2005 BCSC 580
3:neutral:2005:bcsc:593	2005 BCSC 593
3:neutral:2005:bcsc:595	2005 BCSC 595
3:neutral:2005:bcsc:601	2005 BCSC 601
3:neutral:2005:bcsc:619	2005 BCSC 619
3:neutral:2005:bcsc:622	2005 BCSC 622
3:neutral:2005:bcsc:626	2005 BCSC 626
3:neutral:2005:bcsc:631	2005 BCSC 631
3:neutral:2005:bcsc:635	2005 BCSC 635
3:neutral:2005:bcsc:640	2005 BCSC 640
3:neutral:2005:bcsc:643	2005 BCSC 643
3:neutral:2005:bcsc:645	2005 BCSC 645
3:neutral:2005:bcsc:647	2005 BCSC 647
3:neutral:2005:bcsc:651	2005 BCSC 651
3:neutral:2005:bcsc:663	2005 BCSC 663
3:neutral:2005:bcsc:697	2005 BCSC 697
3:neutral:2005:bcsc:706	2005 BCSC 706
3:neutral:2005:bcsc:725	2005 BCSC 725
3:neutral:2005:bcsc:729	2005 BCSC 729
3:neutral:2005:bcsc:762	2005 BCSC 762
3:neutral:2005:bcsc:766	2005 BCSC 766
3:neutral:2005:bcsc:77	2005 BCSC 77
3:neutral:2005:bcsc:772	2005 BCSC 772
3:neutral:2005:bcsc:773	2005 BCSC 773
3:neutral:2005:bcsc:788	2005 BCSC 788
3:neutral:2005:bcsc:796	2005 BCSC 796
3:neutral:2005:bcsc:809	2005 BCSC 809
3:neutral:2005:bcsc:81	2005 BCSC 81
3:neutral:2005:bcsc:83	2005 BCSC 83
3:neutral:2005:bcsc:835	2005 BCSC 835
3:neutral:2005:bcsc:838	2005 BCSC 838
3:neutral:2005:bcsc:842	2005 BCSC 842
3:neutral:2005:bcsc:872	2005 BCSC 872
3:neutral:2005:bcsc:876	2005 BCSC 876
3:neutral:2005:bcsc:880	2005 BCSC 880
3:neutral:2005:bcsc:884	2005 BCSC 884
3:neutral:2005:bcsc:890	2005 BCSC 890
3:neutral:2005:bcsc:891	2005 BCSC 891
3:neutral:2005:bcsc:894	2005 BCSC 894
3:neutral:2005:bcsc:905	2005 BCSC 905
3:neutral:2005:bcsc:913	2005 BCSC 913
3:neutral:2005:bcsc:914	2005 BCSC 914
3:neutral:2005:bcsc:923	2005 BCSC 923
3:neutral:2005:bcsc:931	2005 BCSC 931
3:neutral:2005:bcsc:946	2005 BCSC 946
3:neutral:2005:bcsc:961	2005 BCSC 961
3:neutral:2005:bcsc:999	2005 BCSC 999
3:neutral:2005:cmac:2	2005 CMAC 2
3:neutral:2005:fc:1000	2005 FC 1000
3:neutral:2005:fc:1010	2005 FC 1010
3:neutral:2005:fc:1012	2005 FC 1012
3:neutral:2005:fc:1015	2005 FC 1015
3:neutral:2005:fc:1028	2005 FC 1028
3:neutral:2005:fc:1030	2005 FC 1030
3:neutral:2005:fc:1057	2005 FC 1057
3:neutral:2005:fc:1059	2005 FC 1059
3:neutral:2005:fc:1065	2005 FC 1065
3:neutral:2005:fc:1066	2005 FC 1066
3:neutral:2005:fc:1072	2005 FC 1072
3:neutral:2005:fc:1076	2005 FC 1076
3:neutral:2005:fc:1077	2005 FC 1077
3:neutral:2005:fc:110	2005 FC 110
3:neutral:2005:fc:1112	2005 FC 1112
3:neutral:2005:fc:1131	2005 FC 1131
3:neutral:2005:fc:1134	2005 FC 1134
3:neutral:2005:fc:1147	2005 FC 1147
3:neutral:2005:fc:115	2005 FC 115
3:neutral:2005:fc:1156	2005 FC 1156
3:neutral:2005:fc:1172	2005 FC 1172
3:neutral:2005:fc:1177	2005 FC 1177
3:neutral:2005:fc:1180	2005 FC 1180
3:neutral:2005:fc:1183	2005 FC 1183
3:neutral:2005:fc:1190	2005 FC 1190
3:neutral:2005:fc:1193	2005 FC 1193
3:neutral:2005:fc:1195	2005 FC 1195
3:neutral:2005:fc:1201	2005 FC 1201
3:neutral:2005:fc:1205	2005 FC 1205
3:neutral:2005:fc:1211	2005 FC 1211
3:neutral:2005:fc:1217	2005 FC 1217
3:neutral:2005:fc:1218	2005 FC 1218
3:neutral:2005:fc:122	2005 FC 122
3:neutral:2005:fc:1232	2005 FC 1232
3:neutral:2005:fc:1261	2005 FC 1261
3:neutral:2005:fc:1262	2005 FC 1262
3:neutral:2005:fc:1273	2005 FC 1273
3:neutral:2005:fc:1277	2005 FC 1277
3:neutral:2005:fc:1281	2005 FC 1281
3:neutral:2005:fc:1283	2005 FC 1283
3:neutral:2005:fc:1297	2005 FC 1297
3:neutral:2005:fc:1299	2005 FC 1299
3:neutral:2005:fc:1305	2005 FC 1305
3:neutral:2005:fc:1312	2005 FC 1312
3:neutral:2005:fc:1322	2005 FC 1322
3:neutral:2005:fc:1332	2005 FC 1332
3:neutral:2005:fc:1338	2005 FC 1338
3:neutral:2005:fc:134	2005 FC 134
3:neutral:2005:fc:1348	2005 FC 1348
3:neutral:2005:fc:1349	2005 FC 1349
3:neutral:2005:fc:136	2005 FC 136
3:neutral:2005:fc:1361	2005 FC 1361
3:neutral:2005:fc:1364	2005 FC 1364
3:neutral:2005:fc:1371	2005 FC 1371
3:neutral:2005:fc:1374	2005 FC 1374
3:neutral:2005:fc:1381	2005 FC 1381
3:neutral:2005:fc:1383	2005 FC 1383
3:neutral:2005:fc:1391	2005 FC 1391
3:neutral:2005:fc:1396	2005 FC 1396
3:neutral:2005:fc:1400	2005 FC 1400
3:neutral:2005:fc:1405	2005 FC 1405
3:neutral:2005:fc:1411	2005 FC 1411
3:neutral:2005:fc:1415	2005 FC 1415
3:neutral:2005:fc:1421	2005 FC 1421
3:neutral:2005:fc:1424	2005 FC 1424
3:neutral:2005:fc:1427	2005 FC 1427
3:neutral:2005:fc:1430	2005 FC 1430
3:neutral:2005:fc:1431	2005 FC 1431
3:neutral:2005:fc:1435	2005 FC 1435
3:neutral:2005:fc:1436	2005 FC 1436
3:neutral:2005:fc:1437	2005 FC 1437
3:neutral:2005:fc:1445	2005 FC 1445
3:neutral:2005:fc:1452	2005 FC 1452
3:neutral:2005:fc:1456	2005 FC 1456
3:neutral:2005:fc:1458	2005 FC 1458
3:neutral:2005:fc:1461	2005 FC 1461
3:neutral:2005:fc:1473	2005 FC 1473
3:neutral:2005:fc:1476	2005 FC 1476
3:neutral:2005:fc:1477	2005 FC 1477
3:neutral:2005:fc:1483	2005 FC 1483
3:neutral:2005:fc:149	2005 FC 149
3:neutral:2005:fc:1500	2005 FC 1500
3:neutral:2005:fc:1504	2005 FC 1504
3:neutral:2005:fc:1545	2005 FC 1545
3:neutral:2005:fc:1555	2005 FC 1555
3:neutral:2005:fc:1557	2005 FC 1557
3:neutral:2005:fc:156	2005 FC 156
3:neutral:2005:fc:1563	2005 FC 1563
3:neutral:2005:fc:1567	2005 FC 1567
3:neutral:2005:fc:1572	2005 FC 1572
3:neutral:2005:fc:1580	2005 FC 1580
3:neutral:2005:fc:1585	2005 FC 1585
3:neutral:2005:fc:1596	2005 FC 1596
3:neutral:2005:fc:1604	2005 FC 1604
3:neutral:2005:fc:1621	2005 FC 1621
3:neutral:2005:fc:1622	2005 FC 1622
3:neutral:2005:fc:1623	2005 FC 1623
3:neutral:2005:fc:1632	2005 FC 1632
3:neutral:2005:fc:1641	2005 FC 1641
3:neutral:2005:fc:1644	2005 FC 1644
3:neutral:2005:fc:1645	2005 FC 1645
3:neutral:2005:fc:1650	2005 FC 1650
3:neutral:2005:fc:1659	2005 FC 1659
3:neutral:2005:fc:1661	2005 FC 1661
3:neutral:2005:fc:1670	2005 FC 1670
3:neutral:2005:fc:1695	2005 FC 1695
3:neutral:2005:fc:1719	2005 FC 1719
3:neutral:2005:fc:172	2005 FC 172
3:neutral:2005:fc:1725	2005 FC 1725
3:neutral:2005:fc:182	2005 FC 182
3:neutral:2005:fc:189	2005 FC 189
3:neutral:2005:fc:192	2005 FC 192
3:neutral:2005:fc:193	2005 FC 193
3:neutral:2005:fc:229	2005 FC 229
3:neutral:2005:fc:230	2005 FC 230
3:neutral:2005:fc:234	2005 FC 234
3:neutral:2005:fc:248	2005 FC 248
3:neutral:2005:fc:253	2005 FC 253
3:neutral:2005:fc:264	2005 FC 264
3:neutral:2005:fc:27	2005 FC 27
3:neutral:2005:fc:273	2005 FC 273
3:neutral:2005:fc:317	2005 FC 317
3:neutral:2005:fc:318	2005 FC 318
3:neutral:2005:fc:328	2005 FC 328
3:neutral:2005:fc:340	2005 FC 340
3:neutral:2005:fc:341	2005 FC 341
3:neutral:2005:fc:347	2005 FC 347
3:neutral:2005:fc:355	2005 FC 355
3:neutral:2005:fc:364	2005 FC 364
3:neutral:2005:fc:384	2005 FC 384
3:neutral:2005:fc:39	2005 FC 39
3:neutral:2005:fc:390	2005 FC 390
3:neutral:2005:fc:391	2005 FC 391
3:neutral:2005:fc:393	2005 FC 393
3:neutral:2005:fc:396	2005 FC 396
3:neutral:2005:fc:397	2005 FC 397
3:neutral:2005:fc:4	2005 FC 4
3:neutral:2005:fc:404	2005 FC 404
3:neutral:2005:fc:411	2005 FC 411
3:neutral:2005:fc:413	2005 FC 413
3:neutral:2005:fc:421	2005 FC 421
3:neutral:2005:fc:427	2005 FC 427
3:neutral:2005:fc:428	2005 FC 428
3:neutral:2005:fc:429	2005 FC 429
3:neutral:2005:fc:431	2005 FC 431
3:neutral:2005:fc:435	2005 FC 435
3:neutral:2005:fc:437	2005 FC 437
3:neutral:2005:fc:446	2005 FC 446
3:neutral:2005:fc:466	2005 FC 466
3:neutral:2005:fc:48	2005 FC 48
3:neutral:2005:fc:49	2005 FC 49
3:neutral:2005:fc:501	2005 FC 501
3:neutral:2005:fc:510	2005 FC 510
3:neutral:2005:fc:516	2005 FC 516
3:neutral:2005:fc:524	2005 FC 524
3:neutral:2005:fc:542	2005 FC 542
3:neutral:2005:fc:560	2005 FC 560
3:neutral:2005:fc:566	2005 FC 566
3:neutral:2005:fc:573	2005 FC 573
3:neutral:2005:fc:576	2005 FC 576
3:neutral:2005:fc:582	2005 FC 582
3:neutral:2005:fc:590	2005 FC 590
3:neutral:2005:fc:593	2005 FC 593
3:neutral:2005:fc:596	2005 FC 596
3:neutral:2005:fc:598	2005 FC 598
3:neutral:2005:fc:6	2005 FC 6
3:neutral:2005:fc:635	2005 FC 635
3:neutral:2005:fc:639	2005 FC 639
3:neutral:2005:fc:654	2005 FC 654
3:neutral:2005:fc:656	2005 FC 656
3:neutral:2005:fc:657	2005 FC 657
3:neutral:2005:fc:664	2005 FC 664
3:neutral:2005:fc:678	2005 FC 678
3:neutral:2005:fc:707	2005 FC 707
3:neutral:2005:fc:712	2005 FC 712
3:neutral:2005:fc:714	2005 FC 714
3:neutral:2005:fc:722	2005 FC 722
3:neutral:2005:fc:726	2005 FC 726
3:neutral:2005:fc:729	2005 FC 729
3:neutral:2005:fc:730	2005 FC 730
3:neutral:2005:fc:731	2005 FC 731
3:neutral:2005:fc:732	2005 FC 732
3:neutral:2005:fc:733	2005 FC 733
3:neutral:2005:fc:734	2005 FC 734
3:neutral:2005:fc:738	2005 FC 738
3:neutral:2005:fc:744	2005 FC 744
3:neutral:2005:fc:75	2005 FC 75
3:neutral:2005:fc:755	2005 FC 755
3:neutral:2005:fc:756	2005 FC 756
3:neutral:2005:fc:758	2005 FC 758
3:neutral:2005:fc:76	2005 FC 76
3:neutral:2005:fc:762	2005 FC 762
3:neutral:2005:fc:768	2005 FC 768
3:neutral:2005:fc:769	2005 FC 769
3:neutral:2005:fc:778	2005 FC 778
3:neutral:2005:fc:79	2005 FC 79
3:neutral:2005:fc:798	2005 FC 798
3:neutral:2005:fc:814	2005 FC 814
3:neutral:2005:fc:829	2005 FC 829
3:neutral:2005:fc:838	2005 FC 838
3:neutral:2005:fc:840	2005 FC 840
3:neutral:2005:fc:842	2005 FC 842
3:neutral:2005:fc:852	2005 FC 852
3:neutral:2005:fc:860	2005 FC 860
3:neutral:2005:fc:861	2005 FC 861
3:neutral:2005:fc:870	2005 FC 870
3:neutral:2005:fc:874	2005 FC 874
3:neutral:2005:fc:876	2005 FC 876
3:neutral:2005:fc:886	2005 FC 886
3:neutral:2005:fc:890	2005 FC 890
3:neutral:2005:fc:9	2005 FC 9
3:neutral:2005:fc:902	2005 FC 902
3:neutral:2005:fc:91	2005 FC 91
3:neutral:2005:fc:919	2005 FC 919
3:neutral:2005:fc:923	2005 FC 923
3:neutral:2005:fc:935	2005 FC 935
3:neutral:2005:fc:939	2005 FC 939
3:neutral:2005:fc:947	2005 FC 947
3:neutral:2005:fc:950	2005 FC 950
3:neutral:2005:fc:958	2005 FC 958
3:neutral:2005:fc:978	2005 FC 978
3:neutral:2005:fc:987	2005 FC 987
3:neutral:2005:fc:992	2005 FC 992
3:neutral:2005:fc:995	2005 FC 995
3:neutral:2005:fca:1	2005 FCA 1
3:neutral:2005:fca:104	2005 FCA 104
3:neutral:2005:fca:105	2005 FCA 105
3:neutral:2005:fca:11	2005 FCA 11
3:neutral:2005:fca:110	2005 FCA 110
3:neutral:2005:fca:111	2005 FCA 111
3:neutral:2005:fca:113	2005 FCA 113
3:neutral:2005:fca:119	2005 FCA 119
3:neutral:2005:fca:121	2005 FCA 121
3:neutral:2005:fca:122	2005 FCA 122
3:neutral:2005:fca:123	2005 FCA 123
3:neutral:2005:fca:125	2005 FCA 125
3:neutral:2005:fca:126	2005 FCA 126
3:neutral:2005:fca:13	2005 FCA 13
3:neutral:2005:fca:131	2005 FCA 131
3:neutral:2005:fca:132	2005 FCA 132
3:neutral:2005:fca:135	2005 FCA 135
3:neutral:2005:fca:136	2005 FCA 136
3:neutral:2005:fca:137	2005 FCA 137
3:neutral:2005:fca:139	2005 FCA 139
3:neutral:2005:fca:140	2005 FCA 140
3:neutral:2005:fca:148	2005 FCA 148
3:neutral:2005:fca:15	2005 FCA 15
3:neutral:2005:fca:151	2005 FCA 151
3:neutral:2005:fca:153	2005 FCA 153
3:neutral:2005:fca:154	2005 FCA 154
3:neutral:2005:fca:156	2005 FCA 156
3:neutral:2005:fca:157	2005 FCA 157
3:neutral:2005:fca:158	2005 FCA 158
3:neutral:2005:fca:160	2005 FCA 160
3:neutral:2005:fca:161	2005 FCA 161
3:neutral:2005:fca:166	2005 FCA 166
3:neutral:2005:fca:168	2005 FCA 168
3:neutral:2005:fca:175	2005 FCA 175
3:neutral:2005:fca:176	2005 FCA 176
3:neutral:2005:fca:180	2005 FCA 180
3:neutral:2005:fca:183	2005 FCA 183
3:neutral:2005:fca:189	2005 FCA 189
3:neutral:2005:fca:193	2005 FCA 193
3:neutral:2005:fca:197	2005 FCA 197
3:neutral:2005:fca:199	2005 FCA 199
3:neutral:2005:fca:20	2005 FCA 20
3:neutral:2005:fca:202	2005 FCA 202
3:neutral:2005:fca:207	2005 FCA 207
3:neutral:2005:fca:211	2005 FCA 211
3:neutral:2005:fca:213	2005 FCA 213
3:neutral:2005:fca:215	2005 FCA 215
3:neutral:2005:fca:216	2005 FCA 216
3:neutral:2005:fca:217	2005 FCA 217
3:neutral:2005:fca:220	2005 FCA 220
3:neutral:2005:fca:221	2005 FCA 221
3:neutral:2005:fca:223	2005 FCA 223
3:neutral:2005:fca:231	2005 FCA 231
3:neutral:2005:fca:235	2005 FCA 235
3:neutral:2005:fca:236	2005 FCA 236
3:neutral:2005:fca:237	2005 FCA 237
3:neutral:2005:fca:247	2005 FCA 247
3:neutral:2005:fca:249	2005 FCA 249
3:neutral:2005:fca:250	2005 FCA 250
3:neutral:2005:fca:252	2005 FCA 252
3:neutral:2005:fca:254	2005 FCA 254
3:neutral:2005:fca:259	2005 FCA 259
3:neutral:2005:fca:262	2005 FCA 262
3:neutral:2005:fca:264	2005 FCA 264
3:neutral:2005:fca:267	2005 FCA 267
3:neutral:2005:fca:269	2005 FCA 269
3:neutral:2005:fca:27	2005 FCA 27
3:neutral:2005:fca:270	2005 FCA 270
3:neutral:2005:fca:271	2005 FCA 271
3:neutral:2005:fca:28	2005 FCA 28
3:neutral:2005:fca:283	2005 FCA 283
3:neutral:2005:fca:284	2005 FCA 284
3:neutral:2005:fca:293	2005 FCA 293
3:neutral:2005:fca:295	2005 FCA 295
3:neutral:2005:fca:297	2005 FCA 297
3:neutral:2005:fca:298	2005 FCA 298
3:neutral:2005:fca:303	2005 FCA 303
3:neutral:2005:fca:304	2005 FCA 304
3:neutral:2005:fca:306	2005 FCA 306
3:neutral:2005:fca:308	2005 FCA 308
3:neutral:2005:fca:315	2005 FCA 315
3:neutral:2005:fca:321	2005 FCA 321
3:neutral:2005:fca:322	2005 FCA 322
3:neutral:2005:fca:329	2005 FCA 329
3:neutral:2005:fca:330	2005 FCA 330
3:neutral:2005:fca:332	2005 FCA 332
3:neutral:2005:fca:334	2005 FCA 334
3:neutral:2005:fca:336	2005 FCA 336
3:neutral:2005:fca:34	2005 FCA 34
3:neutral:2005:fca:340	2005 FCA 340
3:neutral:2005:fca:345	2005 FCA 345
3:neutral:2005:fca:348	2005 FCA 348
3:neutral:2005:fca:353	2005 FCA 353
3:neutral:2005:fca:36	2005 FCA 36
3:neutral:2005:fca:360	2005 FCA 360
3:neutral:2005:fca:361	2005 FCA 361
3:neutral:2005:fca:362	2005 FCA 362
3:neutral:2005:fca:366	2005 FCA 366
3:neutral:2005:fca:367	2005 FCA 367
3:neutral:2005:fca:377	2005 FCA 377
3:neutral:2005:fca:383	2005 FCA 383
3:neutral:2005:fca:386	2005 FCA 386
3:neutral:2005:fca:387	2005 FCA 387
3:neutral:2005:fca:390	2005 FCA 390
3:neutral:2005:fca:393	2005 FCA 393
3:neutral:2005:fca:394	2005 FCA 394
3:neutral:2005:fca:395	2005 FCA 395
3:neutral:2005:fca:399	2005 FCA 399
3:neutral:2005:fca:404	2005 FCA 404
3:neutral:2005:fca:405	2005 FCA 405
3:neutral:2005:fca:406	2005 FCA 406
3:neutral:2005:fca:408	2005 FCA 408
3:neutral:2005:fca:409	2005 FCA 409
3:neutral:2005:fca:41	2005 FCA 41
3:neutral:2005:fca:410	2005 FCA 410
3:neutral:2005:fca:414	2005 FCA 414
3:neutral:2005:fca:417	2005 FCA 417
3:neutral:2005:fca:419	2005 FCA 419
3:neutral:2005:fca:42	2005 FCA 42
3:neutral:2005:fca:421	2005 FCA 421
3:neutral:2005:fca:422	2005 FCA 422
3:neutral:2005:fca:424	2005 FCA 424
3:neutral:2005:fca:425	2005 FCA 425
3:neutral:2005:fca:429	2005 FCA 429
3:neutral:2005:fca:436	2005 FCA 436
3:neutral:2005:fca:49	2005 FCA 49
3:neutral:2005:fca:50	2005 FCA 50
3:neutral:2005:fca:51	2005 FCA 51
3:neutral:2005:fca:52	2005 FCA 52
3:neutral:2005:fca:54	2005 FCA 54
3:neutral:2005:fca:58	2005 FCA 58
3:neutral:2005:fca:59	2005 FCA 59
3:neutral:2005:fca:6	2005 FCA 6
3:neutral:2005:fca:64	2005 FCA 64
3:neutral:2005:fca:68	2005 FCA 68
3:neutral:2005:fca:73	2005 FCA 73
3:neutral:2005:fca:79	2005 FCA 79
3:neutral:2005:fca:85	2005 FCA 85
3:neutral:2005:fca:90	2005 FCA 90
3:neutral:2005:fca:91	2005 FCA 91
3:neutral:2005:fca:94	2005 FCA 94
3:neutral:2005:fca:96	2005 FCA 96
3:neutral:2005:fca:99	2005 FCA 99
3:neutral:2005:nsca:108	2005 NSCA 108
3:neutral:2005:nsca:115	2005 NSCA 115
3:neutral:2005:nsca:116	2005 NSCA 116
3:neutral:2005:nsca:133	2005 NSCA 133
3:neutral:2005:nsca:137	2005 NSCA 137
3:neutral:2005:nsca:142	2005 NSCA 142
3:neutral:2005:nsca:144	2005 NSCA 144
3:neutral:2005:nsca:145	2005 NSCA 145
3:neutral:2005:nsca:156	2005 NSCA 156
3:neutral:2005:nsca:162	2005 NSCA 162
3:neutral:2005:nsca:165	2005 NSCA 165
3:neutral:2005:nsca:167	2005 NSCA 167
3:neutral:2005:nsca:17	2005 NSCA 17
3:neutral:2005:nsca:2	2005 NSCA 2
3:neutral:2005:nsca:22	2005 NSCA 22
3:neutral:2005:nsca:28	2005 NSCA 28
3:neutral:2005:nsca:35	2005 NSCA 35
3:neutral:2005:nsca:44	2005 NSCA 44
3:neutral:2005:nsca:47	2005 NSCA 47
3:neutral:2005:nsca:55	2005 NSCA 55
3:neutral:2005:nsca:58	2005 NSCA 58
3:neutral:2005:nsca:62	2005 NSCA 62
3:neutral:2005:nsca:69	2005 NSCA 69
3:neutral:2005:nsca:73	2005 NSCA 73
3:neutral:2005:nsca:80	2005 NSCA 80
3:neutral:2005:nsca:82	2005 NSCA 82
3:neutral:2005:nspc:23	2005 NSPC 23
3:neutral:2005:nspc:49	2005 NSPC 49
3:neutral:2005:nspc:51	2005 NSPC 51
3:neutral:2005:nssc:123	2005 NSSC 123
3:neutral:2005:nssc:258	2005 NSSC 258
3:neutral:2005:nssc:290	2005 NSSC 290
3:neutral:2005:nssc:308	2005 NSSC 308
3:neutral:2005:nssc:318	2005 NSSC 318
3:neutral:2005:nssc:38	2005 NSSC 38
3:neutral:2005:nssc:5	2005 NSSC 5
3:neutral:2005:nssc:57	2005 NSSC 57
3:neutral:2005:nssc:8	2005 NSSC 8
3:neutral:2005:nssf:11	2005 NSSF 11
3:neutral:2005:scc:12	2005 SCC 12
3:neutral:2005:scc:15	2005 SCC 15
3:neutral:2005:scc:19	2005 SCC 19
3:neutral:2005:scc:2	2005 SCC 2
3:neutral:2005:scc:21	2005 SCC 21
3:neutral:2005:scc:23	2005 SCC 23
3:neutral:2005:scc:25	2005 SCC 25
3:neutral:2005:scc:26	2005 SCC 26
3:neutral:2005:scc:27	2005 SCC 27
3:neutral:2005:scc:30	2005 SCC 30
3:neutral:2005:scc:32	2005 SCC 32
3:neutral:2005:scc:35	2005 SCC 35
3:neutral:2005:scc:37	2005 SCC 37
3:neutral:2005:scc:38	2005 SCC 38
3:neutral:2005:scc:40	2005 SCC 40
3:neutral:2005:scc:41	2005 SCC 41
3:neutral:2005:scc:43	2005 SCC 43
3:neutral:2005:scc:44	2005 SCC 44
3:neutral:2005:scc:45	2005 SCC 45
3:neutral:2005:scc:47	2005 SCC 47
3:neutral:2005:scc:48	2005 SCC 48
3:neutral:2005:scc:49	2005 SCC 49
3:neutral:2005:scc:5	2005 SCC 5
3:neutral:2005:scc:51	2005 SCC 51
3:neutral:2005:scc:52	2005 SCC 52
3:neutral:2005:scc:54	2005 SCC 54
3:neutral:2005:scc:55	2005 SCC 55
3:neutral:2005:scc:57	2005 SCC 57
3:neutral:2005:scc:58	2005 SCC 58
3:neutral:2005:scc:61	2005 SCC 61
3:neutral:2005:scc:62	2005 SCC 62
3:neutral:2005:scc:63	2005 SCC 63
3:neutral:2005:scc:66	2005 SCC 66
3:neutral:2005:scc:69	2005 SCC 69
3:neutral:2005:scc:71	2005 SCC 71
3:neutral:2005:scc:72	2005 SCC 72
3:neutral:2005:scc:76	2005 SCC 76
3:neutral:2005:scc:8	2005 SCC 8
3:neutral:2005:tcc:149	2005 TCC 149
3:neutral:2005:tcc:182	2005 TCC 182
3:neutral:2005:tcc:192	2005 TCC 192
3:neutral:2005:tcc:201	2005 TCC 201
3:neutral:2005:tcc:237	2005 TCC 237
3:neutral:2005:tcc:238	2005 TCC 238
3:neutral:2005:tcc:246	2005 TCC 246
3:neutral:2005:tcc:250	2005 TCC 250
3:neutral:2005:tcc:263	2005 TCC 263
3:neutral:2005:tcc:264	2005 TCC 264
3:neutral:2005:tcc:286	2005 TCC 286
3:neutral:2005:tcc:290	2005 TCC 290
3:neutral:2005:tcc:305	2005 TCC 305
3:neutral:2005:tcc:352	2005 TCC 352
3:neutral:2005:tcc:356	2005 TCC 356
3:neutral:2005:tcc:366	2005 TCC 366
3:neutral:2005:tcc:38	2005 TCC 38
3:neutral:2005:tcc:400	2005 TCC 400
3:neutral:2005:tcc:403	2005 TCC 403
3:neutral:2005:tcc:417	2005 TCC 417
3:neutral:2005:tcc:423	2005 TCC 423
3:neutral:2005:tcc:462	2005 TCC 462
3:neutral:2005:tcc:463	2005 TCC 463
3:neutral:2005:tcc:470	2005 TCC 470
3:neutral:2005:tcc:485	2005 TCC 485
3:neutral:2005:tcc:501	2005 TCC 501
3:neutral:2005:tcc:545	2005 TCC 545
3:neutral:2005:tcc:55	2005 TCC 55
3:neutral:2005:tcc:556	2005 TCC 556
3:neutral:2005:tcc:564	2005 TCC 564
3:neutral:2005:tcc:583	2005 TCC 583
3:neutral:2005:tcc:620	2005 TCC 620
3:neutral:2005:tcc:635	2005 TCC 635
3:neutral:2005:tcc:65	2005 TCC 65
3:neutral:2005:tcc:655	2005 TCC 655
3:neutral:2005:tcc:66	2005 TCC 66
3:neutral:2005:tcc:660	2005 TCC 660
3:neutral:2005:tcc:684	2005 TCC 684
3:neutral:2005:tcc:689	2005 TCC 689
3:neutral:2005:tcc:697	2005 TCC 697
3:neutral:2005:tcc:704	2005 TCC 704
3:neutral:2005:tcc:707	2005 TCC 707
3:neutral:2005:tcc:71	2005 TCC 71
3:neutral:2005:tcc:719	2005 TCC 719
3:neutral:2005:tcc:720	2005 TCC 720
3:neutral:2005:tcc:723	2005 TCC 723
3:neutral:2005:tcc:757	2005 TCC 757
3:neutral:2005:tcc:767	2005 TCC 767
3:neutral:2005:tcc:769	2005 TCC 769
3:neutral:2005:tcc:772	2005 TCC 772
3:neutral:2005:tcc:774	2005 TCC 774
3:neutral:2005:tcc:776	2005 TCC 776
3:neutral:2005:tcc:790	2005 TCC 790
3:neutral:2005:tcc:806	2005 TCC 806
3:neutral:2005:tcc:96	2005 TCC 96
3:neutral:2006:bcca:105	2006 BCCA 105
3:neutral:2006:bcca:109	2006 BCCA 109
3:neutral:2006:bcca:11	2006 BCCA 11
3:neutral:2006:bcca:110	2006 BCCA 110
3:neutral:2006:bcca:114	2006 BCCA 114
3:neutral:2006:bcca:119	2006 BCCA 119
3:neutral:2006:bcca:12	2006 BCCA 12
3:neutral:2006:bcca:124	2006 BCCA 124
3:neutral:2006:bcca:127	2006 BCCA 127
3:neutral:2006:bcca:128	2006 BCCA 128
3:neutral:2006:bcca:136	2006 BCCA 136
3:neutral:2006:bcca:138	2006 BCCA 138
3:neutral:2006:bcca:139	2006 BCCA 139
3:neutral:2006:bcca:14	2006 BCCA 14
3:neutral:2006:bcca:140	2006 BCCA 140
3:neutral:2006:bcca:142	2006 BCCA 142
3:neutral:2006:bcca:144	2006 BCCA 144
3:neutral:2006:bcca:145	2006 BCCA 145
3:neutral:2006:bcca:146	2006 BCCA 146
3:neutral:2006:bcca:148	2006 BCCA 148
3:neutral:2006:bcca:15	2006 BCCA 15
3:neutral:2006:bcca:150	2006 BCCA 150
3:neutral:2006:bcca:153	2006 BCCA 153
3:neutral:2006:bcca:156	2006 BCCA 156
3:neutral:2006:bcca:157	2006 BCCA 157
3:neutral:2006:bcca:158	2006 BCCA 158
3:neutral:2006:bcca:159	2006 BCCA 159
3:neutral:2006:bcca:16	2006 BCCA 16
3:neutral:2006:bcca:160	2006 BCCA 160
3:neutral:2006:bcca:162	2006 BCCA 162
3:neutral:2006:bcca:165	2006 BCCA 165
3:neutral:2006:bcca:167	2006 BCCA 167
3:neutral:2006:bcca:169	2006 BCCA 169
3:neutral:2006:bcca:17	2006 BCCA 17
3:neutral:2006:bcca:171	2006 BCCA 171
3:neutral:2006:bcca:173	2006 BCCA 173
3:neutral:2006:bcca:176	2006 BCCA 176
3:neutral:2006:bcca:180	2006 BCCA 180
3:neutral:2006:bcca:182	2006 BCCA 182
3:neutral:2006:bcca:183	2006 BCCA 183
3:neutral:2006:bcca:193	2006 BCCA 193
3:neutral:2006:bcca:194	2006 BCCA 194
3:neutral:2006:bcca:199	2006 BCCA 199
3:neutral:2006:bcca:200	2006 BCCA 200
3:neutral:2006:bcca:202	2006 BCCA 202
3:neutral:2006:bcca:203	2006 BCCA 203
3:neutral:2006:bcca:206	2006 BCCA 206
3:neutral:2006:bcca:209	2006 BCCA 209
3:neutral:2006:bcca:210	2006 BCCA 210
3:neutral:2006:bcca:211	2006 BCCA 211
3:neutral:2006:bcca:212	2006 BCCA 212
3:neutral:2006:bcca:214	2006 BCCA 214
3:neutral:2006:bcca:217	2006 BCCA 217
3:neutral:2006:bcca:219	2006 BCCA 219
3:neutral:2006:bcca:220	2006 BCCA 220
3:neutral:2006:bcca:221	2006 BCCA 221
3:neutral:2006:bcca:224	2006 BCCA 224
3:neutral:2006:bcca:226	2006 BCCA 226
3:neutral:2006:bcca:227	2006 BCCA 227
3:neutral:2006:bcca:228	2006 BCCA 228
3:neutral:2006:bcca:229	2006 BCCA 229
3:neutral:2006:bcca:230	2006 BCCA 230
3:neutral:2006:bcca:233	2006 BCCA 233
3:neutral:2006:bcca:235	2006 BCCA 235
3:neutral:2006:bcca:237	2006 BCCA 237
3:neutral:2006:bcca:24	2006 BCCA 24
3:neutral:2006:bcca:240	2006 BCCA 240
3:neutral:2006:bcca:243	2006 BCCA 243
3:neutral:2006:bcca:246	2006 BCCA 246
3:neutral:2006:bcca:248	2006 BCCA 248
3:neutral:2006:bcca:249	2006 BCCA 249
3:neutral:2006:bcca:25	2006 BCCA 25
3:neutral:2006:bcca:250	2006 BCCA 250
3:neutral:2006:bcca:255	2006 BCCA 255
3:neutral:2006:bcca:257	2006 BCCA 257
3:neutral:2006:bcca:258	2006 BCCA 258
3:neutral:2006:bcca:259	2006 BCCA 259
3:neutral:2006:bcca:260	2006 BCCA 260
3:neutral:2006:bcca:261	2006 BCCA 261
3:neutral:2006:bcca:262	2006 BCCA 262
3:neutral:2006:bcca:264	2006 BCCA 264
3:neutral:2006:bcca:27	2006 BCCA 27
3:neutral:2006:bcca:270	2006 BCCA 270
3:neutral:2006:bcca:272	2006 BCCA 272
3:neutral:2006:bcca:273	2006 BCCA 273
3:neutral:2006:bcca:276	2006 BCCA 276
3:neutral:2006:bcca:277	2006 BCCA 277
3:neutral:2006:bcca:28	2006 BCCA 28
3:neutral:2006:bcca:280	2006 BCCA 280
3:neutral:2006:bcca:281	2006 BCCA 281
3:neutral:2006:bcca:282	2006 BCCA 282
3:neutral:2006:bcca:288	2006 BCCA 288
3:neutral:2006:bcca:290	2006 BCCA 290
3:neutral:2006:bcca:291	2006 BCCA 291
3:neutral:2006:bcca:293	2006 BCCA 293
3:neutral:2006:bcca:295	2006 BCCA 295
3:neutral:2006:bcca:298	2006 BCCA 298
3:neutral:2006:bcca:299	2006 BCCA 299
3:neutral:2006:bcca:30	2006 BCCA 30
3:neutral:2006:bcca:303	2006 BCCA 303
3:neutral:2006:bcca:304	2006 BCCA 304
3:neutral:2006:bcca:310	2006 BCCA 310
3:neutral:2006:bcca:313	2006 BCCA 313
3:neutral:2006:bcca:318	2006 BCCA 318
3:neutral:2006:bcca:324	2006 BCCA 324
3:neutral:2006:bcca:325	2006 BCCA 325
3:neutral:2006:bcca:328	2006 BCCA 328
3:neutral:2006:bcca:33	2006 BCCA 33
3:neutral:2006:bcca:331	2006 BCCA 331
3:neutral:2006:bcca:333	2006 BCCA 333
3:neutral:2006:bcca:338	2006 BCCA 338
3:neutral:2006:bcca:339	2006 BCCA 339
3:neutral:2006:bcca:34	2006 BCCA 34
3:neutral:2006:bcca:341	2006 BCCA 341
3:neutral:2006:bcca:346	2006 BCCA 346
3:neutral:2006:bcca:347	2006 BCCA 347
3:neutral:2006:bcca:349	2006 BCCA 349
3:neutral:2006:bcca:350	2006 BCCA 350
3:neutral:2006:bcca:353	2006 BCCA 353
3:neutral:2006:bcca:354	2006 BCCA 354
3:neutral:2006:bcca:359	2006 BCCA 359
3:neutral:2006:bcca:360	2006 BCCA 360
3:neutral:2006:bcca:362	2006 BCCA 362
3:neutral:2006:bcca:363	2006 BCCA 363
3:neutral:2006:bcca:364	2006 BCCA 364
3:neutral:2006:bcca:365	2006 BCCA 365
3:neutral:2006:bcca:368	2006 BCCA 368
3:neutral:2006:bcca:369	2006 BCCA 369
3:neutral:2006:bcca:371	2006 BCCA 371
3:neutral:2006:bcca:375	2006 BCCA 375
3:neutral:2006:bcca:376	2006 BCCA 376
3:neutral:2006:bcca:380	2006 BCCA 380
3:neutral:2006:bcca:382	2006 BCCA 382
3:neutral:2006:bcca:385	2006 BCCA 385
3:neutral:2006:bcca:391	2006 BCCA 391
3:neutral:2006:bcca:392	2006 BCCA 392
3:neutral:2006:bcca:395	2006 BCCA 395
3:neutral:2006:bcca:397	2006 BCCA 397
3:neutral:2006:bcca:398	2006 BCCA 398
3:neutral:2006:bcca:4	2006 BCCA 4
3:neutral:2006:bcca:404	2006 BCCA 404
3:neutral:2006:bcca:405	2006 BCCA 405
3:neutral:2006:bcca:407	2006 BCCA 407
3:neutral:2006:bcca:409	2006 BCCA 409
3:neutral:2006:bcca:410	2006 BCCA 410
3:neutral:2006:bcca:411	2006 BCCA 411
3:neutral:2006:bcca:412	2006 BCCA 412
3:neutral:2006:bcca:414	2006 BCCA 414
3:neutral:2006:bcca:419	2006 BCCA 419
3:neutral:2006:bcca:424	2006 BCCA 424
3:neutral:2006:bcca:427	2006 BCCA 427
3:neutral:2006:bcca:428	2006 BCCA 428
3:neutral:2006:bcca:43	2006 BCCA 43
3:neutral:2006:bcca:431	2006 BCCA 431
3:neutral:2006:bcca:433	2006 BCCA 433
3:neutral:2006:bcca:434	2006 BCCA 434
3:neutral:2006:bcca:435	2006 BCCA 435
3:neutral:2006:bcca:44	2006 BCCA 44
3:neutral:2006:bcca:445	2006 BCCA 445
3:neutral:2006:bcca:446	2006 BCCA 446
3:neutral:2006:bcca:447	2006 BCCA 447
3:neutral:2006:bcca:448	2006 BCCA 448
3:neutral:2006:bcca:45	2006 BCCA 45
3:neutral:2006:bcca:452	2006 BCCA 452
3:neutral:2006:bcca:459	2006 BCCA 459
3:neutral:2006:bcca:463	2006 BCCA 463
3:neutral:2006:bcca:467	2006 BCCA 467
3:neutral:2006:bcca:470	2006 BCCA 470
3:neutral:2006:bcca:472	2006 BCCA 472
3:neutral:2006:bcca:473	2006 BCCA 473
3:neutral:2006:bcca:476	2006 BCCA 476
3:neutral:2006:bcca:479	2006 BCCA 479
3:neutral:2006:bcca:488	2006 BCCA 488
3:neutral:2006:bcca:489	2006 BCCA 489
3:neutral:2006:bcca:491	2006 BCCA 491
3:neutral:2006:bcca:498	2006 BCCA 498
3:neutral:2006:bcca:499	2006 BCCA 499
3:neutral:2006:bcca:500	2006 BCCA 500
3:neutral:2006:bcca:501	2006 BCCA 501
3:neutral:2006:bcca:504	2006 BCCA 504
3:neutral:2006:bcca:508	2006 BCCA 508
3:neutral:2006:bcca:509	2006 BCCA 509
3:neutral:2006:bcca:510	2006 BCCA 510
3:neutral:2006:bcca:511	2006 BCCA 511
3:neutral:2006:bcca:516	2006 BCCA 516
3:neutral:2006:bcca:521	2006 BCCA 521
3:neutral:2006:bcca:523	2006 BCCA 523
3:neutral:2006:bcca:524	2006 BCCA 524
3:neutral:2006:bcca:525	2006 BCCA 525
3:neutral:2006:bcca:527	2006 BCCA 527
3:neutral:2006:bcca:529	2006 BCCA 529
3:neutral:2006:bcca:530	2006 BCCA 530
3:neutral:2006:bcca:533	2006 BCCA 533
3:neutral:2006:bcca:535	2006 BCCA 535
3:neutral:2006:bcca:536	2006 BCCA 536
3:neutral:2006:bcca:539	2006 BCCA 539
3:neutral:2006:bcca:540	2006 BCCA 540
3:neutral:2006:bcca:543	2006 BCCA 543
3:neutral:2006:bcca:547	2006 BCCA 547
3:neutral:2006:bcca:55	2006 BCCA 55
3:neutral:2006:bcca:556	2006 BCCA 556
3:neutral:2006:bcca:558	2006 BCCA 558
3:neutral:2006:bcca:561	2006 BCCA 561
3:neutral:2006:bcca:562	2006 BCCA 562
3:neutral:2006:bcca:57	2006 BCCA 57
3:neutral:2006:bcca:571	2006 BCCA 571
3:neutral:2006:bcca:577	2006 BCCA 577
3:neutral:2006:bcca:58	2006 BCCA 58
3:neutral:2006:bcca:581	2006 BCCA 581
3:neutral:2006:bcca:582	2006 BCCA 582
3:neutral:2006:bcca:584	2006 BCCA 584
3:neutral:2006:bcca:585	2006 BCCA 585
3:neutral:2006:bcca:592	2006 BCCA 592
3:neutral:2006:bcca:6	2006 BCCA 6
3:neutral:2006:bcca:60	2006 BCCA 60
3:neutral:2006:bcca:63	2006 BCCA 63
3:neutral:2006:bcca:65	2006 BCCA 65
3:neutral:2006:bcca:66	2006 BCCA 66
3:neutral:2006:bcca:67	2006 BCCA 67
3:neutral:2006:bcca:70	2006 BCCA 70
3:neutral:2006:bcca:75	2006 BCCA 75
3:neutral:2006:bcca:8	2006 BCCA 8
3:neutral:2006:bcca:81	2006 BCCA 81
3:neutral:2006:bcca:91	2006 BCCA 91
3:neutral:2006:bcca:92	2006 BCCA 92
3:neutral:2006:bcca:95	2006 BCCA 95
3:neutral:2006:bcca:96	2006 BCCA 96
3:neutral:2006:bcca:98	2006 BCCA 98
3:neutral:2006:bcsc:101	2006 BCSC 101
3:neutral:2006:bcsc:1011	2006 BCSC 1011
3:neutral:2006:bcsc:1015	2006 BCSC 1015
3:neutral:2006:bcsc:1021	2006 BCSC 1021
3:neutral:2006:bcsc:1032	2006 BCSC 1032
3:neutral:2006:bcsc:1037	2006 BCSC 1037
3:neutral:2006:bcsc:1043	2006 BCSC 1043
3:neutral:2006:bcsc:1047	2006 BCSC 1047
3:neutral:2006:bcsc:1070	2006 BCSC 1070
3:neutral:2006:bcsc:1073	2006 BCSC 1073
3:neutral:2006:bcsc:1098	2006 BCSC 1098
3:neutral:2006:bcsc:1102	2006 BCSC 1102
3:neutral:2006:bcsc:1126	2006 BCSC 1126
3:neutral:2006:bcsc:1141	2006 BCSC 1141
3:neutral:2006:bcsc:1146	2006 BCSC 1146
3:neutral:2006:bcsc:1150	2006 BCSC 1150
3:neutral:2006:bcsc:1166	2006 BCSC 1166
3:neutral:2006:bcsc:118	2006 BCSC 118
3:neutral:2006:bcsc:1180	2006 BCSC 1180
3:neutral:2006:bcsc:1192	2006 BCSC 1192
3:neutral:2006:bcsc:1195	2006 BCSC 1195
3:neutral:2006:bcsc:1196	2006 BCSC 1196
3:neutral:2006:bcsc:1197	2006 BCSC 1197
3:neutral:2006:bcsc:1201	2006 BCSC 1201
3:neutral:2006:bcsc:1202	2006 BCSC 1202
3:neutral:2006:bcsc:1213	2006 BCSC 1213
3:neutral:2006:bcsc:1233	2006 BCSC 1233
3:neutral:2006:bcsc:1245	2006 BCSC 1245
3:neutral:2006:bcsc:1256	2006 BCSC 1256
3:neutral:2006:bcsc:1260	2006 BCSC 1260
3:neutral:2006:bcsc:1276	2006 BCSC 1276
3:neutral:2006:bcsc:128	2006 BCSC 128
3:neutral:2006:bcsc:1283	2006 BCSC 1283
3:neutral:2006:bcsc:129	2006 BCSC 129
3:neutral:2006:bcsc:1308	2006 BCSC 1308
3:neutral:2006:bcsc:1324	2006 BCSC 1324
3:neutral:2006:bcsc:1328	2006 BCSC 1328
3:neutral:2006:bcsc:1334	2006 BCSC 1334
3:neutral:2006:bcsc:1342	2006 BCSC 1342
3:neutral:2006:bcsc:1353	2006 BCSC 1353
3:neutral:2006:bcsc:1372	2006 BCSC 1372
3:neutral:2006:bcsc:1382	2006 BCSC 1382
3:neutral:2006:bcsc:140	2006 BCSC 140
3:neutral:2006:bcsc:1404	2006 BCSC 1404
3:neutral:2006:bcsc:1409	2006 BCSC 1409
3:neutral:2006:bcsc:1415	2006 BCSC 1415
3:neutral:2006:bcsc:1420	2006 BCSC 1420
3:neutral:2006:bcsc:1425	2006 BCSC 1425
3:neutral:2006:bcsc:1426	2006 BCSC 1426
3:neutral:2006:bcsc:1432	2006 BCSC 1432
3:neutral:2006:bcsc:1450	2006 BCSC 1450
3:neutral:2006:bcsc:1457	2006 BCSC 1457
3:neutral:2006:bcsc:1481	2006 BCSC 1481
3:neutral:2006:bcsc:1494	2006 BCSC 1494
3:neutral:2006:bcsc:1517	2006 BCSC 1517
3:neutral:2006:bcsc:1519	2006 BCSC 1519
3:neutral:2006:bcsc:1539	2006 BCSC 1539
3:neutral:2006:bcsc:1549	2006 BCSC 1549
3:neutral:2006:bcsc:155	2006 BCSC 155
3:neutral:2006:bcsc:1554	2006 BCSC 1554
3:neutral:2006:bcsc:156	2006 BCSC 156
3:neutral:2006:bcsc:157	2006 BCSC 157
3:neutral:2006:bcsc:1573	2006 BCSC 1573
3:neutral:2006:bcsc:1578	2006 BCSC 1578
3:neutral:2006:bcsc:1609	2006 BCSC 1609
3:neutral:2006:bcsc:1615	2006 BCSC 1615
3:neutral:2006:bcsc:1616	2006 BCSC 1616
3:neutral:2006:bcsc:162	2006 BCSC 162
3:neutral:2006:bcsc:1623	2006 BCSC 1623
3:neutral:2006:bcsc:1635	2006 BCSC 1635
3:neutral:2006:bcsc:1641	2006 BCSC 1641
3:neutral:2006:bcsc:165	2006 BCSC 165
3:neutral:2006:bcsc:1653	2006 BCSC 1653
3:neutral:2006:bcsc:1656	2006 BCSC 1656
3:neutral:2006:bcsc:1662	2006 BCSC 1662
3:neutral:2006:bcsc:167	2006 BCSC 167
3:neutral:2006:bcsc:1672	2006 BCSC 1672
3:neutral:2006:bcsc:1685	2006 BCSC 1685
3:neutral:2006:bcsc:1738	2006 BCSC 1738
3:neutral:2006:bcsc:1742	2006 BCSC 1742
3:neutral:2006:bcsc:177	2006 BCSC 177
3:neutral:2006:bcsc:1783	2006 BCSC 1783
3:neutral:2006:bcsc:180	2006 BCSC 180
3:neutral:2006:bcsc:181	2006 BCSC 181
3:neutral:2006:bcsc:1851	2006 BCSC 1851
3:neutral:2006:bcsc:1859	2006 BCSC 1859
3:neutral:2006:bcsc:1891	2006 BCSC 1891
3:neutral:2006:bcsc:190	2006 BCSC 190
3:neutral:2006:bcsc:1921	2006 BCSC 1921
3:neutral:2006:bcsc:1928	2006 BCSC 1928
3:neutral:2006:bcsc:1960	2006 BCSC 1960
3:neutral:2006:bcsc:1975	2006 BCSC 1975
3:neutral:2006:bcsc:203	2006 BCSC 203
3:neutral:2006:bcsc:211	2006 BCSC 211
3:neutral:2006:bcsc:242	2006 BCSC 242
3:neutral:2006:bcsc:258	2006 BCSC 258
3:neutral:2006:bcsc:270	2006 BCSC 270
3:neutral:2006:bcsc:278	2006 BCSC 278
3:neutral:2006:bcsc:285	2006 BCSC 285
3:neutral:2006:bcsc:293	2006 BCSC 293
3:neutral:2006:bcsc:305	2006 BCSC 305
3:neutral:2006:bcsc:331	2006 BCSC 331
3:neutral:2006:bcsc:333	2006 BCSC 333
3:neutral:2006:bcsc:335	2006 BCSC 335
3:neutral:2006:bcsc:339	2006 BCSC 339
3:neutral:2006:bcsc:351	2006 BCSC 351
3:neutral:2006:bcsc:352	2006 BCSC 352
3:neutral:2006:bcsc:362	2006 BCSC 362
3:neutral:2006:bcsc:393	2006 BCSC 393
3:neutral:2006:bcsc:406	2006 BCSC 406
3:neutral:2006:bcsc:43	2006 BCSC 43
3:neutral:2006:bcsc:441	2006 BCSC 441
3:neutral:2006:bcsc:454	2006 BCSC 454
3:neutral:2006:bcsc:455	2006 BCSC 455
3:neutral:2006:bcsc:486	2006 BCSC 486
3:neutral:2006:bcsc:499	2006 BCSC 499
3:neutral:2006:bcsc:514	2006 BCSC 514
3:neutral:2006:bcsc:524	2006 BCSC 524
3:neutral:2006:bcsc:528	2006 BCSC 528
3:neutral:2006:bcsc:53	2006 BCSC 53
3:neutral:2006:bcsc:542	2006 BCSC 542
3:neutral:2006:bcsc:554	2006 BCSC 554
3:neutral:2006:bcsc:560	2006 BCSC 560
3:neutral:2006:bcsc:58	2006 BCSC 58
3:neutral:2006:bcsc:604	2006 BCSC 604
3:neutral:2006:bcsc:608	2006 BCSC 608
3:neutral:2006:bcsc:650	2006 BCSC 650
3:neutral:2006:bcsc:652	2006 BCSC 652
3:neutral:2006:bcsc:663	2006 BCSC 663
3:neutral:2006:bcsc:669	2006 BCSC 669
3:neutral:2006:bcsc:681	2006 BCSC 681
3:neutral:2006:bcsc:690	2006 BCSC 690
3:neutral:2006:bcsc:703	2006 BCSC 703
3:neutral:2006:bcsc:710	2006 BCSC 710
3:neutral:2006:bcsc:717	2006 BCSC 717
3:neutral:2006:bcsc:743	2006 BCSC 743
3:neutral:2006:bcsc:752	2006 BCSC 752
3:neutral:2006:bcsc:771	2006 BCSC 771
3:neutral:2006:bcsc:784	2006 BCSC 784
3:neutral:2006:bcsc:789	2006 BCSC 789
3:neutral:2006:bcsc:795	2006 BCSC 795
3:neutral:2006:bcsc:799	2006 BCSC 799
3:neutral:2006:bcsc:800	2006 BCSC 800
3:neutral:2006:bcsc:803	2006 BCSC 803
3:neutral:2006:bcsc:814	2006 BCSC 814
3:neutral:2006:bcsc:822	2006 BCSC 822
3:neutral:2006:bcsc:826	2006 BCSC 826
3:neutral:2006:bcsc:830	2006 BCSC 830
3:neutral:2006:bcsc:841	2006 BCSC 841
3:neutral:2006:bcsc:854	2006 BCSC 854
3:neutral:2006:bcsc:856	2006 BCSC 856
3:neutral:2006:bcsc:859	2006 BCSC 859
3:neutral:2006:bcsc:863	2006 BCSC 863
3:neutral:2006:bcsc:882	2006 BCSC 882
3:neutral:2006:bcsc:885	2006 BCSC 885
3:neutral:2006:bcsc:900	2006 BCSC 900
3:neutral:2006:bcsc:921	2006 BCSC 921
3:neutral:2006:bcsc:93	2006 BCSC 93
3:neutral:2006:bcsc:934	2006 BCSC 934
3:neutral:2006:bcsc:945	2006 BCSC 945
3:neutral:2006:bcsc:949	2006 BCSC 949
3:neutral:2006:bcsc:951	2006 BCSC 951
3:neutral:2006:bcsc:955	2006 BCSC 955
3:neutral:2006:bcsc:956	2006 BCSC 956
3:neutral:2006:bcsc:961	2006 BCSC 961
3:neutral:2006:bcsc:966	2006 BCSC 966
3:neutral:2006:bcsc:970	2006 BCSC 970
3:neutral:2006:bcsc:99	2006 BCSC 99
3:neutral:2006:fc:1	2006 FC 1
3:neutral:2006:fc:1002	2006 FC 1002
3:neutral:2006:fc:1007	2006 FC 1007
3:neutral:2006:fc:1008	2006 FC 1008
3:neutral:2006:fc:1009	2006 FC 1009
3:neutral:2006:fc:1015	2006 FC 1015
3:neutral:2006:fc:1030	2006 FC 1030
3:neutral:2006:fc:1046	2006 FC 1046
3:neutral:2006:fc:1056	2006 FC 1056
3:neutral:2006:fc:1070	2006 FC 1070
3:neutral:2006:fc:1088	2006 FC 1088
3:neutral:2006:fc:1089	2006 FC 1089
3:neutral:2006:fc:109	2006 FC 109
3:neutral:2006:fc:1093	2006 FC 1093
3:neutral:2006:fc:1102	2006 FC 1102
3:neutral:2006:fc:1104	2006 FC 1104
3:neutral:2006:fc:1115	2006 FC 1115
3:neutral:2006:fc:1125	2006 FC 1125
3:neutral:2006:fc:1130	2006 FC 1130
3:neutral:2006:fc:1133	2006 FC 1133
3:neutral:2006:fc:1134	2006 FC 1134
3:neutral:2006:fc:1142	2006 FC 1142
3:neutral:2006:fc:1159	2006 FC 1159
3:neutral:2006:fc:1163	2006 FC 1163
3:neutral:2006:fc:1164	2006 FC 1164
3:neutral:2006:fc:1169	2006 FC 1169
3:neutral:2006:fc:1174	2006 FC 1174
3:neutral:2006:fc:1175	2006 FC 1175
3:neutral:2006:fc:1178	2006 FC 1178
3:neutral:2006:fc:1182	2006 FC 1182
3:neutral:2006:fc:1199	2006 FC 1199
3:neutral:2006:fc:120	2006 FC 120
3:neutral:2006:fc:1200	2006 FC 1200
3:neutral:2006:fc:1209	2006 FC 1209
3:neutral:2006:fc:122	2006 FC 122
3:neutral:2006:fc:1222	2006 FC 1222
3:neutral:2006:fc:1229	2006 FC 1229
3:neutral:2006:fc:123	2006 FC 123
3:neutral:2006:fc:1230	2006 FC 1230
3:neutral:2006:fc:1234	2006 FC 1234
3:neutral:2006:fc:1235	2006 FC 1235
3:neutral:2006:fc:1242	2006 FC 1242
3:neutral:2006:fc:1248	2006 FC 1248
3:neutral:2006:fc:1252	2006 FC 1252
3:neutral:2006:fc:1253	2006 FC 1253
3:neutral:2006:fc:1255	2006 FC 1255
3:neutral:2006:fc:1263	2006 FC 1263
3:neutral:2006:fc:1273	2006 FC 1273
3:neutral:2006:fc:1274	2006 FC 1274
3:neutral:2006:fc:1275	2006 FC 1275
3:neutral:2006:fc:1279	2006 FC 1279
3:neutral:2006:fc:1283	2006 FC 1283
3:neutral:2006:fc:1287	2006 FC 1287
3:neutral:2006:fc:129	2006 FC 129
3:neutral:2006:fc:1295	2006 FC 1295
3:neutral:2006:fc:1296	2006 FC 1296
3:neutral:2006:fc:1298	2006 FC 1298
3:neutral:2006:fc:130	2006 FC 130
3:neutral:2006:fc:1310	2006 FC 1310
3:neutral:2006:fc:1312	2006 FC 1312
3:neutral:2006:fc:1314	2006 FC 1314
3:neutral:2006:fc:1317	2006 FC 1317
3:neutral:2006:fc:132	2006 FC 132
3:neutral:2006:fc:133	2006 FC 133
3:neutral:2006:fc:1347	2006 FC 1347
3:neutral:2006:fc:1349	2006 FC 1349
3:neutral:2006:fc:135	2006 FC 135
3:neutral:2006:fc:1354	2006 FC 1354
3:neutral:2006:fc:1357	2006 FC 1357
3:neutral:2006:fc:1358	2006 FC 1358
3:neutral:2006:fc:136	2006 FC 136
3:neutral:2006:fc:1360	2006 FC 1360
3:neutral:2006:fc:1370	2006 FC 1370
3:neutral:2006:fc:1371	2006 FC 1371
3:neutral:2006:fc:1373	2006 FC 1373
3:neutral:2006:fc:1377	2006 FC 1377
3:neutral:2006:fc:1378	2006 FC 1378
3:neutral:2006:fc:1379	2006 FC 1379
3:neutral:2006:fc:1385	2006 FC 1385
3:neutral:2006:fc:1386	2006 FC 1386
3:neutral:2006:fc:1388	2006 FC 1388
3:neutral:2006:fc:139	2006 FC 139
3:neutral:2006:fc:1395	2006 FC 1395
3:neutral:2006:fc:1397	2006 FC 1397
3:neutral:2006:fc:1399	2006 FC 1399
3:neutral:2006:fc:1403	2006 FC 1403
3:neutral:2006:fc:1404	2006 FC 1404
3:neutral:2006:fc:1408	2006 FC 1408
3:neutral:2006:fc:1410	2006 FC 1410
3:neutral:2006:fc:1411	2006 FC 1411
3:neutral:2006:fc:1437	2006 FC 1437
3:neutral:2006:fc:1440	2006 FC 1440
3:neutral:2006:fc:1442	2006 FC 1442
3:neutral:2006:fc:1457	2006 FC 1457
3:neutral:2006:fc:1461	2006 FC 1461
3:neutral:2006:fc:1464	2006 FC 1464
3:neutral:2006:fc:1466	2006 FC 1466
3:neutral:2006:fc:1471	2006 FC 1471
3:neutral:2006:fc:1480	2006 FC 1480
3:neutral:2006:fc:1484	2006 FC 1484
3:neutral:2006:fc:1485	2006 FC 1485
3:neutral:2006:fc:1490	2006 FC 1490
3:neutral:2006:fc:15	2006 FC 15
3:neutral:2006:fc:150	2006 FC 150
3:neutral:2006:fc:1503	2006 FC 1503
3:neutral:2006:fc:1509	2006 FC 1509
3:neutral:2006:fc:1511	2006 FC 1511
3:neutral:2006:fc:1513	2006 FC 1513
3:neutral:2006:fc:1523	2006 FC 1523
3:neutral:2006:fc:1535	2006 FC 1535
3:neutral:2006:fc:1536	2006 FC 1536
3:neutral:2006:fc:1548	2006 FC 1548
3:neutral:2006:fc:1549	2006 FC 1549
3:neutral:2006:fc:1554	2006 FC 1554
3:neutral:2006:fc:1558	2006 FC 1558
3:neutral:2006:fc:16	2006 FC 16
3:neutral:2006:fc:17	2006 FC 17
3:neutral:2006:fc:175	2006 FC 175
3:neutral:2006:fc:182	2006 FC 182
3:neutral:2006:fc:186	2006 FC 186
3:neutral:2006:fc:188	2006 FC 188
3:neutral:2006:fc:197	2006 FC 197
3:neutral:2006:fc:213	2006 FC 213
3:neutral:2006:fc:217	2006 FC 217
3:neutral:2006:fc:220	2006 FC 220
3:neutral:2006:fc:221	2006 FC 221
3:neutral:2006:fc:225	2006 FC 225
3:neutral:2006:fc:246	2006 FC 246
3:neutral:2006:fc:251	2006 FC 251
3:neutral:2006:fc:259	2006 FC 259
3:neutral:2006:fc:261	2006 FC 261
3:neutral:2006:fc:268	2006 FC 268
3:neutral:2006:fc:269	2006 FC 269
3:neutral:2006:fc:28	2006 FC 28
3:neutral:2006:fc:284	2006 FC 284
3:neutral:2006:fc:285	2006 FC 285
3:neutral:2006:fc:294	2006 FC 294
3:neutral:2006:fc:3	2006 FC 3
3:neutral:2006:fc:302	2006 FC 302
3:neutral:2006:fc:311	2006 FC 311
3:neutral:2006:fc:321	2006 FC 321
3:neutral:2006:fc:323	2006 FC 323
3:neutral:2006:fc:327	2006 FC 327
3:neutral:2006:fc:333	2006 FC 333
3:neutral:2006:fc:338	2006 FC 338
3:neutral:2006:fc:345	2006 FC 345
3:neutral:2006:fc:346	2006 FC 346
3:neutral:2006:fc:359	2006 FC 359
3:neutral:2006:fc:372	2006 FC 372
3:neutral:2006:fc:379	2006 FC 379
3:neutral:2006:fc:381	2006 FC 381
3:neutral:2006:fc:400	2006 FC 400
3:neutral:2006:fc:403	2006 FC 403
3:neutral:2006:fc:405	2006 FC 405
3:neutral:2006:fc:409	2006 FC 409
3:neutral:2006:fc:411	2006 FC 411
3:neutral:2006:fc:420	2006 FC 420
3:neutral:2006:fc:421	2006 FC 421
3:neutral:2006:fc:422	2006 FC 422
3:neutral:2006:fc:436	2006 FC 436
3:neutral:2006:fc:442	2006 FC 442
3:neutral:2006:fc:447	2006 FC 447
3:neutral:2006:fc:456	2006 FC 456
3:neutral:2006:fc:459	2006 FC 459
3:neutral:2006:fc:461	2006 FC 461
3:neutral:2006:fc:463	2006 FC 463
3:neutral:2006:fc:466	2006 FC 466
3:neutral:2006:fc:469	2006 FC 469
3:neutral:2006:fc:470	2006 FC 470
3:neutral:2006:fc:479	2006 FC 479
3:neutral:2006:fc:481	2006 FC 481
3:neutral:2006:fc:487	2006 FC 487
3:neutral:2006:fc:498	2006 FC 498
3:neutral:2006:fc:50	2006 FC 50
3:neutral:2006:fc:500	2006 FC 500
3:neutral:2006:fc:503	2006 FC 503
3:neutral:2006:fc:505	2006 FC 505
3:neutral:2006:fc:509	2006 FC 509
3:neutral:2006:fc:515	2006 FC 515
3:neutral:2006:fc:524	2006 FC 524
3:neutral:2006:fc:527	2006 FC 527
3:neutral:2006:fc:533	2006 FC 533
3:neutral:2006:fc:535	2006 FC 535
3:neutral:2006:fc:540	2006 FC 540
3:neutral:2006:fc:552	2006 FC 552
3:neutral:2006:fc:560	2006 FC 560
3:neutral:2006:fc:561	2006 FC 561
3:neutral:2006:fc:563	2006 FC 563
3:neutral:2006:fc:576	2006 FC 576
3:neutral:2006:fc:584	2006 FC 584
3:neutral:2006:fc:586	2006 FC 586
3:neutral:2006:fc:594	2006 FC 594
3:neutral:2006:fc:62	2006 FC 62
3:neutral:2006:fc:628	2006 FC 628
3:neutral:2006:fc:631	2006 FC 631
3:neutral:2006:fc:638	2006 FC 638
3:neutral:2006:fc:641	2006 FC 641
3:neutral:2006:fc:654	2006 FC 654
3:neutral:2006:fc:657	2006 FC 657
3:neutral:2006:fc:674	2006 FC 674
3:neutral:2006:fc:675	2006 FC 675
3:neutral:2006:fc:679	2006 FC 679
3:neutral:2006:fc:691	2006 FC 691
3:neutral:2006:fc:696	2006 FC 696
3:neutral:2006:fc:7	2006 FC 7
3:neutral:2006:fc:703	2006 FC 703
3:neutral:2006:fc:705	2006 FC 705
3:neutral:2006:fc:708	2006 FC 708
3:neutral:2006:fc:709	2006 FC 709
3:neutral:2006:fc:711	2006 FC 711
3:neutral:2006:fc:720	2006 FC 720
3:neutral:2006:fc:721	2006 FC 721
3:neutral:2006:fc:727	2006 FC 727
3:neutral:2006:fc:733	2006 FC 733
3:neutral:2006:fc:738	2006 FC 738
3:neutral:2006:fc:739	2006 FC 739
3:neutral:2006:fc:750	2006 FC 750
3:neutral:2006:fc:753	2006 FC 753
3:neutral:2006:fc:767	2006 FC 767
3:neutral:2006:fc:77	2006 FC 77
3:neutral:2006:fc:778	2006 FC 778
3:neutral:2006:fc:779	2006 FC 779
3:neutral:2006:fc:78	2006 FC 78
3:neutral:2006:fc:780	2006 FC 780
3:neutral:2006:fc:788	2006 FC 788
3:neutral:2006:fc:792	2006 FC 792
3:neutral:2006:fc:796	2006 FC 796
3:neutral:2006:fc:806	2006 FC 806
3:neutral:2006:fc:812	2006 FC 812
3:neutral:2006:fc:814	2006 FC 814
3:neutral:2006:fc:818	2006 FC 818
3:neutral:2006:fc:828	2006 FC 828
3:neutral:2006:fc:847	2006 FC 847
3:neutral:2006:fc:857	2006 FC 857
3:neutral:2006:fc:858	2006 FC 858
3:neutral:2006:fc:859	2006 FC 859
3:neutral:2006:fc:861	2006 FC 861
3:neutral:2006:fc:862	2006 FC 862
3:neutral:2006:fc:864	2006 FC 864
3:neutral:2006:fc:881	2006 FC 881
3:neutral:2006:fc:889	2006 FC 889
3:neutral:2006:fc:894	2006 FC 894
3:neutral:2006:fc:9	2006 FC 9
3:neutral:2006:fc:912	2006 FC 912
3:neutral:2006:fc:921	2006 FC 921
3:neutral:2006:fc:931	2006 FC 931
3:neutral:2006:fc:937	2006 FC 937
3:neutral:2006:fc:953	2006 FC 953
3:neutral:2006:fc:956	2006 FC 956
3:neutral:2006:fc:971	2006 FC 971
3:neutral:2006:fc:976	2006 FC 976
3:neutral:2006:fc:984	2006 FC 984
3:neutral:2006:fc:988	2006 FC 988
3:neutral:2006:fc:990	2006 FC 990
3:neutral:2006:fca:1	2006 FCA 1
3:neutral:2006:fca:105	2006 FCA 105
3:neutral:2006:fca:107	2006 FCA 107
3:neutral:2006:fca:113	2006 FCA 113
3:neutral:2006:fca:119	2006 FCA 119
3:neutral:2006:fca:124	2006 FCA 124
3:neutral:2006:fca:126	2006 FCA 126
3:neutral:2006:fca:127	2006 FCA 127
3:neutral:2006:fca:128	2006 FCA 128
3:neutral:2006:fca:139	2006 FCA 139
3:neutral:2006:fca:14	2006 FCA 14
3:neutral:2006:fca:144	2006 FCA 144
3:neutral:2006:fca:151	2006 FCA 151
3:neutral:2006:fca:153	2006 FCA 153
3:neutral:2006:fca:157	2006 FCA 157
3:neutral:2006:fca:161	2006 FCA 161
3:neutral:2006:fca:172	2006 FCA 172
3:neutral:2006:fca:177	2006 FCA 177
3:neutral:2006:fca:178	2006 FCA 178
3:neutral:2006:fca:180	2006 FCA 180
3:neutral:2006:fca:186	2006 FCA 186
3:neutral:2006:fca:187	2006 FCA 187
3:neutral:2006:fca:190	2006 FCA 190
3:neutral:2006:fca:194	2006 FCA 194
3:neutral:2006:fca:195	2006 FCA 195
3:neutral:2006:fca:196	2006 FCA 196
3:neutral:2006:fca:198	2006 FCA 198
3:neutral:2006:fca:205	2006 FCA 205
3:neutral:2006:fca:206	2006 FCA 206
3:neutral:2006:fca:208	2006 FCA 208
3:neutral:2006:fca:213	2006 FCA 213
3:neutral:2006:fca:214	2006 FCA 214
3:neutral:2006:fca:215	2006 FCA 215
3:neutral:2006:fca:217	2006 FCA 217
3:neutral:2006:fca:224	2006 FCA 224
3:neutral:2006:fca:227	2006 FCA 227
3:neutral:2006:fca:229	2006 FCA 229
3:neutral:2006:fca:233	2006 FCA 233
3:neutral:2006:fca:234	2006 FCA 234
3:neutral:2006:fca:236	2006 FCA 236
3:neutral:2006:fca:237	2006 FCA 237
3:neutral:2006:fca:241	2006 FCA 241
3:neutral:2006:fca:248	2006 FCA 248
3:neutral:2006:fca:249	2006 FCA 249
3:neutral:2006:fca:25	2006 FCA 25
3:neutral:2006:fca:252	2006 FCA 252
3:neutral:2006:fca:257	2006 FCA 257
3:neutral:2006:fca:259	2006 FCA 259
3:neutral:2006:fca:260	2006 FCA 260
3:neutral:2006:fca:265	2006 FCA 265
3:neutral:2006:fca:266	2006 FCA 266
3:neutral:2006:fca:27	2006 FCA 27
3:neutral:2006:fca:275	2006 FCA 275
3:neutral:2006:fca:279	2006 FCA 279
3:neutral:2006:fca:281	2006 FCA 281
3:neutral:2006:fca:283	2006 FCA 283
3:neutral:2006:fca:284	2006 FCA 284
3:neutral:2006:fca:289	2006 FCA 289
3:neutral:2006:fca:291	2006 FCA 291
3:neutral:2006:fca:30	2006 FCA 30
3:neutral:2006:fca:31	2006 FCA 31
3:neutral:2006:fca:316	2006 FCA 316
3:neutral:2006:fca:318	2006 FCA 318
3:neutral:2006:fca:32	2006 FCA 32
3:neutral:2006:fca:323	2006 FCA 323
3:neutral:2006:fca:324	2006 FCA 324
3:neutral:2006:fca:325	2006 FCA 325
3:neutral:2006:fca:326	2006 FCA 326
3:neutral:2006:fca:327	2006 FCA 327
3:neutral:2006:fca:328	2006 FCA 328
3:neutral:2006:fca:331	2006 FCA 331
3:neutral:2006:fca:334	2006 FCA 334
3:neutral:2006:fca:335	2006 FCA 335
3:neutral:2006:fca:337	2006 FCA 337
3:neutral:2006:fca:345	2006 FCA 345
3:neutral:2006:fca:346	2006 FCA 346
3:neutral:2006:fca:350	2006 FCA 350
3:neutral:2006:fca:352	2006 FCA 352
3:neutral:2006:fca:358	2006 FCA 358
3:neutral:2006:fca:36	2006 FCA 36
3:neutral:2006:fca:365	2006 FCA 365
3:neutral:2006:fca:366	2006 FCA 366
3:neutral:2006:fca:374	2006 FCA 374
3:neutral:2006:fca:380	2006 FCA 380
3:neutral:2006:fca:386	2006 FCA 386
3:neutral:2006:fca:394	2006 FCA 394
3:neutral:2006:fca:397	2006 FCA 397
3:neutral:2006:fca:398	2006 FCA 398
3:neutral:2006:fca:400	2006 FCA 400
3:neutral:2006:fca:401	2006 FCA 401
3:neutral:2006:fca:403	2006 FCA 403
3:neutral:2006:fca:406	2006 FCA 406
3:neutral:2006:fca:409	2006 FCA 409
3:neutral:2006:fca:41	2006 FCA 41
3:neutral:2006:fca:413	2006 FCA 413
3:neutral:2006:fca:415	2006 FCA 415
3:neutral:2006:fca:416	2006 FCA 416
3:neutral:2006:fca:417	2006 FCA 417
3:neutral:2006:fca:419	2006 FCA 419
3:neutral:2006:fca:421	2006 FCA 421
3:neutral:2006:fca:426	2006 FCA 426
3:neutral:2006:fca:44	2006 FCA 44
3:neutral:2006:fca:59	2006 FCA 59
3:neutral:2006:fca:6	2006 FCA 6
3:neutral:2006:fca:60	2006 FCA 60
3:neutral:2006:fca:64	2006 FCA 64
3:neutral:2006:fca:67	2006 FCA 67
3:neutral:2006:fca:68	2006 FCA 68
3:neutral:2006:fca:77	2006 FCA 77
3:neutral:2006:fca:79	2006 FCA 79
3:neutral:2006:fca:83	2006 FCA 83
3:neutral:2006:fca:86	2006 FCA 86
3:neutral:2006:fca:87	2006 FCA 87
3:neutral:2006:fca:92	2006 FCA 92
3:neutral:2006:fca:96	2006 FCA 96
3:neutral:2006:nsca:1	2006 NSCA 1
3:neutral:2006:nsca:114	2006 NSCA 114
3:neutral:2006:nsca:124	2006 NSCA 124
3:neutral:2006:nsca:131	2006 NSCA 131
3:neutral:2006:nsca:14	2006 NSCA 14
3:neutral:2006:nsca:20	2006 NSCA 20
3:neutral:2006:nsca:21	2006 NSCA 21
3:neutral:2006:nsca:22	2006 NSCA 22
3:neutral:2006:nsca:3	2006 NSCA 3
3:neutral:2006:nsca:30	2006 NSCA 30
3:neutral:2006:nsca:34	2006 NSCA 34
3:neutral:2006:nsca:42	2006 NSCA 42
3:neutral:2006:nsca:45	2006 NSCA 45
3:neutral:2006:nsca:47	2006 NSCA 47
3:neutral:2006:nsca:51	2006 NSCA 51
3:neutral:2006:nsca:69	2006 NSCA 69
3:neutral:2006:nsca:72	2006 NSCA 72
3:neutral:2006:nsca:78	2006 NSCA 78
3:neutral:2006:nsca:85	2006 NSCA 85
3:neutral:2006:nsca:88	2006 NSCA 88
3:neutral:2006:nsca:91	2006 NSCA 91
3:neutral:2006:nsca:95	2006 NSCA 95
3:neutral:2006:nspc:38	2006 NSPC 38
3:neutral:2006:nspc:4	2006 NSPC 4
3:neutral:2006:nspc:52	2006 NSPC 52
3:neutral:2006:nssc:10	2006 NSSC 10
3:neutral:2006:nssc:115	2006 NSSC 115
3:neutral:2006:nssc:2	2006 NSSC 2
3:neutral:2006:nssc:229	2006 NSSC 229
3:neutral:2006:nssc:26	2006 NSSC 26
3:neutral:2006:nssc:321	2006 NSSC 321
3:neutral:2006:nssc:34	2006 NSSC 34
3:neutral:2006:nssc:353	2006 NSSC 353
3:neutral:2006:nssc:401	2006 NSSC 401
3:neutral:2006:nssc:6	2006 NSSC 6
3:neutral:2006:nssc:9	2006 NSSC 9
3:neutral:2006:scc:10	2006 SCC 10
3:neutral:2006:scc:11	2006 SCC 11
3:neutral:2006:scc:12	2006 SCC 12
3:neutral:2006:scc:13	2006 SCC 13
3:neutral:2006:scc:14	2006 SCC 14
3:neutral:2006:scc:15	2006 SCC 15
3:neutral:2006:scc:16	2006 SCC 16
3:neutral:2006:scc:17	2006 SCC 17
3:neutral:2006:scc:18	2006 SCC 18
3:neutral:2006:scc:20	2006 SCC 20
3:neutral:2006:scc:22	2006 SCC 22
3:neutral:2006:scc:23	2006 SCC 23
3:neutral:2006:scc:25	2006 SCC 25
3:neutral:2006:scc:26	2006 SCC 26
3:neutral:2006:scc:28	2006 SCC 28
3:neutral:2006:scc:30	2006 SCC 30
3:neutral:2006:scc:32	2006 SCC 32
3:neutral:2006:scc:33	2006 SCC 33
3:neutral:2006:scc:36	2006 SCC 36
3:neutral:2006:scc:37	2006 SCC 37
3:neutral:2006:scc:39	2006 SCC 39
3:neutral:2006:scc:4	2006 SCC 4
3:neutral:2006:scc:40	2006 SCC 40
3:neutral:2006:scc:41	2006 SCC 41
3:neutral:2006:scc:42	2006 SCC 42
3:neutral:2006:scc:44	2006 SCC 44
3:neutral:2006:scc:47	2006 SCC 47
3:neutral:2006:scc:49	2006 SCC 49
3:neutral:2006:scc:52	2006 SCC 52
3:neutral:2006:scc:55	2006 SCC 55
3:neutral:2006:scc:57	2006 SCC 57
3:neutral:2006:scc:7	2006 SCC 7
3:neutral:2006:scc:9	2006 SCC 9
3:neutral:2006:tcc:128	2006 TCC 128
3:neutral:2006:tcc:13	2006 TCC 13
3:neutral:2006:tcc:140	2006 TCC 140
3:neutral:2006:tcc:145	2006 TCC 145
3:neutral:2006:tcc:147	2006 TCC 147
3:neutral:2006:tcc:148	2006 TCC 148
3:neutral:2006:tcc:15	2006 TCC 15
3:neutral:2006:tcc:172	2006 TCC 172
3:neutral:2006:tcc:184	2006 TCC 184
3:neutral:2006:tcc:187	2006 TCC 187
3:neutral:2006:tcc:195	2006 TCC 195
3:neutral:2006:tcc:199	2006 TCC 199
3:neutral:2006:tcc:2	2006 TCC 2
3:neutral:2006:tcc:200	2006 TCC 200
3:neutral:2006:tcc:208	2006 TCC 208
3:neutral:2006:tcc:24	2006 TCC 24
3:neutral:2006:tcc:270	2006 TCC 270
3:neutral:2006:tcc:278	2006 TCC 278
3:neutral:2006:tcc:290	2006 TCC 290
3:neutral:2006:tcc:309	2006 TCC 309
3:neutral:2006:tcc:31	2006 TCC 31
3:neutral:2006:tcc:315	2006 TCC 315
3:neutral:2006:tcc:325	2006 TCC 325
3:neutral:2006:tcc:346	2006 TCC 346
3:neutral:2006:tcc:348	2006 TCC 348
3:neutral:2006:tcc:37	2006 TCC 37
3:neutral:2006:tcc:38	2006 TCC 38
3:neutral:2006:tcc:396	2006 TCC 396
3:neutral:2006:tcc:42	2006 TCC 42
3:neutral:2006:tcc:424	2006 TCC 424
3:neutral:2006:tcc:44	2006 TCC 44
3:neutral:2006:tcc:441	2006 TCC 441
3:neutral:2006:tcc:460	2006 TCC 460
3:neutral:2006:tcc:480	2006 TCC 480
3:neutral:2006:tcc:500	2006 TCC 500
3:neutral:2006:tcc:501	2006 TCC 501
3:neutral:2006:tcc:505	2006 TCC 505
3:neutral:2006:tcc:509	2006 TCC 509
3:neutral:2006:tcc:51	2006 TCC 51
3:neutral:2006:tcc:524	2006 TCC 524
3:neutral:2006:tcc:575	2006 TCC 575
3:neutral:2006:tcc:578	2006 TCC 578
3:neutral:2006:tcc:59	2006 TCC 59
3:neutral:2006:tcc:603	2006 TCC 603
3:neutral:2006:tcc:612	2006 TCC 612
3:neutral:2006:tcc:624	2006 TCC 624
3:neutral:2006:tcc:628	2006 TCC 628
3:neutral:2006:tcc:634	2006 TCC 634
3:neutral:2006:tcc:648	2006 TCC 648
3:neutral:2006:tcc:65	2006 TCC 65
3:neutral:2006:tcc:664	2006 TCC 664
3:neutral:2006:tcc:680	2006 TCC 680
3:neutral:2006:tcc:681	2006 TCC 681
3:neutral:2006:tcc:69	2006 TCC 69
3:neutral:2006:tcc:695	2006 TCC 695
3:neutral:2006:tcc:74	2006 TCC 74
3:neutral:2006:tcc:76	2006 TCC 76
3:neutral:2006:tcc:82	2006 TCC 82
3:neutral:2006:tcc:90	2006 TCC 90
3:neutral:2006:ykca:13	2006 YKCA 13
3:neutral:2006:ykca:14	2006 YKCA 14
3:neutral:2007:bcca:1	2007 BCCA 1
3:neutral:2007:bcca:102	2007 BCCA 102
3:neutral:2007:bcca:103	2007 BCCA 103
3:neutral:2007:bcca:106	2007 BCCA 106
3:neutral:2007:bcca:111	2007 BCCA 111
3:neutral:2007:bcca:114	2007 BCCA 114
3:neutral:2007:bcca:119	2007 BCCA 119
3:neutral:2007:bcca:12	2007 BCCA 12
3:neutral:2007:bcca:120	2007 BCCA 120
3:neutral:2007:bcca:121	2007 BCCA 121
3:neutral:2007:bcca:123	2007 BCCA 123
3:neutral:2007:bcca:125	2007 BCCA 125
3:neutral:2007:bcca:126	2007 BCCA 126
3:neutral:2007:bcca:127	2007 BCCA 127
3:neutral:2007:bcca:130	2007 BCCA 130
3:neutral:2007:bcca:131	2007 BCCA 131
3:neutral:2007:bcca:133	2007 BCCA 133
3:neutral:2007:bcca:14	2007 BCCA 14
3:neutral:2007:bcca:140	2007 BCCA 140
3:neutral:2007:bcca:141	2007 BCCA 141
3:neutral:2007:bcca:142	2007 BCCA 142
3:neutral:2007:bcca:148	2007 BCCA 148
3:neutral:2007:bcca:15	2007 BCCA 15
3:neutral:2007:bcca:150	2007 BCCA 150
3:neutral:2007:bcca:152	2007 BCCA 152
3:neutral:2007:bcca:153	2007 BCCA 153
3:neutral:2007:bcca:154	2007 BCCA 154
3:neutral:2007:bcca:157	2007 BCCA 157
3:neutral:2007:bcca:16	2007 BCCA 16
3:neutral:2007:bcca:165	2007 BCCA 165
3:neutral:2007:bcca:166	2007 BCCA 166
3:neutral:2007:bcca:169	2007 BCCA 169
3:neutral:2007:bcca:181	2007 BCCA 181
3:neutral:2007:bcca:183	2007 BCCA 183
3:neutral:2007:bcca:186	2007 BCCA 186
3:neutral:2007:bcca:189	2007 BCCA 189
3:neutral:2007:bcca:190	2007 BCCA 190
3:neutral:2007:bcca:191	2007 BCCA 191
3:neutral:2007:bcca:193	2007 BCCA 193
3:neutral:2007:bcca:195	2007 BCCA 195
3:neutral:2007:bcca:196	2007 BCCA 196
3:neutral:2007:bcca:199	2007 BCCA 199
3:neutral:2007:bcca:2	2007 BCCA 2
3:neutral:2007:bcca:200	2007 BCCA 200
3:neutral:2007:bcca:201	2007 BCCA 201
3:neutral:2007:bcca:203	2007 BCCA 203
3:neutral:2007:bcca:204	2007 BCCA 204
3:neutral:2007:bcca:205	2007 BCCA 205
3:neutral:2007:bcca:206	2007 BCCA 206
3:neutral:2007:bcca:209	2007 BCCA 209
3:neutral:2007:bcca:212	2007 BCCA 212
3:neutral:2007:bcca:215	2007 BCCA 215
3:neutral:2007:bcca:219	2007 BCCA 219
3:neutral:2007:bcca:22	2007 BCCA 22
3:neutral:2007:bcca:220	2007 BCCA 220
3:neutral:2007:bcca:221	2007 BCCA 221
3:neutral:2007:bcca:225	2007 BCCA 225
3:neutral:2007:bcca:227	2007 BCCA 227
3:neutral:2007:bcca:228	2007 BCCA 228
3:neutral:2007:bcca:23	2007 BCCA 23
3:neutral:2007:bcca:230	2007 BCCA 230
3:neutral:2007:bcca:231	2007 BCCA 231
3:neutral:2007:bcca:232	2007 BCCA 232
3:neutral:2007:bcca:234	2007 BCCA 234
3:neutral:2007:bcca:235	2007 BCCA 235
3:neutral:2007:bcca:236	2007 BCCA 236
3:neutral:2007:bcca:239	2007 BCCA 239
3:neutral:2007:bcca:24	2007 BCCA 24
3:neutral:2007:bcca:247	2007 BCCA 247
3:neutral:2007:bcca:249	2007 BCCA 249
3:neutral:2007:bcca:256	2007 BCCA 256
3:neutral:2007:bcca:260	2007 BCCA 260
3:neutral:2007:bcca:263	2007 BCCA 263
3:neutral:2007:bcca:265	2007 BCCA 265
3:neutral:2007:bcca:267	2007 BCCA 267
3:neutral:2007:bcca:270	2007 BCCA 270
3:neutral:2007:bcca:275	2007 BCCA 275
3:neutral:2007:bcca:279	2007 BCCA 279
3:neutral:2007:bcca:282	2007 BCCA 282
3:neutral:2007:bcca:284	2007 BCCA 284
3:neutral:2007:bcca:285	2007 BCCA 285
3:neutral:2007:bcca:292	2007 BCCA 292
3:neutral:2007:bcca:296	2007 BCCA 296
3:neutral:2007:bcca:3	2007 BCCA 3
3:neutral:2007:bcca:30	2007 BCCA 30
3:neutral:2007:bcca:300	2007 BCCA 300
3:neutral:2007:bcca:302	2007 BCCA 302
3:neutral:2007:bcca:303	2007 BCCA 303
3:neutral:2007:bcca:304	2007 BCCA 304
3:neutral:2007:bcca:305	2007 BCCA 305
3:neutral:2007:bcca:309	2007 BCCA 309
3:neutral:2007:bcca:310	2007 BCCA 310
3:neutral:2007:bcca:313	2007 BCCA 313
3:neutral:2007:bcca:315	2007 BCCA 315
3:neutral:2007:bcca:316	2007 BCCA 316
3:neutral:2007:bcca:317	2007 BCCA 317
3:neutral:2007:bcca:318	2007 BCCA 318
3:neutral:2007:bcca:32	2007 BCCA 32
3:neutral:2007:bcca:323	2007 BCCA 323
3:neutral:2007:bcca:326	2007 BCCA 326
3:neutral:2007:bcca:329	2007 BCCA 329
3:neutral:2007:bcca:334	2007 BCCA 334
3:neutral:2007:bcca:336	2007 BCCA 336
3:neutral:2007:bcca:337	2007 BCCA 337
3:neutral:2007:bcca:342	2007 BCCA 342
3:neutral:2007:bcca:343	2007 BCCA 343
3:neutral:2007:bcca:344	2007 BCCA 344
3:neutral:2007:bcca:345	2007 BCCA 345
3:neutral:2007:bcca:348	2007 BCCA 348
3:neutral:2007:bcca:350	2007 BCCA 350
3:neutral:2007:bcca:351	2007 BCCA 351
3:neutral:2007:bcca:352	2007 BCCA 352
3:neutral:2007:bcca:353	2007 BCCA 353
3:neutral:2007:bcca:354	2007 BCCA 354
3:neutral:2007:bcca:356	2007 BCCA 356
3:neutral:2007:bcca:363	2007 BCCA 363
3:neutral:2007:bcca:364	2007 BCCA 364
3:neutral:2007:bcca:365	2007 BCCA 365
3:neutral:2007:bcca:37	2007 BCCA 37
3:neutral:2007:bcca:370	2007 BCCA 370
3:neutral:2007:bcca:371	2007 BCCA 371
3:neutral:2007:bcca:372	2007 BCCA 372
3:neutral:2007:bcca:375	2007 BCCA 375
3:neutral:2007:bcca:376	2007 BCCA 376
3:neutral:2007:bcca:378	2007 BCCA 378
3:neutral:2007:bcca:379	2007 BCCA 379
3:neutral:2007:bcca:384	2007 BCCA 384
3:neutral:2007:bcca:387	2007 BCCA 387
3:neutral:2007:bcca:388	2007 BCCA 388
3:neutral:2007:bcca:39	2007 BCCA 39
3:neutral:2007:bcca:392	2007 BCCA 392
3:neutral:2007:bcca:395	2007 BCCA 395
3:neutral:2007:bcca:396	2007 BCCA 396
3:neutral:2007:bcca:4	2007 BCCA 4
3:neutral:2007:bcca:400	2007 BCCA 400
3:neutral:2007:bcca:402	2007 BCCA 402
3:neutral:2007:bcca:405	2007 BCCA 405
3:neutral:2007:bcca:406	2007 BCCA 406
3:neutral:2007:bcca:407	2007 BCCA 407
3:neutral:2007:bcca:408	2007 BCCA 408
3:neutral:2007:bcca:411	2007 BCCA 411
3:neutral:2007:bcca:420	2007 BCCA 420
3:neutral:2007:bcca:425	2007 BCCA 425
3:neutral:2007:bcca:426	2007 BCCA 426
3:neutral:2007:bcca:428	2007 BCCA 428
3:neutral:2007:bcca:429	2007 BCCA 429
3:neutral:2007:bcca:430	2007 BCCA 430
3:neutral:2007:bcca:431	2007 BCCA 431
3:neutral:2007:bcca:436	2007 BCCA 436
3:neutral:2007:bcca:443	2007 BCCA 443
3:neutral:2007:bcca:445	2007 BCCA 445
3:neutral:2007:bcca:448	2007 BCCA 448
3:neutral:2007:bcca:45	2007 BCCA 45
3:neutral:2007:bcca:453	2007 BCCA 453
3:neutral:2007:bcca:462	2007 BCCA 462
3:neutral:2007:bcca:463	2007 BCCA 463
3:neutral:2007:bcca:470	2007 BCCA 470
3:neutral:2007:bcca:472	2007 BCCA 472
3:neutral:2007:bcca:473	2007 BCCA 473
3:neutral:2007:bcca:474	2007 BCCA 474
3:neutral:2007:bcca:48	2007 BCCA 48
3:neutral:2007:bcca:481	2007 BCCA 481
3:neutral:2007:bcca:483	2007 BCCA 483
3:neutral:2007:bcca:486	2007 BCCA 486
3:neutral:2007:bcca:487	2007 BCCA 487
3:neutral:2007:bcca:489	2007 BCCA 489
3:neutral:2007:bcca:491	2007 BCCA 491
3:neutral:2007:bcca:492	2007 BCCA 492
3:neutral:2007:bcca:498	2007 BCCA 498
3:neutral:2007:bcca:5	2007 BCCA 5
3:neutral:2007:bcca:500	2007 BCCA 500
3:neutral:2007:bcca:503	2007 BCCA 503
3:neutral:2007:bcca:505	2007 BCCA 505
3:neutral:2007:bcca:51	2007 BCCA 51
3:neutral:2007:bcca:510	2007 BCCA 510
3:neutral:2007:bcca:511	2007 BCCA 511
3:neutral:2007:bcca:512	2007 BCCA 512
3:neutral:2007:bcca:52	2007 BCCA 52
3:neutral:2007:bcca:528	2007 BCCA 528
3:neutral:2007:bcca:536	2007 BCCA 536
3:neutral:2007:bcca:538	2007 BCCA 538
3:neutral:2007:bcca:539	2007 BCCA 539
3:neutral:2007:bcca:540	2007 BCCA 540
3:neutral:2007:bcca:541	2007 BCCA 541
3:neutral:2007:bcca:545	2007 BCCA 545
3:neutral:2007:bcca:547	2007 BCCA 547
3:neutral:2007:bcca:55	2007 BCCA 55
3:neutral:2007:bcca:550	2007 BCCA 550
3:neutral:2007:bcca:551	2007 BCCA 551
3:neutral:2007:bcca:553	2007 BCCA 553
3:neutral:2007:bcca:557	2007 BCCA 557
3:neutral:2007:bcca:560	2007 BCCA 560
3:neutral:2007:bcca:561	2007 BCCA 561
3:neutral:2007:bcca:566	2007 BCCA 566
3:neutral:2007:bcca:567	2007 BCCA 567
3:neutral:2007:bcca:57	2007 BCCA 57
3:neutral:2007:bcca:572	2007 BCCA 572
3:neutral:2007:bcca:573	2007 BCCA 573
3:neutral:2007:bcca:580	2007 BCCA 580
3:neutral:2007:bcca:582	2007 BCCA 582
3:neutral:2007:bcca:585	2007 BCCA 585
3:neutral:2007:bcca:586	2007 BCCA 586
3:neutral:2007:bcca:592	2007 BCCA 592
3:neutral:2007:bcca:595	2007 BCCA 595
3:neutral:2007:bcca:598	2007 BCCA 598
3:neutral:2007:bcca:60	2007 BCCA 60
3:neutral:2007:bcca:603	2007 BCCA 603
3:neutral:2007:bcca:604	2007 BCCA 604
3:neutral:2007:bcca:605	2007 BCCA 605
3:neutral:2007:bcca:607	2007 BCCA 607
3:neutral:2007:bcca:608	2007 BCCA 608
3:neutral:2007:bcca:61	2007 BCCA 61
3:neutral:2007:bcca:611	2007 BCCA 611
3:neutral:2007:bcca:613	2007 BCCA 613
3:neutral:2007:bcca:614	2007 BCCA 614
3:neutral:2007:bcca:616	2007 BCCA 616
3:neutral:2007:bcca:617	2007 BCCA 617
3:neutral:2007:bcca:619	2007 BCCA 619
3:neutral:2007:bcca:622	2007 BCCA 622
3:neutral:2007:bcca:623	2007 BCCA 623
3:neutral:2007:bcca:626	2007 BCCA 626
3:neutral:2007:bcca:629	2007 BCCA 629
3:neutral:2007:bcca:631	2007 BCCA 631
3:neutral:2007:bcca:632	2007 BCCA 632
3:neutral:2007:bcca:637	2007 BCCA 637
3:neutral:2007:bcca:639	2007 BCCA 639
3:neutral:2007:bcca:64	2007 BCCA 64
3:neutral:2007:bcca:65	2007 BCCA 65
3:neutral:2007:bcca:66	2007 BCCA 66
3:neutral:2007:bcca:69	2007 BCCA 69
3:neutral:2007:bcca:7	2007 BCCA 7
3:neutral:2007:bcca:74	2007 BCCA 74
3:neutral:2007:bcca:75	2007 BCCA 75
3:neutral:2007:bcca:81	2007 BCCA 81
3:neutral:2007:bcca:82	2007 BCCA 82
3:neutral:2007:bcca:83	2007 BCCA 83
3:neutral:2007:bcca:84	2007 BCCA 84
3:neutral:2007:bcca:87	2007 BCCA 87
3:neutral:2007:bcca:88	2007 BCCA 88
3:neutral:2007:bcca:93	2007 BCCA 93
3:neutral:2007:bcca:94	2007 BCCA 94
3:neutral:2007:bcca:97	2007 BCCA 97
3:neutral:2007:bcsc:1048	2007 BCSC 1048
3:neutral:2007:bcsc:1071	2007 BCSC 1071
3:neutral:2007:bcsc:1076	2007 BCSC 1076
3:neutral:2007:bcsc:1080	2007 BCSC 1080
3:neutral:2007:bcsc:1086	2007 BCSC 1086
3:neutral:2007:bcsc:109	2007 BCSC 109
3:neutral:2007:bcsc:1095	2007 BCSC 1095
3:neutral:2007:bcsc:1096	2007 BCSC 1096
3:neutral:2007:bcsc:1101	2007 BCSC 1101
3:neutral:2007:bcsc:1103	2007 BCSC 1103
3:neutral:2007:bcsc:1107	2007 BCSC 1107
3:neutral:2007:bcsc:1117	2007 BCSC 1117
3:neutral:2007:bcsc:1125	2007 BCSC 1125
3:neutral:2007:bcsc:1131	2007 BCSC 1131
3:neutral:2007:bcsc:118	2007 BCSC 118
3:neutral:2007:bcsc:1187	2007 BCSC 1187
3:neutral:2007:bcsc:1188	2007 BCSC 1188
3:neutral:2007:bcsc:119	2007 BCSC 119
3:neutral:2007:bcsc:1192	2007 BCSC 1192
3:neutral:2007:bcsc:1225	2007 BCSC 1225
3:neutral:2007:bcsc:1244	2007 BCSC 1244
3:neutral:2007:bcsc:1249	2007 BCSC 1249
3:neutral:2007:bcsc:1252	2007 BCSC 1252
3:neutral:2007:bcsc:1262	2007 BCSC 1262
3:neutral:2007:bcsc:1263	2007 BCSC 1263
3:neutral:2007:bcsc:1266	2007 BCSC 1266
3:neutral:2007:bcsc:1270	2007 BCSC 1270
3:neutral:2007:bcsc:1277	2007 BCSC 1277
3:neutral:2007:bcsc:1313	2007 BCSC 1313
3:neutral:2007:bcsc:132	2007 BCSC 132
3:neutral:2007:bcsc:1324	2007 BCSC 1324
3:neutral:2007:bcsc:1325	2007 BCSC 1325
3:neutral:2007:bcsc:1361	2007 BCSC 1361
3:neutral:2007:bcsc:1375	2007 BCSC 1375
3:neutral:2007:bcsc:1376	2007 BCSC 1376
3:neutral:2007:bcsc:1379	2007 BCSC 1379
3:neutral:2007:bcsc:1392	2007 BCSC 1392
3:neutral:2007:bcsc:1408	2007 BCSC 1408
3:neutral:2007:bcsc:1410	2007 BCSC 1410
3:neutral:2007:bcsc:1412	2007 BCSC 1412
3:neutral:2007:bcsc:142	2007 BCSC 142
3:neutral:2007:bcsc:1426	2007 BCSC 1426
3:neutral:2007:bcsc:1428	2007 BCSC 1428
3:neutral:2007:bcsc:1433	2007 BCSC 1433
3:neutral:2007:bcsc:1456	2007 BCSC 1456
3:neutral:2007:bcsc:146	2007 BCSC 146
3:neutral:2007:bcsc:1467	2007 BCSC 1467
3:neutral:2007:bcsc:1475	2007 BCSC 1475
3:neutral:2007:bcsc:1483	2007 BCSC 1483
3:neutral:2007:bcsc:149	2007 BCSC 149
3:neutral:2007:bcsc:1511	2007 BCSC 1511
3:neutral:2007:bcsc:1549	2007 BCSC 1549
3:neutral:2007:bcsc:1553	2007 BCSC 1553
3:neutral:2007:bcsc:156	2007 BCSC 156
3:neutral:2007:bcsc:1581	2007 BCSC 1581
3:neutral:2007:bcsc:1598	2007 BCSC 1598
3:neutral:2007:bcsc:1604	2007 BCSC 1604
3:neutral:2007:bcsc:1613	2007 BCSC 1613
3:neutral:2007:bcsc:163	2007 BCSC 163
3:neutral:2007:bcsc:1641	2007 BCSC 1641
3:neutral:2007:bcsc:1663	2007 BCSC 1663
3:neutral:2007:bcsc:1669	2007 BCSC 1669
3:neutral:2007:bcsc:1693	2007 BCSC 1693
3:neutral:2007:bcsc:1694	2007 BCSC 1694
3:neutral:2007:bcsc:170	2007 BCSC 170
3:neutral:2007:bcsc:1705	2007 BCSC 1705
3:neutral:2007:bcsc:171	2007 BCSC 171
3:neutral:2007:bcsc:1711	2007 BCSC 1711
3:neutral:2007:bcsc:1722	2007 BCSC 1722
3:neutral:2007:bcsc:1724	2007 BCSC 1724
3:neutral:2007:bcsc:1737	2007 BCSC 1737
3:neutral:2007:bcsc:1747	2007 BCSC 1747
3:neutral:2007:bcsc:175	2007 BCSC 175
3:neutral:2007:bcsc:1751	2007 BCSC 1751
3:neutral:2007:bcsc:1752	2007 BCSC 1752
3:neutral:2007:bcsc:1758	2007 BCSC 1758
3:neutral:2007:bcsc:177	2007 BCSC 177
3:neutral:2007:bcsc:180	2007 BCSC 180
3:neutral:2007:bcsc:183	2007 BCSC 183
3:neutral:2007:bcsc:1834	2007 BCSC 1834
3:neutral:2007:bcsc:1841	2007 BCSC 1841
3:neutral:2007:bcsc:1851	2007 BCSC 1851
3:neutral:2007:bcsc:186	2007 BCSC 186
3:neutral:2007:bcsc:1863	2007 BCSC 1863
3:neutral:2007:bcsc:1888	2007 BCSC 1888
3:neutral:2007:bcsc:189	2007 BCSC 189
3:neutral:2007:bcsc:1896	2007 BCSC 1896
3:neutral:2007:bcsc:1898	2007 BCSC 1898
3:neutral:2007:bcsc:190	2007 BCSC 190
3:neutral:2007:bcsc:191	2007 BCSC 191
3:neutral:2007:bcsc:1928	2007 BCSC 1928
3:neutral:2007:bcsc:197	2007 BCSC 197
3:neutral:2007:bcsc:203	2007 BCSC 203
3:neutral:2007:bcsc:206	2007 BCSC 206
3:neutral:2007:bcsc:225	2007 BCSC 225
3:neutral:2007:bcsc:231	2007 BCSC 231
3:neutral:2007:bcsc:233	2007 BCSC 233
3:neutral:2007:bcsc:237	2007 BCSC 237
3:neutral:2007:bcsc:241	2007 BCSC 241
3:neutral:2007:bcsc:276	2007 BCSC 276
3:neutral:2007:bcsc:280	2007 BCSC 280
3:neutral:2007:bcsc:282	2007 BCSC 282
3:neutral:2007:bcsc:286	2007 BCSC 286
3:neutral:2007:bcsc:3	2007 BCSC 3
3:neutral:2007:bcsc:300	2007 BCSC 300
3:neutral:2007:bcsc:318	2007 BCSC 318
3:neutral:2007:bcsc:366	2007 BCSC 366
3:neutral:2007:bcsc:376	2007 BCSC 376
3:neutral:2007:bcsc:386	2007 BCSC 386
3:neutral:2007:bcsc:393	2007 BCSC 393
3:neutral:2007:bcsc:439	2007 BCSC 439
3:neutral:2007:bcsc:44	2007 BCSC 44
3:neutral:2007:bcsc:443	2007 BCSC 443
3:neutral:2007:bcsc:451	2007 BCSC 451
3:neutral:2007:bcsc:463	2007 BCSC 463
3:neutral:2007:bcsc:468	2007 BCSC 468
3:neutral:2007:bcsc:478	2007 BCSC 478
3:neutral:2007:bcsc:479	2007 BCSC 479
3:neutral:2007:bcsc:480	2007 BCSC 480
3:neutral:2007:bcsc:482	2007 BCSC 482
3:neutral:2007:bcsc:499	2007 BCSC 499
3:neutral:2007:bcsc:502	2007 BCSC 502
3:neutral:2007:bcsc:51	2007 BCSC 51
3:neutral:2007:bcsc:515	2007 BCSC 515
3:neutral:2007:bcsc:523	2007 BCSC 523
3:neutral:2007:bcsc:527	2007 BCSC 527
3:neutral:2007:bcsc:528	2007 BCSC 528
3:neutral:2007:bcsc:533	2007 BCSC 533
3:neutral:2007:bcsc:546	2007 BCSC 546
3:neutral:2007:bcsc:548	2007 BCSC 548
3:neutral:2007:bcsc:549	2007 BCSC 549
3:neutral:2007:bcsc:550	2007 BCSC 550
3:neutral:2007:bcsc:557	2007 BCSC 557
3:neutral:2007:bcsc:558	2007 BCSC 558
3:neutral:2007:bcsc:559	2007 BCSC 559
3:neutral:2007:bcsc:584	2007 BCSC 584
3:neutral:2007:bcsc:586	2007 BCSC 586
3:neutral:2007:bcsc:60	2007 BCSC 60
3:neutral:2007:bcsc:618	2007 BCSC 618
3:neutral:2007:bcsc:632	2007 BCSC 632
3:neutral:2007:bcsc:640	2007 BCSC 640
3:neutral:2007:bcsc:648	2007 BCSC 648
3:neutral:2007:bcsc:66	2007 BCSC 66
3:neutral:2007:bcsc:662	2007 BCSC 662
3:neutral:2007:bcsc:668	2007 BCSC 668
3:neutral:2007:bcsc:670	2007 BCSC 670
3:neutral:2007:bcsc:685	2007 BCSC 685
3:neutral:2007:bcsc:69	2007 BCSC 69
3:neutral:2007:bcsc:71	2007 BCSC 71
3:neutral:2007:bcsc:724	2007 BCSC 724
3:neutral:2007:bcsc:736	2007 BCSC 736
3:neutral:2007:bcsc:760	2007 BCSC 760
3:neutral:2007:bcsc:766	2007 BCSC 766
3:neutral:2007:bcsc:768	2007 BCSC 768
3:neutral:2007:bcsc:774	2007 BCSC 774
3:neutral:2007:bcsc:788	2007 BCSC 788
3:neutral:2007:bcsc:792	2007 BCSC 792
3:neutral:2007:bcsc:823	2007 BCSC 823
3:neutral:2007:bcsc:83	2007 BCSC 83
3:neutral:2007:bcsc:85	2007 BCSC 85
3:neutral:2007:bcsc:857	2007 BCSC 857
3:neutral:2007:bcsc:885	2007 BCSC 885
3:neutral:2007:bcsc:89	2007 BCSC 89
3:neutral:2007:bcsc:892	2007 BCSC 892
3:neutral:2007:bcsc:895	2007 BCSC 895
3:neutral:2007:bcsc:900	2007 BCSC 900
3:neutral:2007:bcsc:907	2007 BCSC 907
3:neutral:2007:bcsc:934	2007 BCSC 934
3:neutral:2007:bcsc:939	2007 BCSC 939
3:neutral:2007:bcsc:941	2007 BCSC 941
3:neutral:2007:bcsc:945	2007 BCSC 945
3:neutral:2007:bcsc:946	2007 BCSC 946
3:neutral:2007:bcsc:949	2007 BCSC 949
3:neutral:2007:bcsc:956	2007 BCSC 956
3:neutral:2007:bcsc:969	2007 BCSC 969
3:neutral:2007:bcsc:981	2007 BCSC 981
3:neutral:2007:bcsc:993	2007 BCSC 993
3:neutral:2007:fc:100	2007 FC 100
3:neutral:2007:fc:1025	2007 FC 1025
3:neutral:2007:fc:104	2007 FC 104
3:neutral:2007:fc:1052	2007 FC 1052
3:neutral:2007:fc:1056	2007 FC 1056
3:neutral:2007:fc:1058	2007 FC 1058
3:neutral:2007:fc:1062	2007 FC 1062
3:neutral:2007:fc:1073	2007 FC 1073
3:neutral:2007:fc:1091	2007 FC 1091
3:neutral:2007:fc:11	2007 FC 11
3:neutral:2007:fc:1107	2007 FC 1107
3:neutral:2007:fc:1117	2007 FC 1117
3:neutral:2007:fc:1133	2007 FC 1133
3:neutral:2007:fc:1142	2007 FC 1142
3:neutral:2007:fc:1145	2007 FC 1145
3:neutral:2007:fc:1146	2007 FC 1146
3:neutral:2007:fc:1147	2007 FC 1147
3:neutral:2007:fc:1152	2007 FC 1152
3:neutral:2007:fc:1157	2007 FC 1157
3:neutral:2007:fc:1160	2007 FC 1160
3:neutral:2007:fc:1168	2007 FC 1168
3:neutral:2007:fc:1169	2007 FC 1169
3:neutral:2007:fc:1174	2007 FC 1174
3:neutral:2007:fc:1175	2007 FC 1175
3:neutral:2007:fc:1176	2007 FC 1176
3:neutral:2007:fc:1179	2007 FC 1179
3:neutral:2007:fc:1184	2007 FC 1184
3:neutral:2007:fc:1186	2007 FC 1186
3:neutral:2007:fc:1196	2007 FC 1196
3:neutral:2007:fc:1209	2007 FC 1209
3:neutral:2007:fc:1210	2007 FC 1210
3:neutral:2007:fc:1227	2007 FC 1227
3:neutral:2007:fc:1229	2007 FC 1229
3:neutral:2007:fc:123	2007 FC 123
3:neutral:2007:fc:1233	2007 FC 1233
3:neutral:2007:fc:1236	2007 FC 1236
3:neutral:2007:fc:1247	2007 FC 1247
3:neutral:2007:fc:125	2007 FC 125
3:neutral:2007:fc:1250	2007 FC 1250
3:neutral:2007:fc:1255	2007 FC 1255
3:neutral:2007:fc:126	2007 FC 126
3:neutral:2007:fc:1262	2007 FC 1262
3:neutral:2007:fc:1268	2007 FC 1268
3:neutral:2007:fc:1278	2007 FC 1278
3:neutral:2007:fc:128	2007 FC 128
3:neutral:2007:fc:1281	2007 FC 1281
3:neutral:2007:fc:129	2007 FC 129
3:neutral:2007:fc:1292	2007 FC 1292
3:neutral:2007:fc:13	2007 FC 13
3:neutral:2007:fc:1301	2007 FC 1301
3:neutral:2007:fc:1310	2007 FC 1310
3:neutral:2007:fc:1316	2007 FC 1316
3:neutral:2007:fc:1322	2007 FC 1322
3:neutral:2007:fc:134	2007 FC 134
3:neutral:2007:fc:1341	2007 FC 1341
3:neutral:2007:fc:1342	2007 FC 1342
3:neutral:2007:fc:1362	2007 FC 1362
3:neutral:2007:fc:1369	2007 FC 1369
3:neutral:2007:fc:148	2007 FC 148
3:neutral:2007:fc:150	2007 FC 150
3:neutral:2007:fc:171	2007 FC 171
3:neutral:2007:fc:183	2007 FC 183
3:neutral:2007:fc:190	2007 FC 190
3:neutral:2007:fc:193	2007 FC 193
3:neutral:2007:fc:195	2007 FC 195
3:neutral:2007:fc:199	2007 FC 199
3:neutral:2007:fc:202	2007 FC 202
3:neutral:2007:fc:203	2007 FC 203
3:neutral:2007:fc:206	2007 FC 206
3:neutral:2007:fc:212	2007 FC 212
3:neutral:2007:fc:22	2007 FC 22
3:neutral:2007:fc:222	2007 FC 222
3:neutral:2007:fc:225	2007 FC 225
3:neutral:2007:fc:226	2007 FC 226
3:neutral:2007:fc:229	2007 FC 229
3:neutral:2007:fc:231	2007 FC 231
3:neutral:2007:fc:235	2007 FC 235
3:neutral:2007:fc:239	2007 FC 239
3:neutral:2007:fc:240	2007 FC 240
3:neutral:2007:fc:244	2007 FC 244
3:neutral:2007:fc:245	2007 FC 245
3:neutral:2007:fc:26	2007 FC 26
3:neutral:2007:fc:264	2007 FC 264
3:neutral:2007:fc:272	2007 FC 272
3:neutral:2007:fc:28	2007 FC 28
3:neutral:2007:fc:284	2007 FC 284
3:neutral:2007:fc:290	2007 FC 290
3:neutral:2007:fc:293	2007 FC 293
3:neutral:2007:fc:294	2007 FC 294
3:neutral:2007:fc:300	2007 FC 300
3:neutral:2007:fc:306	2007 FC 306
3:neutral:2007:fc:320	2007 FC 320
3:neutral:2007:fc:327	2007 FC 327
3:neutral:2007:fc:330	2007 FC 330
3:neutral:2007:fc:335	2007 FC 335
3:neutral:2007:fc:340	2007 FC 340
3:neutral:2007:fc:35	2007 FC 35
3:neutral:2007:fc:350	2007 FC 350
3:neutral:2007:fc:353	2007 FC 353
3:neutral:2007:fc:358	2007 FC 358
3:neutral:2007:fc:36	2007 FC 36
3:neutral:2007:fc:361	2007 FC 361
3:neutral:2007:fc:363	2007 FC 363
3:neutral:2007:fc:365	2007 FC 365
3:neutral:2007:fc:371	2007 FC 371
3:neutral:2007:fc:376	2007 FC 376
3:neutral:2007:fc:377	2007 FC 377
3:neutral:2007:fc:381	2007 FC 381
3:neutral:2007:fc:386	2007 FC 386
3:neutral:2007:fc:398	2007 FC 398
3:neutral:2007:fc:411	2007 FC 411
3:neutral:2007:fc:420	2007 FC 420
3:neutral:2007:fc:422	2007 FC 422
3:neutral:2007:fc:427	2007 FC 427
3:neutral:2007:fc:428	2007 FC 428
3:neutral:2007:fc:436	2007 FC 436
3:neutral:2007:fc:446	2007 FC 446
3:neutral:2007:fc:45	2007 FC 45
3:neutral:2007:fc:453	2007 FC 453
3:neutral:2007:fc:454	2007 FC 454
3:neutral:2007:fc:455	2007 FC 455
3:neutral:2007:fc:463	2007 FC 463
3:neutral:2007:fc:471	2007 FC 471
3:neutral:2007:fc:472	2007 FC 472
3:neutral:2007:fc:481	2007 FC 481
3:neutral:2007:fc:485	2007 FC 485
3:neutral:2007:fc:490	2007 FC 490
3:neutral:2007:fc:495	2007 FC 495
3:neutral:2007:fc:503	2007 FC 503
3:neutral:2007:fc:532	2007 FC 532
3:neutral:2007:fc:535	2007 FC 535
3:neutral:2007:fc:543	2007 FC 543
3:neutral:2007:fc:558	2007 FC 558
3:neutral:2007:fc:559	2007 FC 559
3:neutral:2007:fc:564	2007 FC 564
3:neutral:2007:fc:565	2007 FC 565
3:neutral:2007:fc:574	2007 FC 574
3:neutral:2007:fc:575	2007 FC 575
3:neutral:2007:fc:580	2007 FC 580
3:neutral:2007:fc:585	2007 FC 585
3:neutral:2007:fc:593	2007 FC 593
3:neutral:2007:fc:596	2007 FC 596
3:neutral:2007:fc:599	2007 FC 599
3:neutral:2007:fc:612	2007 FC 612
3:neutral:2007:fc:622	2007 FC 622
3:neutral:2007:fc:628	2007 FC 628
3:neutral:2007:fc:630	2007 FC 630
3:neutral:2007:fc:636	2007 FC 636
3:neutral:2007:fc:64	2007 FC 64
3:neutral:2007:fc:641	2007 FC 641
3:neutral:2007:fc:642	2007 FC 642
3:neutral:2007:fc:66	2007 FC 66
3:neutral:2007:fc:671	2007 FC 671
3:neutral:2007:fc:672	2007 FC 672
3:neutral:2007:fc:675	2007 FC 675
3:neutral:2007:fc:686	2007 FC 686
3:neutral:2007:fc:687	2007 FC 687
3:neutral:2007:fc:688	2007 FC 688
3:neutral:2007:fc:691	2007 FC 691
3:neutral:2007:fc:700	2007 FC 700
3:neutral:2007:fc:701	2007 FC 701
3:neutral:2007:fc:702	2007 FC 702
3:neutral:2007:fc:707	2007 FC 707
3:neutral:2007:fc:709	2007 FC 709
3:neutral:2007:fc:712	2007 FC 712
3:neutral:2007:fc:724	2007 FC 724
3:neutral:2007:fc:725	2007 FC 725
3:neutral:2007:fc:728	2007 FC 728
3:neutral:2007:fc:733	2007 FC 733
3:neutral:2007:fc:74	2007 FC 74
3:neutral:2007:fc:745	2007 FC 745
3:neutral:2007:fc:752	2007 FC 752
3:neutral:2007:fc:753	2007 FC 753
3:neutral:2007:fc:754	2007 FC 754
3:neutral:2007:fc:763	2007 FC 763
3:neutral:2007:fc:764	2007 FC 764
3:neutral:2007:fc:766	2007 FC 766
3:neutral:2007:fc:779	2007 FC 779
3:neutral:2007:fc:781	2007 FC 781
3:neutral:2007:fc:782	2007 FC 782
3:neutral:2007:fc:784	2007 FC 784
3:neutral:2007:fc:79	2007 FC 79
3:neutral:2007:fc:797	2007 FC 797
3:neutral:2007:fc:807	2007 FC 807
3:neutral:2007:fc:809	2007 FC 809
3:neutral:2007:fc:81	2007 FC 81
3:neutral:2007:fc:814	2007 FC 814
3:neutral:2007:fc:815	2007 FC 815
3:neutral:2007:fc:823	2007 FC 823
3:neutral:2007:fc:838	2007 FC 838
3:neutral:2007:fc:841	2007 FC 841
3:neutral:2007:fc:846	2007 FC 846
3:neutral:2007:fc:85	2007 FC 85
3:neutral:2007:fc:852	2007 FC 852
3:neutral:2007:fc:855	2007 FC 855
3:neutral:2007:fc:865	2007 FC 865
3:neutral:2007:fc:866	2007 FC 866
3:neutral:2007:fc:877	2007 FC 877
3:neutral:2007:fc:878	2007 FC 878
3:neutral:2007:fc:880	2007 FC 880
3:neutral:2007:fc:89	2007 FC 89
3:neutral:2007:fc:891	2007 FC 891
3:neutral:2007:fc:892	2007 FC 892
3:neutral:2007:fc:893	2007 FC 893
3:neutral:2007:fc:894	2007 FC 894
3:neutral:2007:fc:898	2007 FC 898
3:neutral:2007:fc:9	2007 FC 9
3:neutral:2007:fc:902	2007 FC 902
3:neutral:2007:fc:914	2007 FC 914
3:neutral:2007:fc:920	2007 FC 920
3:neutral:2007:fc:923	2007 FC 923
3:neutral:2007:fc:934	2007 FC 934
3:neutral:2007:fc:947	2007 FC 947
3:neutral:2007:fc:95	2007 FC 95
3:neutral:2007:fc:953	2007 FC 953
3:neutral:2007:fc:955	2007 FC 955
3:neutral:2007:fc:971	2007 FC 971
3:neutral:2007:fc:983	2007 FC 983
3:neutral:2007:fc:99	2007 FC 99
3:neutral:2007:fca:1	2007 FCA 1
3:neutral:2007:fca:103	2007 FCA 103
3:neutral:2007:fca:106	2007 FCA 106
3:neutral:2007:fca:107	2007 FCA 107
3:neutral:2007:fca:108	2007 FCA 108
3:neutral:2007:fca:112	2007 FCA 112
3:neutral:2007:fca:113	2007 FCA 113
3:neutral:2007:fca:114	2007 FCA 114
3:neutral:2007:fca:115	2007 FCA 115
3:neutral:2007:fca:126	2007 FCA 126
3:neutral:2007:fca:129	2007 FCA 129
3:neutral:2007:fca:136	2007 FCA 136
3:neutral:2007:fca:140	2007 FCA 140
3:neutral:2007:fca:142	2007 FCA 142
3:neutral:2007:fca:145	2007 FCA 145
3:neutral:2007:fca:151	2007 FCA 151
3:neutral:2007:fca:153	2007 FCA 153
3:neutral:2007:fca:159	2007 FCA 159
3:neutral:2007:fca:163	2007 FCA 163
3:neutral:2007:fca:167	2007 FCA 167
3:neutral:2007:fca:168	2007 FCA 168
3:neutral:2007:fca:171	2007 FCA 171
3:neutral:2007:fca:172	2007 FCA 172
3:neutral:2007:fca:173	2007 FCA 173
3:neutral:2007:fca:176	2007 FCA 176
3:neutral:2007:fca:182	2007 FCA 182
3:neutral:2007:fca:185	2007 FCA 185
3:neutral:2007:fca:186	2007 FCA 186
3:neutral:2007:fca:187	2007 FCA 187
3:neutral:2007:fca:188	2007 FCA 188
3:neutral:2007:fca:192	2007 FCA 192
3:neutral:2007:fca:195	2007 FCA 195
3:neutral:2007:fca:197	2007 FCA 197
3:neutral:2007:fca:198	2007 FCA 198
3:neutral:2007:fca:199	2007 FCA 199
3:neutral:2007:fca:200	2007 FCA 200
3:neutral:2007:fca:203	2007 FCA 203
3:neutral:2007:fca:209	2007 FCA 209
3:neutral:2007:fca:210	2007 FCA 210
3:neutral:2007:fca:217	2007 FCA 217
3:neutral:2007:fca:219	2007 FCA 219
3:neutral:2007:fca:22	2007 FCA 22
3:neutral:2007:fca:222	2007 FCA 222
3:neutral:2007:fca:224	2007 FCA 224
3:neutral:2007:fca:225	2007 FCA 225
3:neutral:2007:fca:236	2007 FCA 236
3:neutral:2007:fca:24	2007 FCA 24
3:neutral:2007:fca:247	2007 FCA 247
3:neutral:2007:fca:251	2007 FCA 251
3:neutral:2007:fca:255	2007 FCA 255
3:neutral:2007:fca:258	2007 FCA 258
3:neutral:2007:fca:259	2007 FCA 259
3:neutral:2007:fca:261	2007 FCA 261
3:neutral:2007:fca:264	2007 FCA 264
3:neutral:2007:fca:268	2007 FCA 268
3:neutral:2007:fca:27	2007 FCA 27
3:neutral:2007:fca:272	2007 FCA 272
3:neutral:2007:fca:273	2007 FCA 273
3:neutral:2007:fca:276	2007 FCA 276
3:neutral:2007:fca:278	2007 FCA 278
3:neutral:2007:fca:279	2007 FCA 279
3:neutral:2007:fca:281	2007 FCA 281
3:neutral:2007:fca:282	2007 FCA 282
3:neutral:2007:fca:289	2007 FCA 289
3:neutral:2007:fca:295	2007 FCA 295
3:neutral:2007:fca:297	2007 FCA 297
3:neutral:2007:fca:298	2007 FCA 298
3:neutral:2007:fca:305	2007 FCA 305
3:neutral:2007:fca:315	2007 FCA 315
3:neutral:2007:fca:317	2007 FCA 317
3:neutral:2007:fca:32	2007 FCA 32
3:neutral:2007:fca:33	2007 FCA 33
3:neutral:2007:fca:336	2007 FCA 336
3:neutral:2007:fca:339	2007 FCA 339
3:neutral:2007:fca:342	2007 FCA 342
3:neutral:2007:fca:345	2007 FCA 345
3:neutral:2007:fca:346	2007 FCA 346
3:neutral:2007:fca:349	2007 FCA 349
3:neutral:2007:fca:35	2007 FCA 35
3:neutral:2007:fca:350	2007 FCA 350
3:neutral:2007:fca:352	2007 FCA 352
3:neutral:2007:fca:355	2007 FCA 355
3:neutral:2007:fca:359	2007 FCA 359
3:neutral:2007:fca:36	2007 FCA 36
3:neutral:2007:fca:362	2007 FCA 362
3:neutral:2007:fca:366	2007 FCA 366
3:neutral:2007:fca:367	2007 FCA 367
3:neutral:2007:fca:368	2007 FCA 368
3:neutral:2007:fca:370	2007 FCA 370
3:neutral:2007:fca:374	2007 FCA 374
3:neutral:2007:fca:375	2007 FCA 375
3:neutral:2007:fca:376	2007 FCA 376
3:neutral:2007:fca:377	2007 FCA 377
3:neutral:2007:fca:381	2007 FCA 381
3:neutral:2007:fca:382	2007 FCA 382
3:neutral:2007:fca:385	2007 FCA 385
3:neutral:2007:fca:388	2007 FCA 388
3:neutral:2007:fca:397	2007 FCA 397
3:neutral:2007:fca:400	2007 FCA 400
3:neutral:2007:fca:406	2007 FCA 406
3:neutral:2007:fca:407	2007 FCA 407
3:neutral:2007:fca:408	2007 FCA 408
3:neutral:2007:fca:409	2007 FCA 409
3:neutral:2007:fca:41	2007 FCA 41
3:neutral:2007:fca:49	2007 FCA 49
3:neutral:2007:fca:53	2007 FCA 53
3:neutral:2007:fca:60	2007 FCA 60
3:neutral:2007:fca:62	2007 FCA 62
3:neutral:2007:fca:66	2007 FCA 66
3:neutral:2007:fca:7	2007 FCA 7
3:neutral:2007:fca:71	2007 FCA 71
3:neutral:2007:fca:73	2007 FCA 73
3:neutral:2007:fca:86	2007 FCA 86
3:neutral:2007:fca:87	2007 FCA 87
3:neutral:2007:fca:89	2007 FCA 89
3:neutral:2007:fca:9	2007 FCA 9
3:neutral:2007:fca:94	2007 FCA 94
3:neutral:2007:fca:95	2007 FCA 95
3:neutral:2007:fca:96	2007 FCA 96
3:neutral:2007:fca:97	2007 FCA 97
3:neutral:2007:fca:99	2007 FCA 99
3:neutral:2007:nsca:1	2007 NSCA 1
3:neutral:2007:nsca:102	2007 NSCA 102
3:neutral:2007:nsca:114	2007 NSCA 114
3:neutral:2007:nsca:12	2007 NSCA 12
3:neutral:2007:nsca:120	2007 NSCA 120
3:neutral:2007:nsca:128	2007 NSCA 128
3:neutral:2007:nsca:19	2007 NSCA 19
3:neutral:2007:nsca:22	2007 NSCA 22
3:neutral:2007:nsca:23	2007 NSCA 23
3:neutral:2007:nsca:28	2007 NSCA 28
3:neutral:2007:nsca:36	2007 NSCA 36
3:neutral:2007:nsca:37	2007 NSCA 37
3:neutral:2007:nsca:38	2007 NSCA 38
3:neutral:2007:nsca:5	2007 NSCA 5
3:neutral:2007:nsca:51	2007 NSCA 51
3:neutral:2007:nsca:6	2007 NSCA 6
3:neutral:2007:nsca:62	2007 NSCA 62
3:neutral:2007:nsca:68	2007 NSCA 68
3:neutral:2007:nsca:69	2007 NSCA 69
3:neutral:2007:nsca:70	2007 NSCA 70
3:neutral:2007:nsca:79	2007 NSCA 79
3:neutral:2007:nsca:84	2007 NSCA 84
3:neutral:2007:nsca:92	2007 NSCA 92
3:neutral:2007:nsca:94	2007 NSCA 94
3:neutral:2007:nssc:115	2007 NSSC 115
3:neutral:2007:nssc:155	2007 NSSC 155
3:neutral:2007:nssc:173	2007 NSSC 173
3:neutral:2007:nssc:218	2007 NSSC 218
3:neutral:2007:nssc:22	2007 NSSC 22
3:neutral:2007:nssc:347	2007 NSSC 347
3:neutral:2007:nssc:73	2007 NSSC 73
3:neutral:2007:onca:101	2007 ONCA 101
3:neutral:2007:onca:11	2007 ONCA 11
3:neutral:2007:onca:117	2007 ONCA 117
3:neutral:2007:onca:12	2007 ONCA 12
3:neutral:2007:onca:124	2007 ONCA 124
3:neutral:2007:onca:127	2007 ONCA 127
3:neutral:2007:onca:13	2007 ONCA 13
3:neutral:2007:onca:135	2007 ONCA 135
3:neutral:2007:onca:139	2007 ONCA 139
3:neutral:2007:onca:140	2007 ONCA 140
3:neutral:2007:onca:144	2007 ONCA 144
3:neutral:2007:onca:149	2007 ONCA 149
3:neutral:2007:onca:154	2007 ONCA 154
3:neutral:2007:onca:164	2007 ONCA 164
3:neutral:2007:onca:166	2007 ONCA 166
3:neutral:2007:onca:169	2007 ONCA 169
3:neutral:2007:onca:184	2007 ONCA 184
3:neutral:2007:onca:189	2007 ONCA 189
3:neutral:2007:onca:19	2007 ONCA 19
3:neutral:2007:onca:194	2007 ONCA 194
3:neutral:2007:onca:196	2007 ONCA 196
3:neutral:2007:onca:2	2007 ONCA 2
3:neutral:2007:onca:20	2007 ONCA 20
3:neutral:2007:onca:203	2007 ONCA 203
3:neutral:2007:onca:205	2007 ONCA 205
3:neutral:2007:onca:209	2007 ONCA 209
3:neutral:2007:onca:214	2007 ONCA 214
3:neutral:2007:onca:218	2007 ONCA 218
3:neutral:2007:onca:224	2007 ONCA 224
3:neutral:2007:onca:233	2007 ONCA 233
3:neutral:2007:onca:234	2007 ONCA 234
3:neutral:2007:onca:243	2007 ONCA 243
3:neutral:2007:onca:246	2007 ONCA 246
3:neutral:2007:onca:263	2007 ONCA 263
3:neutral:2007:onca:267	2007 ONCA 267
3:neutral:2007:onca:268	2007 ONCA 268
3:neutral:2007:onca:281	2007 ONCA 281
3:neutral:2007:onca:282	2007 ONCA 282
3:neutral:2007:onca:287	2007 ONCA 287
3:neutral:2007:onca:292	2007 ONCA 292
3:neutral:2007:onca:299	2007 ONCA 299
3:neutral:2007:onca:302	2007 ONCA 302
3:neutral:2007:onca:304	2007 ONCA 304
3:neutral:2007:onca:309	2007 ONCA 309
3:neutral:2007:onca:310	2007 ONCA 310
3:neutral:2007:onca:318	2007 ONCA 318
3:neutral:2007:onca:320	2007 ONCA 320
3:neutral:2007:onca:322	2007 ONCA 322
3:neutral:2007:onca:324	2007 ONCA 324
3:neutral:2007:onca:326	2007 ONCA 326
3:neutral:2007:onca:329	2007 ONCA 329
3:neutral:2007:onca:332	2007 ONCA 332
3:neutral:2007:onca:333	2007 ONCA 333
3:neutral:2007:onca:334	2007 ONCA 334
3:neutral:2007:onca:337	2007 ONCA 337
3:neutral:2007:onca:338	2007 ONCA 338
3:neutral:2007:onca:348	2007 ONCA 348
3:neutral:2007:onca:349	2007 ONCA 349
3:neutral:2007:onca:350	2007 ONCA 350
3:neutral:2007:onca:36	2007 ONCA 36
3:neutral:2007:onca:364	2007 ONCA 364
3:neutral:2007:onca:371	2007 ONCA 371
3:neutral:2007:onca:374	2007 ONCA 374
3:neutral:2007:onca:375	2007 ONCA 375
3:neutral:2007:onca:381	2007 ONCA 381
3:neutral:2007:onca:388	2007 ONCA 388
3:neutral:2007:onca:389	2007 ONCA 389
3:neutral:2007:onca:391	2007 ONCA 391
3:neutral:2007:onca:392	2007 ONCA 392
3:neutral:2007:onca:405	2007 ONCA 405
3:neutral:2007:onca:406	2007 ONCA 406
3:neutral:2007:onca:408	2007 ONCA 408
3:neutral:2007:onca:413	2007 ONCA 413
3:neutral:2007:onca:416	2007 ONCA 416
3:neutral:2007:onca:42	2007 ONCA 42
3:neutral:2007:onca:421	2007 ONCA 421
3:neutral:2007:onca:422	2007 ONCA 422
3:neutral:2007:onca:425	2007 ONCA 425
3:neutral:2007:onca:426	2007 ONCA 426
3:neutral:2007:onca:427	2007 ONCA 427
3:neutral:2007:onca:443	2007 ONCA 443
3:neutral:2007:onca:444	2007 ONCA 444
3:neutral:2007:onca:448	2007 ONCA 448
3:neutral:2007:onca:450	2007 ONCA 450
3:neutral:2007:onca:451	2007 ONCA 451
3:neutral:2007:onca:452	2007 ONCA 452
3:neutral:2007:onca:454	2007 ONCA 454
3:neutral:2007:onca:457	2007 ONCA 457
3:neutral:2007:onca:46	2007 ONCA 46
3:neutral:2007:onca:461	2007 ONCA 461
3:neutral:2007:onca:462	2007 ONCA 462
3:neutral:2007:onca:464	2007 ONCA 464
3:neutral:2007:onca:465	2007 ONCA 465
3:neutral:2007:onca:468	2007 ONCA 468
3:neutral:2007:onca:479	2007 ONCA 479
3:neutral:2007:onca:480	2007 ONCA 480
3:neutral:2007:onca:481	2007 ONCA 481
3:neutral:2007:onca:483	2007 ONCA 483
3:neutral:2007:onca:486	2007 ONCA 486
3:neutral:2007:onca:487	2007 ONCA 487
3:neutral:2007:onca:488	2007 ONCA 488
3:neutral:2007:onca:49	2007 ONCA 49
3:neutral:2007:onca:491	2007 ONCA 491
3:neutral:2007:onca:492	2007 ONCA 492
3:neutral:2007:onca:497	2007 ONCA 497
3:neutral:2007:onca:50	2007 ONCA 50
3:neutral:2007:onca:501	2007 ONCA 501
3:neutral:2007:onca:502	2007 ONCA 502
3:neutral:2007:onca:526	2007 ONCA 526
3:neutral:2007:onca:527	2007 ONCA 527
3:neutral:2007:onca:528	2007 ONCA 528
3:neutral:2007:onca:535	2007 ONCA 535
3:neutral:2007:onca:539	2007 ONCA 539
3:neutral:2007:onca:54	2007 ONCA 54
3:neutral:2007:onca:548	2007 ONCA 548
3:neutral:2007:onca:55	2007 ONCA 55
3:neutral:2007:onca:551	2007 ONCA 551
3:neutral:2007:onca:553	2007 ONCA 553
3:neutral:2007:onca:557	2007 ONCA 557
3:neutral:2007:onca:559	2007 ONCA 559
3:neutral:2007:onca:567	2007 ONCA 567
3:neutral:2007:onca:570	2007 ONCA 570
3:neutral:2007:onca:572	2007 ONCA 572
3:neutral:2007:onca:573	2007 ONCA 573
3:neutral:2007:onca:574	2007 ONCA 574
3:neutral:2007:onca:575	2007 ONCA 575
3:neutral:2007:onca:581	2007 ONCA 581
3:neutral:2007:onca:585	2007 ONCA 585
3:neutral:2007:onca:586	2007 ONCA 586
3:neutral:2007:onca:59	2007 ONCA 59
3:neutral:2007:onca:596	2007 ONCA 596
3:neutral:2007:onca:597	2007 ONCA 597
3:neutral:2007:onca:598	2007 ONCA 598
3:neutral:2007:onca:60	2007 ONCA 60
3:neutral:2007:onca:600	2007 ONCA 600
3:neutral:2007:onca:601	2007 ONCA 601
3:neutral:2007:onca:605	2007 ONCA 605
3:neutral:2007:onca:609	2007 ONCA 609
3:neutral:2007:onca:61	2007 ONCA 61
3:neutral:2007:onca:62	2007 ONCA 62
3:neutral:2007:onca:622	2007 ONCA 622
3:neutral:2007:onca:63	2007 ONCA 63
3:neutral:2007:onca:642	2007 ONCA 642
3:neutral:2007:onca:645	2007 ONCA 645
3:neutral:2007:onca:654	2007 ONCA 654
3:neutral:2007:onca:655	2007 ONCA 655
3:neutral:2007:onca:659	2007 ONCA 659
3:neutral:2007:onca:660	2007 ONCA 660
3:neutral:2007:onca:67	2007 ONCA 67
3:neutral:2007:onca:672	2007 ONCA 672
3:neutral:2007:onca:674	2007 ONCA 674
3:neutral:2007:onca:679	2007 ONCA 679
3:neutral:2007:onca:68	2007 ONCA 68
3:neutral:2007:onca:680	2007 ONCA 680
3:neutral:2007:onca:681	2007 ONCA 681
3:neutral:2007:onca:682	2007 ONCA 682
3:neutral:2007:onca:685	2007 ONCA 685
3:neutral:2007:onca:687	2007 ONCA 687
3:neutral:2007:onca:693	2007 ONCA 693
3:neutral:2007:onca:695	2007 ONCA 695
3:neutral:2007:onca:71	2007 ONCA 71
3:neutral:2007:onca:712	2007 ONCA 712
3:neutral:2007:onca:720	2007 ONCA 720
3:neutral:2007:onca:725	2007 ONCA 725
3:neutral:2007:onca:732	2007 ONCA 732
3:neutral:2007:onca:734	2007 ONCA 734
3:neutral:2007:onca:737	2007 ONCA 737
3:neutral:2007:onca:74	2007 ONCA 74
3:neutral:2007:onca:743	2007 ONCA 743
3:neutral:2007:onca:744	2007 ONCA 744
3:neutral:2007:onca:749	2007 ONCA 749
3:neutral:2007:onca:75	2007 ONCA 75
3:neutral:2007:onca:759	2007 ONCA 759
3:neutral:2007:onca:76	2007 ONCA 76
3:neutral:2007:onca:769	2007 ONCA 769
3:neutral:2007:onca:770	2007 ONCA 770
3:neutral:2007:onca:771	2007 ONCA 771
3:neutral:2007:onca:779	2007 ONCA 779
3:neutral:2007:onca:781	2007 ONCA 781
3:neutral:2007:onca:786	2007 ONCA 786
3:neutral:2007:onca:787	2007 ONCA 787
3:neutral:2007:onca:79	2007 ONCA 79
3:neutral:2007:onca:791	2007 ONCA 791
3:neutral:2007:onca:793	2007 ONCA 793
3:neutral:2007:onca:798	2007 ONCA 798
3:neutral:2007:onca:8	2007 ONCA 8
3:neutral:2007:onca:81	2007 ONCA 81
3:neutral:2007:onca:814	2007 ONCA 814
3:neutral:2007:onca:815	2007 ONCA 815
3:neutral:2007:onca:819	2007 ONCA 819
3:neutral:2007:onca:824	2007 ONCA 824
3:neutral:2007:onca:828	2007 ONCA 828
3:neutral:2007:onca:84	2007 ONCA 84
3:neutral:2007:onca:844	2007 ONCA 844
3:neutral:2007:onca:852	2007 ONCA 852
3:neutral:2007:onca:859	2007 ONCA 859
3:neutral:2007:onca:872	2007 ONCA 872
3:neutral:2007:onca:874	2007 ONCA 874
3:neutral:2007:onca:881	2007 ONCA 881
3:neutral:2007:onca:882	2007 ONCA 882
3:neutral:2007:onca:89	2007 ONCA 89
3:neutral:2007:onca:890	2007 ONCA 890
3:neutral:2007:onca:897	2007 ONCA 897
3:neutral:2007:onca:898	2007 ONCA 898
3:neutral:2007:onca:90	2007 ONCA 90
3:neutral:2007:onca:902	2007 ONCA 902
3:neutral:2007:onca:904	2007 ONCA 904
3:neutral:2007:onca:92	2007 ONCA 92
3:neutral:2007:scc:1	2007 SCC 1
3:neutral:2007:scc:10	2007 SCC 10
3:neutral:2007:scc:11	2007 SCC 11
3:neutral:2007:scc:15	2007 SCC 15
3:neutral:2007:scc:17	2007 SCC 17
3:neutral:2007:scc:18	2007 SCC 18
3:neutral:2007:scc:24	2007 SCC 24
3:neutral:2007:scc:26	2007 SCC 26
3:neutral:2007:scc:27	2007 SCC 27
3:neutral:2007:scc:28	2007 SCC 28
3:neutral:2007:scc:3	2007 SCC 3
3:neutral:2007:scc:30	2007 SCC 30
3:neutral:2007:scc:31	2007 SCC 31
3:neutral:2007:scc:32	2007 SCC 32
3:neutral:2007:scc:33	2007 SCC 33
3:neutral:2007:scc:34	2007 SCC 34
3:neutral:2007:scc:35	2007 SCC 35
3:neutral:2007:scc:36	2007 SCC 36
3:neutral:2007:scc:38	2007 SCC 38
3:neutral:2007:scc:4	2007 SCC 4
3:neutral:2007:scc:41	2007 SCC 41
3:neutral:2007:scc:42	2007 SCC 42
3:neutral:2007:scc:43	2007 SCC 43
3:neutral:2007:scc:44	2007 SCC 44
3:neutral:2007:scc:48	2007 SCC 48
3:neutral:2007:scc:5	2007 SCC 5
3:neutral:2007:scc:52	2007 SCC 52
3:neutral:2007:scc:53	2007 SCC 53
3:neutral:2007:scc:6	2007 SCC 6
3:neutral:2007:scc:7	2007 SCC 7
3:neutral:2007:scc:9	2007 SCC 9
3:neutral:2007:tcc:135	2007 TCC 135
3:neutral:2007:tcc:145	2007 TCC 145
3:neutral:2007:tcc:146	2007 TCC 146
3:neutral:2007:tcc:179	2007 TCC 179
3:neutral:2007:tcc:18	2007 TCC 18
3:neutral:2007:tcc:19	2007 TCC 19
3:neutral:2007:tcc:190	2007 TCC 190
3:neutral:2007:tcc:193	2007 TCC 193
3:neutral:2007:tcc:194	2007 TCC 194
3:neutral:2007:tcc:201	2007 TCC 201
3:neutral:2007:tcc:226	2007 TCC 226
3:neutral:2007:tcc:230	2007 TCC 230
3:neutral:2007:tcc:243	2007 TCC 243
3:neutral:2007:tcc:254	2007 TCC 254
3:neutral:2007:tcc:268	2007 TCC 268
3:neutral:2007:tcc:271	2007 TCC 271
3:neutral:2007:tcc:272	2007 TCC 272
3:neutral:2007:tcc:288	2007 TCC 288
3:neutral:2007:tcc:294	2007 TCC 294
3:neutral:2007:tcc:295	2007 TCC 295
3:neutral:2007:tcc:302	2007 TCC 302
3:neutral:2007:tcc:307	2007 TCC 307
3:neutral:2007:tcc:311	2007 TCC 311
3:neutral:2007:tcc:312	2007 TCC 312
3:neutral:2007:tcc:323	2007 TCC 323
3:neutral:2007:tcc:354	2007 TCC 354
3:neutral:2007:tcc:369	2007 TCC 369
3:neutral:2007:tcc:380	2007 TCC 380
3:neutral:2007:tcc:383	2007 TCC 383
3:neutral:2007:tcc:393	2007 TCC 393
3:neutral:2007:tcc:394	2007 TCC 394
3:neutral:2007:tcc:425	2007 TCC 425
3:neutral:2007:tcc:451	2007 TCC 451
3:neutral:2007:tcc:455	2007 TCC 455
3:neutral:2007:tcc:475	2007 TCC 475
3:neutral:2007:tcc:481	2007 TCC 481
3:neutral:2007:tcc:482	2007 TCC 482
3:neutral:2007:tcc:489	2007 TCC 489
3:neutral:2007:tcc:493	2007 TCC 493
3:neutral:2007:tcc:514	2007 TCC 514
3:neutral:2007:tcc:516	2007 TCC 516
3:neutral:2007:tcc:547	2007 TCC 547
3:neutral:2007:tcc:553	2007 TCC 553
3:neutral:2007:tcc:560	2007 TCC 560
3:neutral:2007:tcc:568	2007 TCC 568
3:neutral:2007:tcc:59	2007 TCC 59
3:neutral:2007:tcc:597	2007 TCC 597
3:neutral:2007:tcc:61	2007 TCC 61
3:neutral:2007:tcc:634	2007 TCC 634
3:neutral:2007:tcc:636	2007 TCC 636
3:neutral:2007:tcc:65	2007 TCC 65
3:neutral:2007:tcc:656	2007 TCC 656
3:neutral:2007:tcc:658	2007 TCC 658
3:neutral:2007:tcc:66	2007 TCC 66
3:neutral:2007:tcc:667	2007 TCC 667
3:neutral:2007:tcc:68	2007 TCC 68
3:neutral:2007:tcc:706	2007 TCC 706
3:neutral:2007:tcc:715	2007 TCC 715
3:neutral:2007:tcc:736	2007 TCC 736
3:neutral:2007:tcc:742	2007 TCC 742
3:neutral:2007:tcc:746	2007 TCC 746
3:neutral:2007:tcc:757	2007 TCC 757
3:neutral:2007:tcc:94	2007 TCC 94
3:neutral:2007:ykca:11	2007 YKCA 11
3:neutral:2008:bcca:105	2008 BCCA 105
3:neutral:2008:bcca:110	2008 BCCA 110
3:neutral:2008:bcca:111	2008 BCCA 111
3:neutral:2008:bcca:117	2008 BCCA 117
3:neutral:2008:bcca:118	2008 BCCA 118
3:neutral:2008:bcca:120	2008 BCCA 120
3:neutral:2008:bcca:127	2008 BCCA 127
3:neutral:2008:bcca:13	2008 BCCA 13
3:neutral:2008:bcca:130	2008 BCCA 130
3:neutral:2008:bcca:132	2008 BCCA 132
3:neutral:2008:bcca:135	2008 BCCA 135
3:neutral:2008:bcca:138	2008 BCCA 138
3:neutral:2008:bcca:143	2008 BCCA 143
3:neutral:2008:bcca:147	2008 BCCA 147
3:neutral:2008:bcca:151	2008 BCCA 151
3:neutral:2008:bcca:152	2008 BCCA 152
3:neutral:2008:bcca:153	2008 BCCA 153
3:neutral:2008:bcca:154	2008 BCCA 154
3:neutral:2008:bcca:155	2008 BCCA 155
3:neutral:2008:bcca:162	2008 BCCA 162
3:neutral:2008:bcca:164	2008 BCCA 164
3:neutral:2008:bcca:165	2008 BCCA 165
3:neutral:2008:bcca:167	2008 BCCA 167
3:neutral:2008:bcca:168	2008 BCCA 168
3:neutral:2008:bcca:170	2008 BCCA 170
3:neutral:2008:bcca:172	2008 BCCA 172
3:neutral:2008:bcca:174	2008 BCCA 174
3:neutral:2008:bcca:176	2008 BCCA 176
3:neutral:2008:bcca:177	2008 BCCA 177
3:neutral:2008:bcca:179	2008 BCCA 179
3:neutral:2008:bcca:182	2008 BCCA 182
3:neutral:2008:bcca:187	2008 BCCA 187
3:neutral:2008:bcca:19	2008 BCCA 19
3:neutral:2008:bcca:190	2008 BCCA 190
3:neutral:2008:bcca:196	2008 BCCA 196
3:neutral:2008:bcca:197	2008 BCCA 197
3:neutral:2008:bcca:2	2008 BCCA 2
3:neutral:2008:bcca:20	2008 BCCA 20
3:neutral:2008:bcca:201	2008 BCCA 201
3:neutral:2008:bcca:203	2008 BCCA 203
3:neutral:2008:bcca:204	2008 BCCA 204
3:neutral:2008:bcca:209	2008 BCCA 209
3:neutral:2008:bcca:214	2008 BCCA 214
3:neutral:2008:bcca:216	2008 BCCA 216
3:neutral:2008:bcca:217	2008 BCCA 217
3:neutral:2008:bcca:22	2008 BCCA 22
3:neutral:2008:bcca:222	2008 BCCA 222
3:neutral:2008:bcca:223	2008 BCCA 223
3:neutral:2008:bcca:227	2008 BCCA 227
3:neutral:2008:bcca:23	2008 BCCA 23
3:neutral:2008:bcca:230	2008 BCCA 230
3:neutral:2008:bcca:232	2008 BCCA 232
3:neutral:2008:bcca:233	2008 BCCA 233
3:neutral:2008:bcca:236	2008 BCCA 236
3:neutral:2008:bcca:237	2008 BCCA 237
3:neutral:2008:bcca:239	2008 BCCA 239
3:neutral:2008:bcca:242	2008 BCCA 242
3:neutral:2008:bcca:243	2008 BCCA 243
3:neutral:2008:bcca:244	2008 BCCA 244
3:neutral:2008:bcca:245	2008 BCCA 245
3:neutral:2008:bcca:246	2008 BCCA 246
3:neutral:2008:bcca:25	2008 BCCA 25
3:neutral:2008:bcca:252	2008 BCCA 252
3:neutral:2008:bcca:253	2008 BCCA 253
3:neutral:2008:bcca:26	2008 BCCA 26
3:neutral:2008:bcca:262	2008 BCCA 262
3:neutral:2008:bcca:263	2008 BCCA 263
3:neutral:2008:bcca:264	2008 BCCA 264
3:neutral:2008:bcca:266	2008 BCCA 266
3:neutral:2008:bcca:27	2008 BCCA 27
3:neutral:2008:bcca:271	2008 BCCA 271
3:neutral:2008:bcca:275	2008 BCCA 275
3:neutral:2008:bcca:277	2008 BCCA 277
3:neutral:2008:bcca:278	2008 BCCA 278
3:neutral:2008:bcca:280	2008 BCCA 280
3:neutral:2008:bcca:283	2008 BCCA 283
3:neutral:2008:bcca:284	2008 BCCA 284
3:neutral:2008:bcca:285	2008 BCCA 285
3:neutral:2008:bcca:29	2008 BCCA 29
3:neutral:2008:bcca:293	2008 BCCA 293
3:neutral:2008:bcca:297	2008 BCCA 297
3:neutral:2008:bcca:30	2008 BCCA 30
3:neutral:2008:bcca:300	2008 BCCA 300
3:neutral:2008:bcca:303	2008 BCCA 303
3:neutral:2008:bcca:306	2008 BCCA 306
3:neutral:2008:bcca:307	2008 BCCA 307
3:neutral:2008:bcca:309	2008 BCCA 309
3:neutral:2008:bcca:31	2008 BCCA 31
3:neutral:2008:bcca:316	2008 BCCA 316
3:neutral:2008:bcca:317	2008 BCCA 317
3:neutral:2008:bcca:318	2008 BCCA 318
3:neutral:2008:bcca:32	2008 BCCA 32
3:neutral:2008:bcca:326	2008 BCCA 326
3:neutral:2008:bcca:327	2008 BCCA 327
3:neutral:2008:bcca:331	2008 BCCA 331
3:neutral:2008:bcca:332	2008 BCCA 332
3:neutral:2008:bcca:333	2008 BCCA 333
3:neutral:2008:bcca:336	2008 BCCA 336
3:neutral:2008:bcca:339	2008 BCCA 339
3:neutral:2008:bcca:340	2008 BCCA 340
3:neutral:2008:bcca:341	2008 BCCA 341
3:neutral:2008:bcca:343	2008 BCCA 343
3:neutral:2008:bcca:344	2008 BCCA 344
3:neutral:2008:bcca:346	2008 BCCA 346
3:neutral:2008:bcca:347	2008 BCCA 347
3:neutral:2008:bcca:352	2008 BCCA 352
3:neutral:2008:bcca:357	2008 BCCA 357
3:neutral:2008:bcca:362	2008 BCCA 362
3:neutral:2008:bcca:365	2008 BCCA 365
3:neutral:2008:bcca:366	2008 BCCA 366
3:neutral:2008:bcca:37	2008 BCCA 37
3:neutral:2008:bcca:370	2008 BCCA 370
3:neutral:2008:bcca:373	2008 BCCA 373
3:neutral:2008:bcca:376	2008 BCCA 376
3:neutral:2008:bcca:379	2008 BCCA 379
3:neutral:2008:bcca:38	2008 BCCA 38
3:neutral:2008:bcca:382	2008 BCCA 382
3:neutral:2008:bcca:389	2008 BCCA 389
3:neutral:2008:bcca:392	2008 BCCA 392
3:neutral:2008:bcca:394	2008 BCCA 394
3:neutral:2008:bcca:396	2008 BCCA 396
3:neutral:2008:bcca:399	2008 BCCA 399
3:neutral:2008:bcca:400	2008 BCCA 400
3:neutral:2008:bcca:401	2008 BCCA 401
3:neutral:2008:bcca:405	2008 BCCA 405
3:neutral:2008:bcca:406	2008 BCCA 406
3:neutral:2008:bcca:407	2008 BCCA 407
3:neutral:2008:bcca:410	2008 BCCA 410
3:neutral:2008:bcca:413	2008 BCCA 413
3:neutral:2008:bcca:414	2008 BCCA 414
3:neutral:2008:bcca:416	2008 BCCA 416
3:neutral:2008:bcca:417	2008 BCCA 417
3:neutral:2008:bcca:418	2008 BCCA 418
3:neutral:2008:bcca:420	2008 BCCA 420
3:neutral:2008:bcca:43	2008 BCCA 43
3:neutral:2008:bcca:434	2008 BCCA 434
3:neutral:2008:bcca:437	2008 BCCA 437
3:neutral:2008:bcca:44	2008 BCCA 44
3:neutral:2008:bcca:442	2008 BCCA 442
3:neutral:2008:bcca:443	2008 BCCA 443
3:neutral:2008:bcca:446	2008 BCCA 446
3:neutral:2008:bcca:454	2008 BCCA 454
3:neutral:2008:bcca:455	2008 BCCA 455
3:neutral:2008:bcca:456	2008 BCCA 456
3:neutral:2008:bcca:458	2008 BCCA 458
3:neutral:2008:bcca:46	2008 BCCA 46
3:neutral:2008:bcca:462	2008 BCCA 462
3:neutral:2008:bcca:465	2008 BCCA 465
3:neutral:2008:bcca:467	2008 BCCA 467
3:neutral:2008:bcca:468	2008 BCCA 468
3:neutral:2008:bcca:472	2008 BCCA 472
3:neutral:2008:bcca:473	2008 BCCA 473
3:neutral:2008:bcca:474	2008 BCCA 474
3:neutral:2008:bcca:48	2008 BCCA 48
3:neutral:2008:bcca:480	2008 BCCA 480
3:neutral:2008:bcca:481	2008 BCCA 481
3:neutral:2008:bcca:483	2008 BCCA 483
3:neutral:2008:bcca:484	2008 BCCA 484
3:neutral:2008:bcca:49	2008 BCCA 49
3:neutral:2008:bcca:491	2008 BCCA 491
3:neutral:2008:bcca:494	2008 BCCA 494
3:neutral:2008:bcca:50	2008 BCCA 50
3:neutral:2008:bcca:502	2008 BCCA 502
3:neutral:2008:bcca:503	2008 BCCA 503
3:neutral:2008:bcca:505	2008 BCCA 505
3:neutral:2008:bcca:507	2008 BCCA 507
3:neutral:2008:bcca:514	2008 BCCA 514
3:neutral:2008:bcca:519	2008 BCCA 519
3:neutral:2008:bcca:521	2008 BCCA 521
3:neutral:2008:bcca:526	2008 BCCA 526
3:neutral:2008:bcca:53	2008 BCCA 53
3:neutral:2008:bcca:535	2008 BCCA 535
3:neutral:2008:bcca:54	2008 BCCA 54
3:neutral:2008:bcca:55	2008 BCCA 55
3:neutral:2008:bcca:550	2008 BCCA 550
3:neutral:2008:bcca:57	2008 BCCA 57
3:neutral:2008:bcca:59	2008 BCCA 59
3:neutral:2008:bcca:6	2008 BCCA 6
3:neutral:2008:bcca:60	2008 BCCA 60
3:neutral:2008:bcca:61	2008 BCCA 61
3:neutral:2008:bcca:64	2008 BCCA 64
3:neutral:2008:bcca:65	2008 BCCA 65
3:neutral:2008:bcca:7	2008 BCCA 7
3:neutral:2008:bcca:76	2008 BCCA 76
3:neutral:2008:bcca:85	2008 BCCA 85
3:neutral:2008:bcca:89	2008 BCCA 89
3:neutral:2008:bcca:9	2008 BCCA 9
3:neutral:2008:bcca:91	2008 BCCA 91
3:neutral:2008:bcca:92	2008 BCCA 92
3:neutral:2008:bcca:94	2008 BCCA 94
3:neutral:2008:bcca:96	2008 BCCA 96
3:neutral:2008:bcca:97	2008 BCCA 97
3:neutral:2008:bcsc:1027	2008 BCSC 1027
3:neutral:2008:bcsc:1028	2008 BCSC 1028
3:neutral:2008:bcsc:1060	2008 BCSC 1060
3:neutral:2008:bcsc:1080	2008 BCSC 1080
3:neutral:2008:bcsc:1095	2008 BCSC 1095
3:neutral:2008:bcsc:1096	2008 BCSC 1096
3:neutral:2008:bcsc:1098	2008 BCSC 1098
3:neutral:2008:bcsc:1119	2008 BCSC 1119
3:neutral:2008:bcsc:112	2008 BCSC 112
3:neutral:2008:bcsc:1122	2008 BCSC 1122
3:neutral:2008:bcsc:1130	2008 BCSC 1130
3:neutral:2008:bcsc:1136	2008 BCSC 1136
3:neutral:2008:bcsc:1139	2008 BCSC 1139
3:neutral:2008:bcsc:1166	2008 BCSC 1166
3:neutral:2008:bcsc:1189	2008 BCSC 1189
3:neutral:2008:bcsc:1192	2008 BCSC 1192
3:neutral:2008:bcsc:1208	2008 BCSC 1208
3:neutral:2008:bcsc:1229	2008 BCSC 1229
3:neutral:2008:bcsc:1242	2008 BCSC 1242
3:neutral:2008:bcsc:1243	2008 BCSC 1243
3:neutral:2008:bcsc:1244	2008 BCSC 1244
3:neutral:2008:bcsc:125	2008 BCSC 125
3:neutral:2008:bcsc:1258	2008 BCSC 1258
3:neutral:2008:bcsc:1273	2008 BCSC 1273
3:neutral:2008:bcsc:1278	2008 BCSC 1278
3:neutral:2008:bcsc:1293	2008 BCSC 1293
3:neutral:2008:bcsc:1298	2008 BCSC 1298
3:neutral:2008:bcsc:1307	2008 BCSC 1307
3:neutral:2008:bcsc:1309	2008 BCSC 1309
3:neutral:2008:bcsc:1312	2008 BCSC 1312
3:neutral:2008:bcsc:1321	2008 BCSC 1321
3:neutral:2008:bcsc:1323	2008 BCSC 1323
3:neutral:2008:bcsc:1339	2008 BCSC 1339
3:neutral:2008:bcsc:1344	2008 BCSC 1344
3:neutral:2008:bcsc:1351	2008 BCSC 1351
3:neutral:2008:bcsc:1363	2008 BCSC 1363
3:neutral:2008:bcsc:1372	2008 BCSC 1372
3:neutral:2008:bcsc:1387	2008 BCSC 1387
3:neutral:2008:bcsc:139	2008 BCSC 139
3:neutral:2008:bcsc:1397	2008 BCSC 1397
3:neutral:2008:bcsc:1421	2008 BCSC 1421
3:neutral:2008:bcsc:1453	2008 BCSC 1453
3:neutral:2008:bcsc:1495	2008 BCSC 1495
3:neutral:2008:bcsc:1518	2008 BCSC 1518
3:neutral:2008:bcsc:1519	2008 BCSC 1519
3:neutral:2008:bcsc:1524	2008 BCSC 1524
3:neutral:2008:bcsc:1547	2008 BCSC 1547
3:neutral:2008:bcsc:155	2008 BCSC 155
3:neutral:2008:bcsc:1570	2008 BCSC 1570
3:neutral:2008:bcsc:1575	2008 BCSC 1575
3:neutral:2008:bcsc:160	2008 BCSC 160
3:neutral:2008:bcsc:1606	2008 BCSC 1606
3:neutral:2008:bcsc:1614	2008 BCSC 1614
3:neutral:2008:bcsc:1636	2008 BCSC 1636
3:neutral:2008:bcsc:1637	2008 BCSC 1637
3:neutral:2008:bcsc:1642	2008 BCSC 1642
3:neutral:2008:bcsc:1649	2008 BCSC 1649
3:neutral:2008:bcsc:1658	2008 BCSC 1658
3:neutral:2008:bcsc:1664	2008 BCSC 1664
3:neutral:2008:bcsc:1667	2008 BCSC 1667
3:neutral:2008:bcsc:1676	2008 BCSC 1676
3:neutral:2008:bcsc:1697	2008 BCSC 1697
3:neutral:2008:bcsc:1699	2008 BCSC 1699
3:neutral:2008:bcsc:1726	2008 BCSC 1726
3:neutral:2008:bcsc:173	2008 BCSC 173
3:neutral:2008:bcsc:1739	2008 BCSC 1739
3:neutral:2008:bcsc:1762	2008 BCSC 1762
3:neutral:2008:bcsc:1781	2008 BCSC 1781
3:neutral:2008:bcsc:179	2008 BCSC 179
3:neutral:2008:bcsc:1809	2008 BCSC 1809
3:neutral:2008:bcsc:182	2008 BCSC 182
3:neutral:2008:bcsc:183	2008 BCSC 183
3:neutral:2008:bcsc:184	2008 BCSC 184
3:neutral:2008:bcsc:198	2008 BCSC 198
3:neutral:2008:bcsc:211	2008 BCSC 211
3:neutral:2008:bcsc:212	2008 BCSC 212
3:neutral:2008:bcsc:224	2008 BCSC 224
3:neutral:2008:bcsc:235	2008 BCSC 235
3:neutral:2008:bcsc:241	2008 BCSC 241
3:neutral:2008:bcsc:243	2008 BCSC 243
3:neutral:2008:bcsc:253	2008 BCSC 253
3:neutral:2008:bcsc:264	2008 BCSC 264
3:neutral:2008:bcsc:27	2008 BCSC 27
3:neutral:2008:bcsc:288	2008 BCSC 288
3:neutral:2008:bcsc:291	2008 BCSC 291
3:neutral:2008:bcsc:300	2008 BCSC 300
3:neutral:2008:bcsc:306	2008 BCSC 306
3:neutral:2008:bcsc:314	2008 BCSC 314
3:neutral:2008:bcsc:317	2008 BCSC 317
3:neutral:2008:bcsc:321	2008 BCSC 321
3:neutral:2008:bcsc:330	2008 BCSC 330
3:neutral:2008:bcsc:331	2008 BCSC 331
3:neutral:2008:bcsc:332	2008 BCSC 332
3:neutral:2008:bcsc:345	2008 BCSC 345
3:neutral:2008:bcsc:353	2008 BCSC 353
3:neutral:2008:bcsc:36	2008 BCSC 36
3:neutral:2008:bcsc:361	2008 BCSC 361
3:neutral:2008:bcsc:363	2008 BCSC 363
3:neutral:2008:bcsc:395	2008 BCSC 395
3:neutral:2008:bcsc:396	2008 BCSC 396
3:neutral:2008:bcsc:403	2008 BCSC 403
3:neutral:2008:bcsc:405	2008 BCSC 405
3:neutral:2008:bcsc:419	2008 BCSC 419
3:neutral:2008:bcsc:42	2008 BCSC 42
3:neutral:2008:bcsc:436	2008 BCSC 436
3:neutral:2008:bcsc:447	2008 BCSC 447
3:neutral:2008:bcsc:451	2008 BCSC 451
3:neutral:2008:bcsc:453	2008 BCSC 453
3:neutral:2008:bcsc:456	2008 BCSC 456
3:neutral:2008:bcsc:47	2008 BCSC 47
3:neutral:2008:bcsc:470	2008 BCSC 470
3:neutral:2008:bcsc:49	2008 BCSC 49
3:neutral:2008:bcsc:55	2008 BCSC 55
3:neutral:2008:bcsc:569	2008 BCSC 569
3:neutral:2008:bcsc:574	2008 BCSC 574
3:neutral:2008:bcsc:582	2008 BCSC 582
3:neutral:2008:bcsc:588	2008 BCSC 588
3:neutral:2008:bcsc:607	2008 BCSC 607
3:neutral:2008:bcsc:639	2008 BCSC 639
3:neutral:2008:bcsc:643	2008 BCSC 643
3:neutral:2008:bcsc:644	2008 BCSC 644
3:neutral:2008:bcsc:65	2008 BCSC 65
3:neutral:2008:bcsc:661	2008 BCSC 661
3:neutral:2008:bcsc:668	2008 BCSC 668
3:neutral:2008:bcsc:669	2008 BCSC 669
3:neutral:2008:bcsc:679	2008 BCSC 679
3:neutral:2008:bcsc:68	2008 BCSC 68
3:neutral:2008:bcsc:701	2008 BCSC 701
3:neutral:2008:bcsc:710	2008 BCSC 710
3:neutral:2008:bcsc:733	2008 BCSC 733
3:neutral:2008:bcsc:739	2008 BCSC 739
3:neutral:2008:bcsc:749	2008 BCSC 749
3:neutral:2008:bcsc:755	2008 BCSC 755
3:neutral:2008:bcsc:756	2008 BCSC 756
3:neutral:2008:bcsc:760	2008 BCSC 760
3:neutral:2008:bcsc:770	2008 BCSC 770
3:neutral:2008:bcsc:775	2008 BCSC 775
3:neutral:2008:bcsc:780	2008 BCSC 780
3:neutral:2008:bcsc:810	2008 BCSC 810
3:neutral:2008:bcsc:829	2008 BCSC 829
3:neutral:2008:bcsc:838	2008 BCSC 838
3:neutral:2008:bcsc:843	2008 BCSC 843
3:neutral:2008:bcsc:846	2008 BCSC 846
3:neutral:2008:bcsc:848	2008 BCSC 848
3:neutral:2008:bcsc:849	2008 BCSC 849
3:neutral:2008:bcsc:851	2008 BCSC 851
3:neutral:2008:bcsc:852	2008 BCSC 852
3:neutral:2008:bcsc:861	2008 BCSC 861
3:neutral:2008:bcsc:897	2008 BCSC 897
3:neutral:2008:bcsc:915	2008 BCSC 915
3:neutral:2008:bcsc:93	2008 BCSC 93
3:neutral:2008:bcsc:933	2008 BCSC 933
3:neutral:2008:bcsc:936	2008 BCSC 936
3:neutral:2008:bcsc:942	2008 BCSC 942
3:neutral:2008:bcsc:960	2008 BCSC 960
3:neutral:2008:bcsc:98	2008 BCSC 98
3:neutral:2008:bcsc:984	2008 BCSC 984
3:neutral:2008:bcsc:990	2008 BCSC 990
3:neutral:2008:bcsc:994	2008 BCSC 994
3:neutral:2008:chrt:5	2008 CHRT 5
3:neutral:2008:cmac:3	2008 CMAC 3
3:neutral:2008:cmac:4	2008 CMAC 4
3:neutral:2008:cmac:5	2008 CMAC 5
3:neutral:2008:fc:1001	2008 FC 1001
3:neutral:2008:fc:1005	2008 FC 1005
3:neutral:2008:fc:1007	2008 FC 1007
3:neutral:2008:fc:1011	2008 FC 1011
3:neutral:2008:fc:1018	2008 FC 1018
3:neutral:2008:fc:1021	2008 FC 1021
3:neutral:2008:fc:1032	2008 FC 1032
3:neutral:2008:fc:1035	2008 FC 1035
3:neutral:2008:fc:1039	2008 FC 1039
3:neutral:2008:fc:1049	2008 FC 1049
3:neutral:2008:fc:1050	2008 FC 1050
3:neutral:2008:fc:1055	2008 FC 1055
3:neutral:2008:fc:1059	2008 FC 1059
3:neutral:2008:fc:1067	2008 FC 1067
3:neutral:2008:fc:1069	2008 FC 1069
3:neutral:2008:fc:1070	2008 FC 1070
3:neutral:2008:fc:1071	2008 FC 1071
3:neutral:2008:fc:1073	2008 FC 1073
3:neutral:2008:fc:1077	2008 FC 1077
3:neutral:2008:fc:1081	2008 FC 1081
3:neutral:2008:fc:1082	2008 FC 1082
3:neutral:2008:fc:1083	2008 FC 1083
3:neutral:2008:fc:1086	2008 FC 1086
3:neutral:2008:fc:11	2008 FC 11
3:neutral:2008:fc:1104	2008 FC 1104
3:neutral:2008:fc:1117	2008 FC 1117
3:neutral:2008:fc:1142	2008 FC 1142
3:neutral:2008:fc:1155	2008 FC 1155
3:neutral:2008:fc:1158	2008 FC 1158
3:neutral:2008:fc:1165	2008 FC 1165
3:neutral:2008:fc:118	2008 FC 118
3:neutral:2008:fc:1181	2008 FC 1181
3:neutral:2008:fc:1183	2008 FC 1183
3:neutral:2008:fc:1185	2008 FC 1185
3:neutral:2008:fc:1191	2008 FC 1191
3:neutral:2008:fc:1192	2008 FC 1192
3:neutral:2008:fc:12	2008 FC 12
3:neutral:2008:fc:1200	2008 FC 1200
3:neutral:2008:fc:1216	2008 FC 1216
3:neutral:2008:fc:1227	2008 FC 1227
3:neutral:2008:fc:1229	2008 FC 1229
3:neutral:2008:fc:1230	2008 FC 1230
3:neutral:2008:fc:1233	2008 FC 1233
3:neutral:2008:fc:1237	2008 FC 1237
3:neutral:2008:fc:124	2008 FC 124
3:neutral:2008:fc:1243	2008 FC 1243
3:neutral:2008:fc:1246	2008 FC 1246
3:neutral:2008:fc:1248	2008 FC 1248
3:neutral:2008:fc:125	2008 FC 125
3:neutral:2008:fc:1253	2008 FC 1253
3:neutral:2008:fc:1268	2008 FC 1268
3:neutral:2008:fc:1270	2008 FC 1270
3:neutral:2008:fc:1284	2008 FC 1284
3:neutral:2008:fc:1298	2008 FC 1298
3:neutral:2008:fc:1299	2008 FC 1299
3:neutral:2008:fc:13	2008 FC 13
3:neutral:2008:fc:130	2008 FC 130
3:neutral:2008:fc:1301	2008 FC 1301
3:neutral:2008:fc:1308	2008 FC 1308
3:neutral:2008:fc:1319	2008 FC 1319
3:neutral:2008:fc:1321	2008 FC 1321
3:neutral:2008:fc:1322	2008 FC 1322
3:neutral:2008:fc:1336	2008 FC 1336
3:neutral:2008:fc:1344	2008 FC 1344
3:neutral:2008:fc:1346	2008 FC 1346
3:neutral:2008:fc:1349	2008 FC 1349
3:neutral:2008:fc:1355	2008 FC 1355
3:neutral:2008:fc:1356	2008 FC 1356
3:neutral:2008:fc:1357	2008 FC 1357
3:neutral:2008:fc:1359	2008 FC 1359
3:neutral:2008:fc:1366	2008 FC 1366
3:neutral:2008:fc:1373	2008 FC 1373
3:neutral:2008:fc:1375	2008 FC 1375
3:neutral:2008:fc:1392	2008 FC 1392
3:neutral:2008:fc:1411	2008 FC 1411
3:neutral:2008:fc:142	2008 FC 142
3:neutral:2008:fc:146	2008 FC 146
3:neutral:2008:fc:149	2008 FC 149
3:neutral:2008:fc:158	2008 FC 158
3:neutral:2008:fc:165	2008 FC 165
3:neutral:2008:fc:168	2008 FC 168
3:neutral:2008:fc:181	2008 FC 181
3:neutral:2008:fc:183	2008 FC 183
3:neutral:2008:fc:186	2008 FC 186
3:neutral:2008:fc:190	2008 FC 190
3:neutral:2008:fc:196	2008 FC 196
3:neutral:2008:fc:199	2008 FC 199
3:neutral:2008:fc:208	2008 FC 208
3:neutral:2008:fc:214	2008 FC 214
3:neutral:2008:fc:223	2008 FC 223
3:neutral:2008:fc:226	2008 FC 226
3:neutral:2008:fc:227	2008 FC 227
3:neutral:2008:fc:24	2008 FC 24
3:neutral:2008:fc:241	2008 FC 241
3:neutral:2008:fc:268	2008 FC 268
3:neutral:2008:fc:270	2008 FC 270
3:neutral:2008:fc:271	2008 FC 271
3:neutral:2008:fc:275	2008 FC 275
3:neutral:2008:fc:276	2008 FC 276
3:neutral:2008:fc:286	2008 FC 286
3:neutral:2008:fc:289	2008 FC 289
3:neutral:2008:fc:293	2008 FC 293
3:neutral:2008:fc:298	2008 FC 298
3:neutral:2008:fc:299	2008 FC 299
3:neutral:2008:fc:300	2008 FC 300
3:neutral:2008:fc:302	2008 FC 302
3:neutral:2008:fc:308	2008 FC 308
3:neutral:2008:fc:31	2008 FC 31
3:neutral:2008:fc:32	2008 FC 32
3:neutral:2008:fc:321	2008 FC 321
3:neutral:2008:fc:322	2008 FC 322
3:neutral:2008:fc:325	2008 FC 325
3:neutral:2008:fc:33	2008 FC 33
3:neutral:2008:fc:330	2008 FC 330
3:neutral:2008:fc:331	2008 FC 331
3:neutral:2008:fc:336	2008 FC 336
3:neutral:2008:fc:338	2008 FC 338
3:neutral:2008:fc:341	2008 FC 341
3:neutral:2008:fc:342	2008 FC 342
3:neutral:2008:fc:344	2008 FC 344
3:neutral:2008:fc:346	2008 FC 346
3:neutral:2008:fc:354	2008 FC 354
3:neutral:2008:fc:359	2008 FC 359
3:neutral:2008:fc:379	2008 FC 379
3:neutral:2008:fc:388	2008 FC 388
3:neutral:2008:fc:395	2008 FC 395
3:neutral:2008:fc:405	2008 FC 405
3:neutral:2008:fc:409	2008 FC 409
3:neutral:2008:fc:414	2008 FC 414
3:neutral:2008:fc:420	2008 FC 420
3:neutral:2008:fc:425	2008 FC 425
3:neutral:2008:fc:428	2008 FC 428
3:neutral:2008:fc:436	2008 FC 436
3:neutral:2008:fc:459	2008 FC 459
3:neutral:2008:fc:46	2008 FC 46
3:neutral:2008:fc:481	2008 FC 481
3:neutral:2008:fc:488	2008 FC 488
3:neutral:2008:fc:491	2008 FC 491
3:neutral:2008:fc:500	2008 FC 500
3:neutral:2008:fc:51	2008 FC 51
3:neutral:2008:fc:513	2008 FC 513
3:neutral:2008:fc:520	2008 FC 520
3:neutral:2008:fc:531	2008 FC 531
3:neutral:2008:fc:538	2008 FC 538
3:neutral:2008:fc:539	2008 FC 539
3:neutral:2008:fc:549	2008 FC 549
3:neutral:2008:fc:552	2008 FC 552
3:neutral:2008:fc:554	2008 FC 554
3:neutral:2008:fc:57	2008 FC 57
3:neutral:2008:fc:572	2008 FC 572
3:neutral:2008:fc:574	2008 FC 574
3:neutral:2008:fc:588	2008 FC 588
3:neutral:2008:fc:589	2008 FC 589
3:neutral:2008:fc:606	2008 FC 606
3:neutral:2008:fc:608	2008 FC 608
3:neutral:2008:fc:61	2008 FC 61
3:neutral:2008:fc:613	2008 FC 613
3:neutral:2008:fc:614	2008 FC 614
3:neutral:2008:fc:616	2008 FC 616
3:neutral:2008:fc:62	2008 FC 62
3:neutral:2008:fc:624	2008 FC 624
3:neutral:2008:fc:626	2008 FC 626
3:neutral:2008:fc:647	2008 FC 647
3:neutral:2008:fc:649	2008 FC 649
3:neutral:2008:fc:663	2008 FC 663
3:neutral:2008:fc:67	2008 FC 67
3:neutral:2008:fc:673	2008 FC 673
3:neutral:2008:fc:674	2008 FC 674
3:neutral:2008:fc:69	2008 FC 69
3:neutral:2008:fc:694	2008 FC 694
3:neutral:2008:fc:7	2008 FC 7
3:neutral:2008:fc:700	2008 FC 700
3:neutral:2008:fc:703	2008 FC 703
3:neutral:2008:fc:712	2008 FC 712
3:neutral:2008:fc:713	2008 FC 713
3:neutral:2008:fc:726	2008 FC 726
3:neutral:2008:fc:727	2008 FC 727
3:neutral:2008:fc:732	2008 FC 732
3:neutral:2008:fc:733	2008 FC 733
3:neutral:2008:fc:737	2008 FC 737
3:neutral:2008:fc:741	2008 FC 741
3:neutral:2008:fc:744	2008 FC 744
3:neutral:2008:fc:747	2008 FC 747
3:neutral:2008:fc:754	2008 FC 754
3:neutral:2008:fc:757	2008 FC 757
3:neutral:2008:fc:759	2008 FC 759
3:neutral:2008:fc:766	2008 FC 766
3:neutral:2008:fc:767	2008 FC 767
3:neutral:2008:fc:77	2008 FC 77
3:neutral:2008:fc:777	2008 FC 777
3:neutral:2008:fc:780	2008 FC 780
3:neutral:2008:fc:781	2008 FC 781
3:neutral:2008:fc:784	2008 FC 784
3:neutral:2008:fc:786	2008 FC 786
3:neutral:2008:fc:788	2008 FC 788
3:neutral:2008:fc:789	2008 FC 789
3:neutral:2008:fc:79	2008 FC 79
3:neutral:2008:fc:802	2008 FC 802
3:neutral:2008:fc:804	2008 FC 804
3:neutral:2008:fc:806	2008 FC 806
3:neutral:2008:fc:807	2008 FC 807
3:neutral:2008:fc:810	2008 FC 810
3:neutral:2008:fc:812	2008 FC 812
3:neutral:2008:fc:82	2008 FC 82
3:neutral:2008:fc:825	2008 FC 825
3:neutral:2008:fc:828	2008 FC 828
3:neutral:2008:fc:830	2008 FC 830
3:neutral:2008:fc:838	2008 FC 838
3:neutral:2008:fc:843	2008 FC 843
3:neutral:2008:fc:844	2008 FC 844
3:neutral:2008:fc:846	2008 FC 846
3:neutral:2008:fc:848	2008 FC 848
3:neutral:2008:fc:853	2008 FC 853
3:neutral:2008:fc:857	2008 FC 857
3:neutral:2008:fc:861	2008 FC 861
3:neutral:2008:fc:871	2008 FC 871
3:neutral:2008:fc:876	2008 FC 876
3:neutral:2008:fc:877	2008 FC 877
3:neutral:2008:fc:88	2008 FC 88
3:neutral:2008:fc:884	2008 FC 884
3:neutral:2008:fc:887	2008 FC 887
3:neutral:2008:fc:888	2008 FC 888
3:neutral:2008:fc:889	2008 FC 889
3:neutral:2008:fc:909	2008 FC 909
3:neutral:2008:fc:928	2008 FC 928
3:neutral:2008:fc:931	2008 FC 931
3:neutral:2008:fc:932	2008 FC 932
3:neutral:2008:fc:942	2008 FC 942
3:neutral:2008:fc:949	2008 FC 949
3:neutral:2008:fc:96	2008 FC 96
3:neutral:2008:fc:962	2008 FC 962
3:neutral:2008:fc:965	2008 FC 965
3:neutral:2008:fc:966	2008 FC 966
3:neutral:2008:fc:970	2008 FC 970
3:neutral:2008:fc:972	2008 FC 972
3:neutral:2008:fc:975	2008 FC 975
3:neutral:2008:fc:985	2008 FC 985
3:neutral:2008:fc:989	2008 FC 989
3:neutral:2008:fca:1	2008 FCA 1
3:neutral:2008:fca:100	2008 FCA 100
3:neutral:2008:fca:101	2008 FCA 101
3:neutral:2008:fca:102	2008 FCA 102
3:neutral:2008:fca:105	2008 FCA 105
3:neutral:2008:fca:106	2008 FCA 106
3:neutral:2008:fca:108	2008 FCA 108
3:neutral:2008:fca:109	2008 FCA 109
3:neutral:2008:fca:112	2008 FCA 112
3:neutral:2008:fca:113	2008 FCA 113
3:neutral:2008:fca:114	2008 FCA 114
3:neutral:2008:fca:118	2008 FCA 118
3:neutral:2008:fca:128	2008 FCA 128
3:neutral:2008:fca:129	2008 FCA 129
3:neutral:2008:fca:141	2008 FCA 141
3:neutral:2008:fca:142	2008 FCA 142
3:neutral:2008:fca:153	2008 FCA 153
3:neutral:2008:fca:157	2008 FCA 157
3:neutral:2008:fca:17	2008 FCA 17
3:neutral:2008:fca:170	2008 FCA 170
3:neutral:2008:fca:175	2008 FCA 175
3:neutral:2008:fca:18	2008 FCA 18
3:neutral:2008:fca:182	2008 FCA 182
3:neutral:2008:fca:184	2008 FCA 184
3:neutral:2008:fca:185	2008 FCA 185
3:neutral:2008:fca:186	2008 FCA 186
3:neutral:2008:fca:187	2008 FCA 187
3:neutral:2008:fca:189	2008 FCA 189
3:neutral:2008:fca:190	2008 FCA 190
3:neutral:2008:fca:198	2008 FCA 198
3:neutral:2008:fca:199	2008 FCA 199
3:neutral:2008:fca:20	2008 FCA 20
3:neutral:2008:fca:201	2008 FCA 201
3:neutral:2008:fca:206	2008 FCA 206
3:neutral:2008:fca:207	2008 FCA 207
3:neutral:2008:fca:209	2008 FCA 209
3:neutral:2008:fca:21	2008 FCA 21
3:neutral:2008:fca:212	2008 FCA 212
3:neutral:2008:fca:214	2008 FCA 214
3:neutral:2008:fca:215	2008 FCA 215
3:neutral:2008:fca:219	2008 FCA 219
3:neutral:2008:fca:22	2008 FCA 22
3:neutral:2008:fca:221	2008 FCA 221
3:neutral:2008:fca:226	2008 FCA 226
3:neutral:2008:fca:227	2008 FCA 227
3:neutral:2008:fca:228	2008 FCA 228
3:neutral:2008:fca:229	2008 FCA 229
3:neutral:2008:fca:230	2008 FCA 230
3:neutral:2008:fca:238	2008 FCA 238
3:neutral:2008:fca:24	2008 FCA 24
3:neutral:2008:fca:241	2008 FCA 241
3:neutral:2008:fca:243	2008 FCA 243
3:neutral:2008:fca:244	2008 FCA 244
3:neutral:2008:fca:25	2008 FCA 25
3:neutral:2008:fca:255	2008 FCA 255
3:neutral:2008:fca:256	2008 FCA 256
3:neutral:2008:fca:257	2008 FCA 257
3:neutral:2008:fca:260	2008 FCA 260
3:neutral:2008:fca:278	2008 FCA 278
3:neutral:2008:fca:279	2008 FCA 279
3:neutral:2008:fca:281	2008 FCA 281
3:neutral:2008:fca:285	2008 FCA 285
3:neutral:2008:fca:286	2008 FCA 286
3:neutral:2008:fca:287	2008 FCA 287
3:neutral:2008:fca:297	2008 FCA 297
3:neutral:2008:fca:298	2008 FCA 298
3:neutral:2008:fca:3	2008 FCA 3
3:neutral:2008:fca:304	2008 FCA 304
3:neutral:2008:fca:305	2008 FCA 305
3:neutral:2008:fca:31	2008 FCA 31
3:neutral:2008:fca:311	2008 FCA 311
3:neutral:2008:fca:32	2008 FCA 32
3:neutral:2008:fca:326	2008 FCA 326
3:neutral:2008:fca:328	2008 FCA 328
3:neutral:2008:fca:33	2008 FCA 33
3:neutral:2008:fca:332	2008 FCA 332
3:neutral:2008:fca:335	2008 FCA 335
3:neutral:2008:fca:338	2008 FCA 338
3:neutral:2008:fca:348	2008 FCA 348
3:neutral:2008:fca:35	2008 FCA 35
3:neutral:2008:fca:352	2008 FCA 352
3:neutral:2008:fca:354	2008 FCA 354
3:neutral:2008:fca:355	2008 FCA 355
3:neutral:2008:fca:360	2008 FCA 360
3:neutral:2008:fca:362	2008 FCA 362
3:neutral:2008:fca:363	2008 FCA 363
3:neutral:2008:fca:369	2008 FCA 369
3:neutral:2008:fca:370	2008 FCA 370
3:neutral:2008:fca:371	2008 FCA 371
3:neutral:2008:fca:380	2008 FCA 380
3:neutral:2008:fca:381	2008 FCA 381
3:neutral:2008:fca:382	2008 FCA 382
3:neutral:2008:fca:386	2008 FCA 386
3:neutral:2008:fca:39	2008 FCA 39
3:neutral:2008:fca:395	2008 FCA 395
3:neutral:2008:fca:396	2008 FCA 396
3:neutral:2008:fca:398	2008 FCA 398
3:neutral:2008:fca:399	2008 FCA 399
3:neutral:2008:fca:4	2008 FCA 4
3:neutral:2008:fca:401	2008 FCA 401
3:neutral:2008:fca:404	2008 FCA 404
3:neutral:2008:fca:414	2008 FCA 414
3:neutral:2008:fca:416	2008 FCA 416
3:neutral:2008:fca:418	2008 FCA 418
3:neutral:2008:fca:42	2008 FCA 42
3:neutral:2008:fca:44	2008 FCA 44
3:neutral:2008:fca:47	2008 FCA 47
3:neutral:2008:fca:50	2008 FCA 50
3:neutral:2008:fca:52	2008 FCA 52
3:neutral:2008:fca:53	2008 FCA 53
3:neutral:2008:fca:58	2008 FCA 58
3:neutral:2008:fca:59	2008 FCA 59
3:neutral:2008:fca:6	2008 FCA 6
3:neutral:2008:fca:62	2008 FCA 62
3:neutral:2008:fca:76	2008 FCA 76
3:neutral:2008:fca:81	2008 FCA 81
3:neutral:2008:fca:84	2008 FCA 84
3:neutral:2008:fca:85	2008 FCA 85
3:neutral:2008:fca:86	2008 FCA 86
3:neutral:2008:fca:89	2008 FCA 89
3:neutral:2008:fca:90	2008 FCA 90
3:neutral:2008:fca:91	2008 FCA 91
3:neutral:2008:fca:94	2008 FCA 94
3:neutral:2008:fca:95	2008 FCA 95
3:neutral:2008:nsca:107	2008 NSCA 107
3:neutral:2008:nsca:120	2008 NSCA 120
3:neutral:2008:nsca:124	2008 NSCA 124
3:neutral:2008:nsca:21	2008 NSCA 21
3:neutral:2008:nsca:3	2008 NSCA 3
3:neutral:2008:nsca:5	2008 NSCA 5
3:neutral:2008:nsca:54	2008 NSCA 54
3:neutral:2008:nsca:57	2008 NSCA 57
3:neutral:2008:nsca:67	2008 NSCA 67
3:neutral:2008:nsca:73	2008 NSCA 73
3:neutral:2008:nsca:77	2008 NSCA 77
3:neutral:2008:nsca:82	2008 NSCA 82
3:neutral:2008:nsca:95	2008 NSCA 95
3:neutral:2008:nspc:72	2008 NSPC 72
3:neutral:2008:nssc:163	2008 NSSC 163
3:neutral:2008:nssc:166	2008 NSSC 166
3:neutral:2008:nssc:210	2008 NSSC 210
3:neutral:2008:nssc:252	2008 NSSC 252
3:neutral:2008:nssc:280	2008 NSSC 280
3:neutral:2008:nssc:30	2008 NSSC 30
3:neutral:2008:nssc:32	2008 NSSC 32
3:neutral:2008:nssc:389	2008 NSSC 389
3:neutral:2008:nssc:93	2008 NSSC 93
3:neutral:2008:onca:100	2008 ONCA 100
3:neutral:2008:onca:101	2008 ONCA 101
3:neutral:2008:onca:103	2008 ONCA 103
3:neutral:2008:onca:106	2008 ONCA 106
3:neutral:2008:onca:11	2008 ONCA 11
3:neutral:2008:onca:111	2008 ONCA 111
3:neutral:2008:onca:113	2008 ONCA 113
3:neutral:2008:onca:126	2008 ONCA 126
3:neutral:2008:onca:132	2008 ONCA 132
3:neutral:2008:onca:140	2008 ONCA 140
3:neutral:2008:onca:148	2008 ONCA 148
3:neutral:2008:onca:158	2008 ONCA 158
3:neutral:2008:onca:161	2008 ONCA 161
3:neutral:2008:onca:162	2008 ONCA 162
3:neutral:2008:onca:163	2008 ONCA 163
3:neutral:2008:onca:167	2008 ONCA 167
3:neutral:2008:onca:17	2008 ONCA 17
3:neutral:2008:onca:172	2008 ONCA 172
3:neutral:2008:onca:179	2008 ONCA 179
3:neutral:2008:onca:182	2008 ONCA 182
3:neutral:2008:onca:183	2008 ONCA 183
3:neutral:2008:onca:186	2008 ONCA 186
3:neutral:2008:onca:195	2008 ONCA 195
3:neutral:2008:onca:2	2008 ONCA 2
3:neutral:2008:onca:200	2008 ONCA 200
3:neutral:2008:onca:201	2008 ONCA 201
3:neutral:2008:onca:206	2008 ONCA 206
3:neutral:2008:onca:207	2008 ONCA 207
3:neutral:2008:onca:208	2008 ONCA 208
3:neutral:2008:onca:209	2008 ONCA 209
3:neutral:2008:onca:212	2008 ONCA 212
3:neutral:2008:onca:214	2008 ONCA 214
3:neutral:2008:onca:215	2008 ONCA 215
3:neutral:2008:onca:216	2008 ONCA 216
3:neutral:2008:onca:22	2008 ONCA 22
3:neutral:2008:onca:227	2008 ONCA 227
3:neutral:2008:onca:23	2008 ONCA 23
3:neutral:2008:onca:241	2008 ONCA 241
3:neutral:2008:onca:249	2008 ONCA 249
3:neutral:2008:onca:253	2008 ONCA 253
3:neutral:2008:onca:258	2008 ONCA 258
3:neutral:2008:onca:265	2008 ONCA 265
3:neutral:2008:onca:266	2008 ONCA 266
3:neutral:2008:onca:269	2008 ONCA 269
3:neutral:2008:onca:284	2008 ONCA 284
3:neutral:2008:onca:3	2008 ONCA 3
3:neutral:2008:onca:302	2008 ONCA 302
3:neutral:2008:onca:306	2008 ONCA 306
3:neutral:2008:onca:319	2008 ONCA 319
3:neutral:2008:onca:325	2008 ONCA 325
3:neutral:2008:onca:326	2008 ONCA 326
3:neutral:2008:onca:327	2008 ONCA 327
3:neutral:2008:onca:339	2008 ONCA 339
3:neutral:2008:onca:34	2008 ONCA 34
3:neutral:2008:onca:340	2008 ONCA 340
3:neutral:2008:onca:343	2008 ONCA 343
3:neutral:2008:onca:354	2008 ONCA 354
3:neutral:2008:onca:36	2008 ONCA 36
3:neutral:2008:onca:361	2008 ONCA 361
3:neutral:2008:onca:368	2008 ONCA 368
3:neutral:2008:onca:370	2008 ONCA 370
3:neutral:2008:onca:381	2008 ONCA 381
3:neutral:2008:onca:382	2008 ONCA 382
3:neutral:2008:onca:383	2008 ONCA 383
3:neutral:2008:onca:384	2008 ONCA 384
3:neutral:2008:onca:388	2008 ONCA 388
3:neutral:2008:onca:389	2008 ONCA 389
3:neutral:2008:onca:39	2008 ONCA 39
3:neutral:2008:onca:390	2008 ONCA 390
3:neutral:2008:onca:394	2008 ONCA 394
3:neutral:2008:onca:395	2008 ONCA 395
3:neutral:2008:onca:396	2008 ONCA 396
3:neutral:2008:onca:397	2008 ONCA 397
3:neutral:2008:onca:405	2008 ONCA 405
3:neutral:2008:onca:410	2008 ONCA 410
3:neutral:2008:onca:411	2008 ONCA 411
3:neutral:2008:onca:413	2008 ONCA 413
3:neutral:2008:onca:414	2008 ONCA 414
3:neutral:2008:onca:422	2008 ONCA 422
3:neutral:2008:onca:429	2008 ONCA 429
3:neutral:2008:onca:436	2008 ONCA 436
3:neutral:2008:onca:440	2008 ONCA 440
3:neutral:2008:onca:441	2008 ONCA 441
3:neutral:2008:onca:446	2008 ONCA 446
3:neutral:2008:onca:449	2008 ONCA 449
3:neutral:2008:onca:452	2008 ONCA 452
3:neutral:2008:onca:461	2008 ONCA 461
3:neutral:2008:onca:463	2008 ONCA 463
3:neutral:2008:onca:464	2008 ONCA 464
3:neutral:2008:onca:466	2008 ONCA 466
3:neutral:2008:onca:467	2008 ONCA 467
3:neutral:2008:onca:469	2008 ONCA 469
3:neutral:2008:onca:479	2008 ONCA 479
3:neutral:2008:onca:485	2008 ONCA 485
3:neutral:2008:onca:486	2008 ONCA 486
3:neutral:2008:onca:489	2008 ONCA 489
3:neutral:2008:onca:49	2008 ONCA 49
3:neutral:2008:onca:497	2008 ONCA 497
3:neutral:2008:onca:5	2008 ONCA 5
3:neutral:2008:onca:501	2008 ONCA 501
3:neutral:2008:onca:506	2008 ONCA 506
3:neutral:2008:onca:510	2008 ONCA 510
3:neutral:2008:onca:518	2008 ONCA 518
3:neutral:2008:onca:520	2008 ONCA 520
3:neutral:2008:onca:521	2008 ONCA 521
3:neutral:2008:onca:523	2008 ONCA 523
3:neutral:2008:onca:534	2008 ONCA 534
3:neutral:2008:onca:538	2008 ONCA 538
3:neutral:2008:onca:544	2008 ONCA 544
3:neutral:2008:onca:55	2008 ONCA 55
3:neutral:2008:onca:553	2008 ONCA 553
3:neutral:2008:onca:554	2008 ONCA 554
3:neutral:2008:onca:555	2008 ONCA 555
3:neutral:2008:onca:556	2008 ONCA 556
3:neutral:2008:onca:561	2008 ONCA 561
3:neutral:2008:onca:565	2008 ONCA 565
3:neutral:2008:onca:566	2008 ONCA 566
3:neutral:2008:onca:567	2008 ONCA 567
3:neutral:2008:onca:568	2008 ONCA 568
3:neutral:2008:onca:570	2008 ONCA 570
3:neutral:2008:onca:571	2008 ONCA 571
3:neutral:2008:onca:572	2008 ONCA 572
3:neutral:2008:onca:573	2008 ONCA 573
3:neutral:2008:onca:574	2008 ONCA 574
3:neutral:2008:onca:576	2008 ONCA 576
3:neutral:2008:onca:577	2008 ONCA 577
3:neutral:2008:onca:578	2008 ONCA 578
3:neutral:2008:onca:579	2008 ONCA 579
3:neutral:2008:onca:580	2008 ONCA 580
3:neutral:2008:onca:584	2008 ONCA 584
3:neutral:2008:onca:587	2008 ONCA 587
3:neutral:2008:onca:588	2008 ONCA 588
3:neutral:2008:onca:589	2008 ONCA 589
3:neutral:2008:onca:590	2008 ONCA 590
3:neutral:2008:onca:592	2008 ONCA 592
3:neutral:2008:onca:593	2008 ONCA 593
3:neutral:2008:onca:597	2008 ONCA 597
3:neutral:2008:onca:598	2008 ONCA 598
3:neutral:2008:onca:600	2008 ONCA 600
3:neutral:2008:onca:601	2008 ONCA 601
3:neutral:2008:onca:605	2008 ONCA 605
3:neutral:2008:onca:614	2008 ONCA 614
3:neutral:2008:onca:646	2008 ONCA 646
3:neutral:2008:onca:648	2008 ONCA 648
3:neutral:2008:onca:656	2008 ONCA 656
3:neutral:2008:onca:659	2008 ONCA 659
3:neutral:2008:onca:66	2008 ONCA 66
3:neutral:2008:onca:660	2008 ONCA 660
3:neutral:2008:onca:662	2008 ONCA 662
3:neutral:2008:onca:663	2008 ONCA 663
3:neutral:2008:onca:678	2008 ONCA 678
3:neutral:2008:onca:685	2008 ONCA 685
3:neutral:2008:onca:690	2008 ONCA 690
3:neutral:2008:onca:692	2008 ONCA 692
3:neutral:2008:onca:697	2008 ONCA 697
3:neutral:2008:onca:703	2008 ONCA 703
3:neutral:2008:onca:709	2008 ONCA 709
3:neutral:2008:onca:715	2008 ONCA 715
3:neutral:2008:onca:716	2008 ONCA 716
3:neutral:2008:onca:719	2008 ONCA 719
3:neutral:2008:onca:726	2008 ONCA 726
3:neutral:2008:onca:730	2008 ONCA 730
3:neutral:2008:onca:735	2008 ONCA 735
3:neutral:2008:onca:740	2008 ONCA 740
3:neutral:2008:onca:746	2008 ONCA 746
3:neutral:2008:onca:747	2008 ONCA 747
3:neutral:2008:onca:750	2008 ONCA 750
3:neutral:2008:onca:751	2008 ONCA 751
3:neutral:2008:onca:755	2008 ONCA 755
3:neutral:2008:onca:756	2008 ONCA 756
3:neutral:2008:onca:758	2008 ONCA 758
3:neutral:2008:onca:759	2008 ONCA 759
3:neutral:2008:onca:760	2008 ONCA 760
3:neutral:2008:onca:762	2008 ONCA 762
3:neutral:2008:onca:764	2008 ONCA 764
3:neutral:2008:onca:768	2008 ONCA 768
3:neutral:2008:onca:771	2008 ONCA 771
3:neutral:2008:onca:778	2008 ONCA 778
3:neutral:2008:onca:779	2008 ONCA 779
3:neutral:2008:onca:789	2008 ONCA 789
3:neutral:2008:onca:790	2008 ONCA 790
3:neutral:2008:onca:794	2008 ONCA 794
3:neutral:2008:onca:796	2008 ONCA 796
3:neutral:2008:onca:797	2008 ONCA 797
3:neutral:2008:onca:799	2008 ONCA 799
3:neutral:2008:onca:800	2008 ONCA 800
3:neutral:2008:onca:804	2008 ONCA 804
3:neutral:2008:onca:809	2008 ONCA 809
3:neutral:2008:onca:812	2008 ONCA 812
3:neutral:2008:onca:82	2008 ONCA 82
3:neutral:2008:onca:829	2008 ONCA 829
3:neutral:2008:onca:831	2008 ONCA 831
3:neutral:2008:onca:833	2008 ONCA 833
3:neutral:2008:onca:837	2008 ONCA 837
3:neutral:2008:onca:841	2008 ONCA 841
3:neutral:2008:onca:846	2008 ONCA 846
3:neutral:2008:onca:85	2008 ONCA 85
3:neutral:2008:onca:855	2008 ONCA 855
3:neutral:2008:onca:86	2008 ONCA 86
3:neutral:2008:onca:867	2008 ONCA 867
3:neutral:2008:onca:868	2008 ONCA 868
3:neutral:2008:onca:869	2008 ONCA 869
3:neutral:2008:onca:872	2008 ONCA 872
3:neutral:2008:onca:876	2008 ONCA 876
3:neutral:2008:onca:877	2008 ONCA 877
3:neutral:2008:onca:885	2008 ONCA 885
3:neutral:2008:onca:892	2008 ONCA 892
3:neutral:2008:onca:894	2008 ONCA 894
3:neutral:2008:onca:9	2008 ONCA 9
3:neutral:2008:onca:91	2008 ONCA 91
3:neutral:2008:onca:92	2008 ONCA 92
3:neutral:2008:onca:95	2008 ONCA 95
3:neutral:2008:onca:97	2008 ONCA 97
3:neutral:2008:scc:10	2008 SCC 10
3:neutral:2008:scc:12	2008 SCC 12
3:neutral:2008:scc:14	2008 SCC 14
3:neutral:2008:scc:16	2008 SCC 16
3:neutral:2008:scc:18	2008 SCC 18
3:neutral:2008:scc:2	2008 SCC 2
3:neutral:2008:scc:21	2008 SCC 21
3:neutral:2008:scc:22	2008 SCC 22
3:neutral:2008:scc:23	2008 SCC 23
3:neutral:2008:scc:24	2008 SCC 24
3:neutral:2008:scc:26	2008 SCC 26
3:neutral:2008:scc:27	2008 SCC 27
3:neutral:2008:scc:30	2008 SCC 30
3:neutral:2008:scc:31	2008 SCC 31
3:neutral:2008:scc:33	2008 SCC 33
3:neutral:2008:scc:34	2008 SCC 34
3:neutral:2008:scc:35	2008 SCC 35
3:neutral:2008:scc:37	2008 SCC 37
3:neutral:2008:scc:38	2008 SCC 38
3:neutral:2008:scc:39	2008 SCC 39
3:neutral:2008:scc:40	2008 SCC 40
3:neutral:2008:scc:41	2008 SCC 41
3:neutral:2008:scc:42	2008 SCC 42
3:neutral:2008:scc:43	2008 SCC 43
3:neutral:2008:scc:46	2008 SCC 46
3:neutral:2008:scc:47	2008 SCC 47
3:neutral:2008:scc:49	2008 SCC 49
3:neutral:2008:scc:5	2008 SCC 5
3:neutral:2008:scc:51	2008 SCC 51
3:neutral:2008:scc:52	2008 SCC 52
3:neutral:2008:scc:53	2008 SCC 53
3:neutral:2008:scc:56	2008 SCC 56
3:neutral:2008:scc:6	2008 SCC 6
3:neutral:2008:scc:60	2008 SCC 60
3:neutral:2008:scc:61	2008 SCC 61
3:neutral:2008:scc:63	2008 SCC 63
3:neutral:2008:scc:65	2008 SCC 65
3:neutral:2008:scc:7	2008 SCC 7
3:neutral:2008:scc:8	2008 SCC 8
3:neutral:2008:scc:9	2008 SCC 9
3:neutral:2008:tcc:117	2008 TCC 117
3:neutral:2008:tcc:133	2008 TCC 133
3:neutral:2008:tcc:145	2008 TCC 145
3:neutral:2008:tcc:148	2008 TCC 148
3:neutral:2008:tcc:156	2008 TCC 156
3:neutral:2008:tcc:159	2008 TCC 159
3:neutral:2008:tcc:160	2008 TCC 160
3:neutral:2008:tcc:163	2008 TCC 163
3:neutral:2008:tcc:173	2008 TCC 173
3:neutral:2008:tcc:175	2008 TCC 175
3:neutral:2008:tcc:184	2008 TCC 184
3:neutral:2008:tcc:185	2008 TCC 185
3:neutral:2008:tcc:20	2008 TCC 20
3:neutral:2008:tcc:202	2008 TCC 202
3:neutral:2008:tcc:228	2008 TCC 228
3:neutral:2008:tcc:234	2008 TCC 234
3:neutral:2008:tcc:238	2008 TCC 238
3:neutral:2008:tcc:24	2008 TCC 24
3:neutral:2008:tcc:243	2008 TCC 243
3:neutral:2008:tcc:244	2008 TCC 244
3:neutral:2008:tcc:258	2008 TCC 258
3:neutral:2008:tcc:274	2008 TCC 274
3:neutral:2008:tcc:284	2008 TCC 284
3:neutral:2008:tcc:289	2008 TCC 289
3:neutral:2008:tcc:3	2008 TCC 3
3:neutral:2008:tcc:308	2008 TCC 308
3:neutral:2008:tcc:324	2008 TCC 324
3:neutral:2008:tcc:328	2008 TCC 328
3:neutral:2008:tcc:335	2008 TCC 335
3:neutral:2008:tcc:340	2008 TCC 340
3:neutral:2008:tcc:343	2008 TCC 343
3:neutral:2008:tcc:349	2008 TCC 349
3:neutral:2008:tcc:359	2008 TCC 359
3:neutral:2008:tcc:401	2008 TCC 401
3:neutral:2008:tcc:409	2008 TCC 409
3:neutral:2008:tcc:417	2008 TCC 417
3:neutral:2008:tcc:422	2008 TCC 422
3:neutral:2008:tcc:426	2008 TCC 426
3:neutral:2008:tcc:441	2008 TCC 441
3:neutral:2008:tcc:47	2008 TCC 47
3:neutral:2008:tcc:473	2008 TCC 473
3:neutral:2008:tcc:482	2008 TCC 482
3:neutral:2008:tcc:486	2008 TCC 486
3:neutral:2008:tcc:497	2008 TCC 497
3:neutral:2008:tcc:522	2008 TCC 522
3:neutral:2008:tcc:523	2008 TCC 523
3:neutral:2008:tcc:544	2008 TCC 544
3:neutral:2008:tcc:55	2008 TCC 55
3:neutral:2008:tcc:550	2008 TCC 550
3:neutral:2008:tcc:553	2008 TCC 553
3:neutral:2008:tcc:589	2008 TCC 589
3:neutral:2008:tcc:593	2008 TCC 593
3:neutral:2008:tcc:62	2008 TCC 62
3:neutral:2008:tcc:636	2008 TCC 636
3:neutral:2008:tcc:66	2008 TCC 66
3:neutral:2008:tcc:667	2008 TCC 667
3:neutral:2008:tcc:668	2008 TCC 668
3:neutral:2008:tcc:693	2008 TCC 693
3:neutral:2008:tcc:72	2008 TCC 72
3:neutral:2008:tcc:91	2008 TCC 91
3:neutral:2008:tcc:93	2008 TCC 93
3:neutral:2008:tcc:98	2008 TCC 98
3:neutral:2008:ykca:13	2008 YKCA 13
3:neutral:2008:ykca:15	2008 YKCA 15
3:neutral:2008:ykca:7	2008 YKCA 7
3:neutral:2009:bcca:1	2009 BCCA 1
3:neutral:2009:bcca:103	2009 BCCA 103
3:neutral:2009:bcca:104	2009 BCCA 104
3:neutral:2009:bcca:106	2009 BCCA 106
3:neutral:2009:bcca:107	2009 BCCA 107
3:neutral:2009:bcca:110	2009 BCCA 110
3:neutral:2009:bcca:111	2009 BCCA 111
3:neutral:2009:bcca:112	2009 BCCA 112
3:neutral:2009:bcca:113	2009 BCCA 113
3:neutral:2009:bcca:114	2009 BCCA 114
3:neutral:2009:bcca:119	2009 BCCA 119
3:neutral:2009:bcca:12	2009 BCCA 12
3:neutral:2009:bcca:120	2009 BCCA 120
3:neutral:2009:bcca:128	2009 BCCA 128
3:neutral:2009:bcca:129	2009 BCCA 129
3:neutral:2009:bcca:13	2009 BCCA 13
3:neutral:2009:bcca:130	2009 BCCA 130
3:neutral:2009:bcca:131	2009 BCCA 131
3:neutral:2009:bcca:132	2009 BCCA 132
3:neutral:2009:bcca:133	2009 BCCA 133
3:neutral:2009:bcca:134	2009 BCCA 134
3:neutral:2009:bcca:142	2009 BCCA 142
3:neutral:2009:bcca:144	2009 BCCA 144
3:neutral:2009:bcca:145	2009 BCCA 145
3:neutral:2009:bcca:146	2009 BCCA 146
3:neutral:2009:bcca:147	2009 BCCA 147
3:neutral:2009:bcca:148	2009 BCCA 148
3:neutral:2009:bcca:151	2009 BCCA 151
3:neutral:2009:bcca:152	2009 BCCA 152
3:neutral:2009:bcca:153	2009 BCCA 153
3:neutral:2009:bcca:16	2009 BCCA 16
3:neutral:2009:bcca:161	2009 BCCA 161
3:neutral:2009:bcca:163	2009 BCCA 163
3:neutral:2009:bcca:173	2009 BCCA 173
3:neutral:2009:bcca:179	2009 BCCA 179
3:neutral:2009:bcca:18	2009 BCCA 18
3:neutral:2009:bcca:180	2009 BCCA 180
3:neutral:2009:bcca:181	2009 BCCA 181
3:neutral:2009:bcca:182	2009 BCCA 182
3:neutral:2009:bcca:185	2009 BCCA 185
3:neutral:2009:bcca:187	2009 BCCA 187
3:neutral:2009:bcca:188	2009 BCCA 188
3:neutral:2009:bcca:191	2009 BCCA 191
3:neutral:2009:bcca:192	2009 BCCA 192
3:neutral:2009:bcca:196	2009 BCCA 196
3:neutral:2009:bcca:197	2009 BCCA 197
3:neutral:2009:bcca:198	2009 BCCA 198
3:neutral:2009:bcca:2	2009 BCCA 2
3:neutral:2009:bcca:200	2009 BCCA 200
3:neutral:2009:bcca:201	2009 BCCA 201
3:neutral:2009:bcca:202	2009 BCCA 202
3:neutral:2009:bcca:203	2009 BCCA 203
3:neutral:2009:bcca:205	2009 BCCA 205
3:neutral:2009:bcca:21	2009 BCCA 21
3:neutral:2009:bcca:215	2009 BCCA 215
3:neutral:2009:bcca:216	2009 BCCA 216
3:neutral:2009:bcca:217	2009 BCCA 217
3:neutral:2009:bcca:218	2009 BCCA 218
3:neutral:2009:bcca:224	2009 BCCA 224
3:neutral:2009:bcca:229	2009 BCCA 229
3:neutral:2009:bcca:23	2009 BCCA 23
3:neutral:2009:bcca:232	2009 BCCA 232
3:neutral:2009:bcca:24	2009 BCCA 24
3:neutral:2009:bcca:249	2009 BCCA 249
3:neutral:2009:bcca:250	2009 BCCA 250
3:neutral:2009:bcca:251	2009 BCCA 251
3:neutral:2009:bcca:253	2009 BCCA 253
3:neutral:2009:bcca:260	2009 BCCA 260
3:neutral:2009:bcca:269	2009 BCCA 269
3:neutral:2009:bcca:272	2009 BCCA 272
3:neutral:2009:bcca:273	2009 BCCA 273
3:neutral:2009:bcca:276	2009 BCCA 276
3:neutral:2009:bcca:277	2009 BCCA 277
3:neutral:2009:bcca:278	2009 BCCA 278
3:neutral:2009:bcca:279	2009 BCCA 279
3:neutral:2009:bcca:280	2009 BCCA 280
3:neutral:2009:bcca:284	2009 BCCA 284
3:neutral:2009:bcca:287	2009 BCCA 287
3:neutral:2009:bcca:289	2009 BCCA 289
3:neutral:2009:bcca:292	2009 BCCA 292
3:neutral:2009:bcca:294	2009 BCCA 294
3:neutral:2009:bcca:299	2009 BCCA 299
3:neutral:2009:bcca:3	2009 BCCA 3
3:neutral:2009:bcca:301	2009 BCCA 301
3:neutral:2009:bcca:307	2009 BCCA 307
3:neutral:2009:bcca:310	2009 BCCA 310
3:neutral:2009:bcca:311	2009 BCCA 311
3:neutral:2009:bcca:314	2009 BCCA 314
3:neutral:2009:bcca:316	2009 BCCA 316
3:neutral:2009:bcca:318	2009 BCCA 318
3:neutral:2009:bcca:319	2009 BCCA 319
3:neutral:2009:bcca:32	2009 BCCA 32
3:neutral:2009:bcca:321	2009 BCCA 321
3:neutral:2009:bcca:322	2009 BCCA 322
3:neutral:2009:bcca:329	2009 BCCA 329
3:neutral:2009:bcca:335	2009 BCCA 335
3:neutral:2009:bcca:338	2009 BCCA 338
3:neutral:2009:bcca:339	2009 BCCA 339
3:neutral:2009:bcca:34	2009 BCCA 34
3:neutral:2009:bcca:342	2009 BCCA 342
3:neutral:2009:bcca:343	2009 BCCA 343
3:neutral:2009:bcca:349	2009 BCCA 349
3:neutral:2009:bcca:355	2009 BCCA 355
3:neutral:2009:bcca:357	2009 BCCA 357
3:neutral:2009:bcca:358	2009 BCCA 358
3:neutral:2009:bcca:36	2009 BCCA 36
3:neutral:2009:bcca:365	2009 BCCA 365
3:neutral:2009:bcca:37	2009 BCCA 37
3:neutral:2009:bcca:374	2009 BCCA 374
3:neutral:2009:bcca:375	2009 BCCA 375
3:neutral:2009:bcca:377	2009 BCCA 377
3:neutral:2009:bcca:380	2009 BCCA 380
3:neutral:2009:bcca:381	2009 BCCA 381
3:neutral:2009:bcca:383	2009 BCCA 383
3:neutral:2009:bcca:385	2009 BCCA 385
3:neutral:2009:bcca:387	2009 BCCA 387
3:neutral:2009:bcca:388	2009 BCCA 388
3:neutral:2009:bcca:39	2009 BCCA 39
3:neutral:2009:bcca:393	2009 BCCA 393
3:neutral:2009:bcca:395	2009 BCCA 395
3:neutral:2009:bcca:396	2009 BCCA 396
3:neutral:2009:bcca:399	2009 BCCA 399
3:neutral:2009:bcca:4	2009 BCCA 4
3:neutral:2009:bcca:40	2009 BCCA 40
3:neutral:2009:bcca:402	2009 BCCA 402
3:neutral:2009:bcca:405	2009 BCCA 405
3:neutral:2009:bcca:41	2009 BCCA 41
3:neutral:2009:bcca:410	2009 BCCA 410
3:neutral:2009:bcca:418	2009 BCCA 418
3:neutral:2009:bcca:421	2009 BCCA 421
3:neutral:2009:bcca:424	2009 BCCA 424
3:neutral:2009:bcca:425	2009 BCCA 425
3:neutral:2009:bcca:431	2009 BCCA 431
3:neutral:2009:bcca:437	2009 BCCA 437
3:neutral:2009:bcca:438	2009 BCCA 438
3:neutral:2009:bcca:44	2009 BCCA 44
3:neutral:2009:bcca:443	2009 BCCA 443
3:neutral:2009:bcca:446	2009 BCCA 446
3:neutral:2009:bcca:447	2009 BCCA 447
3:neutral:2009:bcca:448	2009 BCCA 448
3:neutral:2009:bcca:450	2009 BCCA 450
3:neutral:2009:bcca:459	2009 BCCA 459
3:neutral:2009:bcca:461	2009 BCCA 461
3:neutral:2009:bcca:462	2009 BCCA 462
3:neutral:2009:bcca:469	2009 BCCA 469
3:neutral:2009:bcca:473	2009 BCCA 473
3:neutral:2009:bcca:477	2009 BCCA 477
3:neutral:2009:bcca:478	2009 BCCA 478
3:neutral:2009:bcca:482	2009 BCCA 482
3:neutral:2009:bcca:490	2009 BCCA 490
3:neutral:2009:bcca:5	2009 BCCA 5
3:neutral:2009:bcca:503	2009 BCCA 503
3:neutral:2009:bcca:505	2009 BCCA 505
3:neutral:2009:bcca:513	2009 BCCA 513
3:neutral:2009:bcca:52	2009 BCCA 52
3:neutral:2009:bcca:520	2009 BCCA 520
3:neutral:2009:bcca:521	2009 BCCA 521
3:neutral:2009:bcca:522	2009 BCCA 522
3:neutral:2009:bcca:529	2009 BCCA 529
3:neutral:2009:bcca:530	2009 BCCA 530
3:neutral:2009:bcca:534	2009 BCCA 534
3:neutral:2009:bcca:535	2009 BCCA 535
3:neutral:2009:bcca:540	2009 BCCA 540
3:neutral:2009:bcca:541	2009 BCCA 541
3:neutral:2009:bcca:546	2009 BCCA 546
3:neutral:2009:bcca:547	2009 BCCA 547
3:neutral:2009:bcca:56	2009 BCCA 56
3:neutral:2009:bcca:561	2009 BCCA 561
3:neutral:2009:bcca:563	2009 BCCA 563
3:neutral:2009:bcca:564	2009 BCCA 564
3:neutral:2009:bcca:567	2009 BCCA 567
3:neutral:2009:bcca:576	2009 BCCA 576
3:neutral:2009:bcca:577	2009 BCCA 577
3:neutral:2009:bcca:580	2009 BCCA 580
3:neutral:2009:bcca:582	2009 BCCA 582
3:neutral:2009:bcca:585	2009 BCCA 585
3:neutral:2009:bcca:586	2009 BCCA 586
3:neutral:2009:bcca:59	2009 BCCA 59
3:neutral:2009:bcca:592	2009 BCCA 592
3:neutral:2009:bcca:593	2009 BCCA 593
3:neutral:2009:bcca:596	2009 BCCA 596
3:neutral:2009:bcca:6	2009 BCCA 6
3:neutral:2009:bcca:602	2009 BCCA 602
3:neutral:2009:bcca:605	2009 BCCA 605
3:neutral:2009:bcca:61	2009 BCCA 61
3:neutral:2009:bcca:62	2009 BCCA 62
3:neutral:2009:bcca:67	2009 BCCA 67
3:neutral:2009:bcca:68	2009 BCCA 68
3:neutral:2009:bcca:7	2009 BCCA 7
3:neutral:2009:bcca:70	2009 BCCA 70
3:neutral:2009:bcca:74	2009 BCCA 74
3:neutral:2009:bcca:82	2009 BCCA 82
3:neutral:2009:bcca:85	2009 BCCA 85
3:neutral:2009:bcca:86	2009 BCCA 86
3:neutral:2009:bcca:87	2009 BCCA 87
3:neutral:2009:bcca:89	2009 BCCA 89
3:neutral:2009:bcca:92	2009 BCCA 92
3:neutral:2009:bcca:93	2009 BCCA 93
3:neutral:2009:bcca:94	2009 BCCA 94
3:neutral:2009:bcca:97	2009 BCCA 97
3:neutral:2009:bcca:98	2009 BCCA 98
3:neutral:2009:bcsc:1012	2009 BCSC 1012
3:neutral:2009:bcsc:1014	2009 BCSC 1014
3:neutral:2009:bcsc:1034	2009 BCSC 1034
3:neutral:2009:bcsc:1036	2009 BCSC 1036
3:neutral:2009:bcsc:1053	2009 BCSC 1053
3:neutral:2009:bcsc:1056	2009 BCSC 1056
3:neutral:2009:bcsc:1057	2009 BCSC 1057
3:neutral:2009:bcsc:109	2009 BCSC 109
3:neutral:2009:bcsc:1118	2009 BCSC 1118
3:neutral:2009:bcsc:1165	2009 BCSC 1165
3:neutral:2009:bcsc:1229	2009 BCSC 1229
3:neutral:2009:bcsc:124	2009 BCSC 124
3:neutral:2009:bcsc:1285	2009 BCSC 1285
3:neutral:2009:bcsc:1299	2009 BCSC 1299
3:neutral:2009:bcsc:13	2009 BCSC 13
3:neutral:2009:bcsc:1357	2009 BCSC 1357
3:neutral:2009:bcsc:136	2009 BCSC 136
3:neutral:2009:bcsc:1404	2009 BCSC 1404
3:neutral:2009:bcsc:1405	2009 BCSC 1405
3:neutral:2009:bcsc:1420	2009 BCSC 1420
3:neutral:2009:bcsc:1434	2009 BCSC 1434
3:neutral:2009:bcsc:145	2009 BCSC 145
3:neutral:2009:bcsc:1472	2009 BCSC 1472
3:neutral:2009:bcsc:1608	2009 BCSC 1608
3:neutral:2009:bcsc:171	2009 BCSC 171
3:neutral:2009:bcsc:1718	2009 BCSC 1718
3:neutral:2009:bcsc:174	2009 BCSC 174
3:neutral:2009:bcsc:1747	2009 BCSC 1747
3:neutral:2009:bcsc:1760	2009 BCSC 1760
3:neutral:2009:bcsc:1765	2009 BCSC 1765
3:neutral:2009:bcsc:1775	2009 BCSC 1775
3:neutral:2009:bcsc:1791	2009 BCSC 1791
3:neutral:2009:bcsc:1795	2009 BCSC 1795
3:neutral:2009:bcsc:194	2009 BCSC 194
3:neutral:2009:bcsc:201	2009 BCSC 201
3:neutral:2009:bcsc:204	2009 BCSC 204
3:neutral:2009:bcsc:214	2009 BCSC 214
3:neutral:2009:bcsc:22	2009 BCSC 22
3:neutral:2009:bcsc:225	2009 BCSC 225
3:neutral:2009:bcsc:23	2009 BCSC 23
3:neutral:2009:bcsc:248	2009 BCSC 248
3:neutral:2009:bcsc:272	2009 BCSC 272
3:neutral:2009:bcsc:279	2009 BCSC 279
3:neutral:2009:bcsc:287	2009 BCSC 287
3:neutral:2009:bcsc:328	2009 BCSC 328
3:neutral:2009:bcsc:350	2009 BCSC 350
3:neutral:2009:bcsc:355	2009 BCSC 355
3:neutral:2009:bcsc:377	2009 BCSC 377
3:neutral:2009:bcsc:386	2009 BCSC 386
3:neutral:2009:bcsc:387	2009 BCSC 387
3:neutral:2009:bcsc:4	2009 BCSC 4
3:neutral:2009:bcsc:40	2009 BCSC 40
3:neutral:2009:bcsc:41	2009 BCSC 41
3:neutral:2009:bcsc:425	2009 BCSC 425
3:neutral:2009:bcsc:427	2009 BCSC 427
3:neutral:2009:bcsc:429	2009 BCSC 429
3:neutral:2009:bcsc:432	2009 BCSC 432
3:neutral:2009:bcsc:436	2009 BCSC 436
3:neutral:2009:bcsc:445	2009 BCSC 445
3:neutral:2009:bcsc:448	2009 BCSC 448
3:neutral:2009:bcsc:457	2009 BCSC 457
3:neutral:2009:bcsc:49	2009 BCSC 49
3:neutral:2009:bcsc:495	2009 BCSC 495
3:neutral:2009:bcsc:498	2009 BCSC 498
3:neutral:2009:bcsc:505	2009 BCSC 505
3:neutral:2009:bcsc:525	2009 BCSC 525
3:neutral:2009:bcsc:529	2009 BCSC 529
3:neutral:2009:bcsc:53	2009 BCSC 53
3:neutral:2009:bcsc:60	2009 BCSC 60
3:neutral:2009:bcsc:62	2009 BCSC 62
3:neutral:2009:bcsc:623	2009 BCSC 623
3:neutral:2009:bcsc:639	2009 BCSC 639
3:neutral:2009:bcsc:651	2009 BCSC 651
3:neutral:2009:bcsc:656	2009 BCSC 656
3:neutral:2009:bcsc:666	2009 BCSC 666
3:neutral:2009:bcsc:668	2009 BCSC 668
3:neutral:2009:bcsc:693	2009 BCSC 693
3:neutral:2009:bcsc:695	2009 BCSC 695
3:neutral:2009:bcsc:696	2009 BCSC 696
3:neutral:2009:bcsc:698	2009 BCSC 698
3:neutral:2009:bcsc:70	2009 BCSC 70
3:neutral:2009:bcsc:706	2009 BCSC 706
3:neutral:2009:bcsc:726	2009 BCSC 726
3:neutral:2009:bcsc:73	2009 BCSC 73
3:neutral:2009:bcsc:740	2009 BCSC 740
3:neutral:2009:bcsc:753	2009 BCSC 753
3:neutral:2009:bcsc:795	2009 BCSC 795
3:neutral:2009:bcsc:80	2009 BCSC 80
3:neutral:2009:bcsc:839	2009 BCSC 839
3:neutral:2009:bcsc:840	2009 BCSC 840
3:neutral:2009:bcsc:848	2009 BCSC 848
3:neutral:2009:bcsc:877	2009 BCSC 877
3:neutral:2009:bcsc:878	2009 BCSC 878
3:neutral:2009:bcsc:905	2009 BCSC 905
3:neutral:2009:bcsc:916	2009 BCSC 916
3:neutral:2009:bcsc:920	2009 BCSC 920
3:neutral:2009:bcsc:928	2009 BCSC 928
3:neutral:2009:bcsc:95	2009 BCSC 95
3:neutral:2009:bcsc:964	2009 BCSC 964
3:neutral:2009:bcsc:975	2009 BCSC 975
3:neutral:2009:fc:10	2009 FC 10
3:neutral:2009:fc:1000	2009 FC 1000
3:neutral:2009:fc:1002	2009 FC 1002
3:neutral:2009:fc:101	2009 FC 101
3:neutral:2009:fc:1015	2009 FC 1015
3:neutral:2009:fc:1019	2009 FC 1019
3:neutral:2009:fc:1027	2009 FC 1027
3:neutral:2009:fc:1028	2009 FC 1028
3:neutral:2009:fc:104	2009 FC 104
3:neutral:2009:fc:1042	2009 FC 1042
3:neutral:2009:fc:1047	2009 FC 1047
3:neutral:2009:fc:1048	2009 FC 1048
3:neutral:2009:fc:105	2009 FC 105
3:neutral:2009:fc:1050	2009 FC 1050
3:neutral:2009:fc:1056	2009 FC 1056
3:neutral:2009:fc:1080	2009 FC 1080
3:neutral:2009:fc:1081	2009 FC 1081
3:neutral:2009:fc:1085	2009 FC 1085
3:neutral:2009:fc:1092	2009 FC 1092
3:neutral:2009:fc:11	2009 FC 11
3:neutral:2009:fc:1102	2009 FC 1102
3:neutral:2009:fc:1104	2009 FC 1104
3:neutral:2009:fc:1114	2009 FC 1114
3:neutral:2009:fc:1120	2009 FC 1120
3:neutral:2009:fc:1128	2009 FC 1128
3:neutral:2009:fc:1134	2009 FC 1134
3:neutral:2009:fc:1135	2009 FC 1135
3:neutral:2009:fc:1152	2009 FC 1152
3:neutral:2009:fc:1160	2009 FC 1160
3:neutral:2009:fc:1165	2009 FC 1165
3:neutral:2009:fc:1167	2009 FC 1167
3:neutral:2009:fc:1171	2009 FC 1171
3:neutral:2009:fc:1172	2009 FC 1172
3:neutral:2009:fc:118	2009 FC 118
3:neutral:2009:fc:1182	2009 FC 1182
3:neutral:2009:fc:1183	2009 FC 1183
3:neutral:2009:fc:1189	2009 FC 1189
3:neutral:2009:fc:119	2009 FC 119
3:neutral:2009:fc:1199	2009 FC 1199
3:neutral:2009:fc:1200	2009 FC 1200
3:neutral:2009:fc:1202	2009 FC 1202
3:neutral:2009:fc:1205	2009 FC 1205
3:neutral:2009:fc:1208	2009 FC 1208
3:neutral:2009:fc:1209	2009 FC 1209
3:neutral:2009:fc:1217	2009 FC 1217
3:neutral:2009:fc:1221	2009 FC 1221
3:neutral:2009:fc:1226	2009 FC 1226
3:neutral:2009:fc:1227	2009 FC 1227
3:neutral:2009:fc:1229	2009 FC 1229
3:neutral:2009:fc:1236	2009 FC 1236
3:neutral:2009:fc:1240	2009 FC 1240
3:neutral:2009:fc:1247	2009 FC 1247
3:neutral:2009:fc:1250	2009 FC 1250
3:neutral:2009:fc:1263	2009 FC 1263
3:neutral:2009:fc:1268	2009 FC 1268
3:neutral:2009:fc:1270	2009 FC 1270
3:neutral:2009:fc:1275	2009 FC 1275
3:neutral:2009:fc:1281	2009 FC 1281
3:neutral:2009:fc:1285	2009 FC 1285
3:neutral:2009:fc:1287	2009 FC 1287
3:neutral:2009:fc:1290	2009 FC 1290
3:neutral:2009:fc:1294	2009 FC 1294
3:neutral:2009:fc:1300	2009 FC 1300
3:neutral:2009:fc:1302	2009 FC 1302
3:neutral:2009:fc:1303	2009 FC 1303
3:neutral:2009:fc:1305	2009 FC 1305
3:neutral:2009:fc:1310	2009 FC 1310
3:neutral:2009:fc:137	2009 FC 137
3:neutral:2009:fc:146	2009 FC 146
3:neutral:2009:fc:153	2009 FC 153
3:neutral:2009:fc:16	2009 FC 16
3:neutral:2009:fc:160	2009 FC 160
3:neutral:2009:fc:172	2009 FC 172
3:neutral:2009:fc:189	2009 FC 189
3:neutral:2009:fc:195	2009 FC 195
3:neutral:2009:fc:20	2009 FC 20
3:neutral:2009:fc:204	2009 FC 204
3:neutral:2009:fc:211	2009 FC 211
3:neutral:2009:fc:220	2009 FC 220
3:neutral:2009:fc:228	2009 FC 228
3:neutral:2009:fc:238	2009 FC 238
3:neutral:2009:fc:26	2009 FC 26
3:neutral:2009:fc:261	2009 FC 261
3:neutral:2009:fc:263	2009 FC 263
3:neutral:2009:fc:267	2009 FC 267
3:neutral:2009:fc:27	2009 FC 27
3:neutral:2009:fc:271	2009 FC 271
3:neutral:2009:fc:279	2009 FC 279
3:neutral:2009:fc:30	2009 FC 30
3:neutral:2009:fc:301	2009 FC 301
3:neutral:2009:fc:303	2009 FC 303
3:neutral:2009:fc:306	2009 FC 306
3:neutral:2009:fc:310	2009 FC 310
3:neutral:2009:fc:317	2009 FC 317
3:neutral:2009:fc:318	2009 FC 318
3:neutral:2009:fc:320	2009 FC 320
3:neutral:2009:fc:322	2009 FC 322
3:neutral:2009:fc:324	2009 FC 324
3:neutral:2009:fc:325	2009 FC 325
3:neutral:2009:fc:327	2009 FC 327
3:neutral:2009:fc:332	2009 FC 332
3:neutral:2009:fc:338	2009 FC 338
3:neutral:2009:fc:339	2009 FC 339
3:neutral:2009:fc:342	2009 FC 342
3:neutral:2009:fc:343	2009 FC 343
3:neutral:2009:fc:361	2009 FC 361
3:neutral:2009:fc:367	2009 FC 367
3:neutral:2009:fc:374	2009 FC 374
3:neutral:2009:fc:380	2009 FC 380
3:neutral:2009:fc:381	2009 FC 381
3:neutral:2009:fc:390	2009 FC 390
3:neutral:2009:fc:401	2009 FC 401
3:neutral:2009:fc:402	2009 FC 402
3:neutral:2009:fc:407	2009 FC 407
3:neutral:2009:fc:408	2009 FC 408
3:neutral:2009:fc:43	2009 FC 43
3:neutral:2009:fc:44	2009 FC 44
3:neutral:2009:fc:458	2009 FC 458
3:neutral:2009:fc:466	2009 FC 466
3:neutral:2009:fc:47	2009 FC 47
3:neutral:2009:fc:48	2009 FC 48
3:neutral:2009:fc:484	2009 FC 484
3:neutral:2009:fc:49	2009 FC 49
3:neutral:2009:fc:494	2009 FC 494
3:neutral:2009:fc:499	2009 FC 499
3:neutral:2009:fc:533	2009 FC 533
3:neutral:2009:fc:542	2009 FC 542
3:neutral:2009:fc:553	2009 FC 553
3:neutral:2009:fc:554	2009 FC 554
3:neutral:2009:fc:57	2009 FC 57
3:neutral:2009:fc:570	2009 FC 570
3:neutral:2009:fc:58	2009 FC 58
3:neutral:2009:fc:580	2009 FC 580
3:neutral:2009:fc:598	2009 FC 598
3:neutral:2009:fc:599	2009 FC 599
3:neutral:2009:fc:6	2009 FC 6
3:neutral:2009:fc:606	2009 FC 606
3:neutral:2009:fc:613	2009 FC 613
3:neutral:2009:fc:614	2009 FC 614
3:neutral:2009:fc:616	2009 FC 616
3:neutral:2009:fc:623	2009 FC 623
3:neutral:2009:fc:627	2009 FC 627
3:neutral:2009:fc:632	2009 FC 632
3:neutral:2009:fc:636	2009 FC 636
3:neutral:2009:fc:638	2009 FC 638
3:neutral:2009:fc:648	2009 FC 648
3:neutral:2009:fc:65	2009 FC 65
3:neutral:2009:fc:656	2009 FC 656
3:neutral:2009:fc:657	2009 FC 657
3:neutral:2009:fc:659	2009 FC 659
3:neutral:2009:fc:660	2009 FC 660
3:neutral:2009:fc:661	2009 FC 661
3:neutral:2009:fc:670	2009 FC 670
3:neutral:2009:fc:672	2009 FC 672
3:neutral:2009:fc:673	2009 FC 673
3:neutral:2009:fc:676	2009 FC 676
3:neutral:2009:fc:677	2009 FC 677
3:neutral:2009:fc:683	2009 FC 683
3:neutral:2009:fc:684	2009 FC 684
3:neutral:2009:fc:689	2009 FC 689
3:neutral:2009:fc:69	2009 FC 69
3:neutral:2009:fc:693	2009 FC 693
3:neutral:2009:fc:695	2009 FC 695
3:neutral:2009:fc:7	2009 FC 7
3:neutral:2009:fc:700	2009 FC 700
3:neutral:2009:fc:709	2009 FC 709
3:neutral:2009:fc:710	2009 FC 710
3:neutral:2009:fc:711	2009 FC 711
3:neutral:2009:fc:713	2009 FC 713
3:neutral:2009:fc:721	2009 FC 721
3:neutral:2009:fc:724	2009 FC 724
3:neutral:2009:fc:726	2009 FC 726
3:neutral:2009:fc:727	2009 FC 727
3:neutral:2009:fc:731	2009 FC 731
3:neutral:2009:fc:739	2009 FC 739
3:neutral:2009:fc:74	2009 FC 74
3:neutral:2009:fc:741	2009 FC 741
3:neutral:2009:fc:755	2009 FC 755
3:neutral:2009:fc:758	2009 FC 758
3:neutral:2009:fc:768	2009 FC 768
3:neutral:2009:fc:77	2009 FC 77
3:neutral:2009:fc:78	2009 FC 78
3:neutral:2009:fc:780	2009 FC 780
3:neutral:2009:fc:781	2009 FC 781
3:neutral:2009:fc:788	2009 FC 788
3:neutral:2009:fc:800	2009 FC 800
3:neutral:2009:fc:805	2009 FC 805
3:neutral:2009:fc:809	2009 FC 809
3:neutral:2009:fc:814	2009 FC 814
3:neutral:2009:fc:826	2009 FC 826
3:neutral:2009:fc:831	2009 FC 831
3:neutral:2009:fc:834	2009 FC 834
3:neutral:2009:fc:844	2009 FC 844
3:neutral:2009:fc:846	2009 FC 846
3:neutral:2009:fc:847	2009 FC 847
3:neutral:2009:fc:849	2009 FC 849
3:neutral:2009:fc:858	2009 FC 858
3:neutral:2009:fc:865	2009 FC 865
3:neutral:2009:fc:868	2009 FC 868
3:neutral:2009:fc:870	2009 FC 870
3:neutral:2009:fc:873	2009 FC 873
3:neutral:2009:fc:877	2009 FC 877
3:neutral:2009:fc:878	2009 FC 878
3:neutral:2009:fc:885	2009 FC 885
3:neutral:2009:fc:886	2009 FC 886
3:neutral:2009:fc:889	2009 FC 889
3:neutral:2009:fc:915	2009 FC 915
3:neutral:2009:fc:917	2009 FC 917
3:neutral:2009:fc:918	2009 FC 918
3:neutral:2009:fc:920	2009 FC 920
3:neutral:2009:fc:924	2009 FC 924
3:neutral:2009:fc:932	2009 FC 932
3:neutral:2009:fc:937	2009 FC 937
3:neutral:2009:fc:939	2009 FC 939
3:neutral:2009:fc:950	2009 FC 950
3:neutral:2009:fc:956	2009 FC 956
3:neutral:2009:fc:967	2009 FC 967
3:neutral:2009:fc:968	2009 FC 968
3:neutral:2009:fc:971	2009 FC 971
3:neutral:2009:fc:982	2009 FC 982
3:neutral:2009:fc:986	2009 FC 986
3:neutral:2009:fc:991	2009 FC 991
3:neutral:2009:fca:10	2009 FCA 10
3:neutral:2009:fca:100	2009 FCA 100
3:neutral:2009:fca:101	2009 FCA 101
3:neutral:2009:fca:105	2009 FCA 105
3:neutral:2009:fca:107	2009 FCA 107
3:neutral:2009:fca:108	2009 FCA 108
3:neutral:2009:fca:109	2009 FCA 109
3:neutral:2009:fca:110	2009 FCA 110
3:neutral:2009:fca:111	2009 FCA 111
3:neutral:2009:fca:112	2009 FCA 112
3:neutral:2009:fca:113	2009 FCA 113
3:neutral:2009:fca:114	2009 FCA 114
3:neutral:2009:fca:115	2009 FCA 115
3:neutral:2009:fca:116	2009 FCA 116
3:neutral:2009:fca:12	2009 FCA 12
3:neutral:2009:fca:124	2009 FCA 124
3:neutral:2009:fca:131	2009 FCA 131
3:neutral:2009:fca:135	2009 FCA 135
3:neutral:2009:fca:138	2009 FCA 138
3:neutral:2009:fca:144	2009 FCA 144
3:neutral:2009:fca:145	2009 FCA 145
3:neutral:2009:fca:146	2009 FCA 146
3:neutral:2009:fca:148	2009 FCA 148
3:neutral:2009:fca:15	2009 FCA 15
3:neutral:2009:fca:152	2009 FCA 152
3:neutral:2009:fca:16	2009 FCA 16
3:neutral:2009:fca:162	2009 FCA 162
3:neutral:2009:fca:166	2009 FCA 166
3:neutral:2009:fca:167	2009 FCA 167
3:neutral:2009:fca:171	2009 FCA 171
3:neutral:2009:fca:175	2009 FCA 175
3:neutral:2009:fca:18	2009 FCA 18
3:neutral:2009:fca:181	2009 FCA 181
3:neutral:2009:fca:183	2009 FCA 183
3:neutral:2009:fca:187	2009 FCA 187
3:neutral:2009:fca:189	2009 FCA 189
3:neutral:2009:fca:190	2009 FCA 190
3:neutral:2009:fca:196	2009 FCA 196
3:neutral:2009:fca:204	2009 FCA 204
3:neutral:2009:fca:21	2009 FCA 21
3:neutral:2009:fca:210	2009 FCA 210
3:neutral:2009:fca:212	2009 FCA 212
3:neutral:2009:fca:214	2009 FCA 214
3:neutral:2009:fca:215	2009 FCA 215
3:neutral:2009:fca:218	2009 FCA 218
3:neutral:2009:fca:222	2009 FCA 222
3:neutral:2009:fca:223	2009 FCA 223
3:neutral:2009:fca:23	2009 FCA 23
3:neutral:2009:fca:234	2009 FCA 234
3:neutral:2009:fca:237	2009 FCA 237
3:neutral:2009:fca:242	2009 FCA 242
3:neutral:2009:fca:246	2009 FCA 246
3:neutral:2009:fca:25	2009 FCA 25
3:neutral:2009:fca:250	2009 FCA 250
3:neutral:2009:fca:254	2009 FCA 254
3:neutral:2009:fca:257	2009 FCA 257
3:neutral:2009:fca:259	2009 FCA 259
3:neutral:2009:fca:263	2009 FCA 263
3:neutral:2009:fca:265	2009 FCA 265
3:neutral:2009:fca:267	2009 FCA 267
3:neutral:2009:fca:268	2009 FCA 268
3:neutral:2009:fca:270	2009 FCA 270
3:neutral:2009:fca:273	2009 FCA 273
3:neutral:2009:fca:275	2009 FCA 275
3:neutral:2009:fca:276	2009 FCA 276
3:neutral:2009:fca:285	2009 FCA 285
3:neutral:2009:fca:288	2009 FCA 288
3:neutral:2009:fca:29	2009 FCA 29
3:neutral:2009:fca:291	2009 FCA 291
3:neutral:2009:fca:295	2009 FCA 295
3:neutral:2009:fca:299	2009 FCA 299
3:neutral:2009:fca:300	2009 FCA 300
3:neutral:2009:fca:303	2009 FCA 303
3:neutral:2009:fca:306	2009 FCA 306
3:neutral:2009:fca:307	2009 FCA 307
3:neutral:2009:fca:308	2009 FCA 308
3:neutral:2009:fca:309	2009 FCA 309
3:neutral:2009:fca:31	2009 FCA 31
3:neutral:2009:fca:321	2009 FCA 321
3:neutral:2009:fca:322	2009 FCA 322
3:neutral:2009:fca:325	2009 FCA 325
3:neutral:2009:fca:330	2009 FCA 330
3:neutral:2009:fca:336	2009 FCA 336
3:neutral:2009:fca:340	2009 FCA 340
3:neutral:2009:fca:344	2009 FCA 344
3:neutral:2009:fca:345	2009 FCA 345
3:neutral:2009:fca:346	2009 FCA 346
3:neutral:2009:fca:347	2009 FCA 347
3:neutral:2009:fca:35	2009 FCA 35
3:neutral:2009:fca:357	2009 FCA 357
3:neutral:2009:fca:361	2009 FCA 361
3:neutral:2009:fca:364	2009 FCA 364
3:neutral:2009:fca:367	2009 FCA 367
3:neutral:2009:fca:373	2009 FCA 373
3:neutral:2009:fca:375	2009 FCA 375
3:neutral:2009:fca:378	2009 FCA 378
3:neutral:2009:fca:40	2009 FCA 40
3:neutral:2009:fca:41	2009 FCA 41
3:neutral:2009:fca:46	2009 FCA 46
3:neutral:2009:fca:47	2009 FCA 47
3:neutral:2009:fca:49	2009 FCA 49
3:neutral:2009:fca:5	2009 FCA 5
3:neutral:2009:fca:50	2009 FCA 50
3:neutral:2009:fca:53	2009 FCA 53
3:neutral:2009:fca:57	2009 FCA 57
3:neutral:2009:fca:59	2009 FCA 59
3:neutral:2009:fca:62	2009 FCA 62
3:neutral:2009:fca:74	2009 FCA 74
3:neutral:2009:fca:79	2009 FCA 79
3:neutral:2009:fca:8	2009 FCA 8
3:neutral:2009:fca:81	2009 FCA 81
3:neutral:2009:fca:82	2009 FCA 82
3:neutral:2009:fca:83	2009 FCA 83
3:neutral:2009:fca:85	2009 FCA 85
3:neutral:2009:fca:86	2009 FCA 86
3:neutral:2009:fca:89	2009 FCA 89
3:neutral:2009:fca:90	2009 FCA 90
3:neutral:2009:fca:94	2009 FCA 94
3:neutral:2009:fca:97	2009 FCA 97
3:neutral:2009:nsca:107	2009 NSCA 107
3:neutral:2009:nsca:12	2009 NSCA 12
3:neutral:2009:nsca:130	2009 NSCA 130
3:neutral:2009:nsca:17	2009 NSCA 17
3:neutral:2009:nsca:25	2009 NSCA 25
3:neutral:2009:nsca:4	2009 NSCA 4
3:neutral:2009:nsca:46	2009 NSCA 46
3:neutral:2009:nsca:73	2009 NSCA 73
3:neutral:2009:nsca:78	2009 NSCA 78
3:neutral:2009:nsca:79	2009 NSCA 79
3:neutral:2009:nsca:86	2009 NSCA 86
3:neutral:2009:nsca:98	2009 NSCA 98
3:neutral:2009:nssc:12	2009 NSSC 12
3:neutral:2009:nssc:169	2009 NSSC 169
3:neutral:2009:nssc:194	2009 NSSC 194
3:neutral:2009:nssc:211	2009 NSSC 211
3:neutral:2009:nssc:215	2009 NSSC 215
3:neutral:2009:nssc:231	2009 NSSC 231
3:neutral:2009:nssc:240	2009 NSSC 240
3:neutral:2009:nssc:295	2009 NSSC 295
3:neutral:2009:nssc:323	2009 NSSC 323
3:neutral:2009:nssc:35	2009 NSSC 35
3:neutral:2009:nssc:403	2009 NSSC 403
3:neutral:2009:nssc:428	2009 NSSC 428
3:neutral:2009:onca:100	2009 ONCA 100
3:neutral:2009:onca:101	2009 ONCA 101
3:neutral:2009:onca:102	2009 ONCA 102
3:neutral:2009:onca:105	2009 ONCA 105
3:neutral:2009:onca:106	2009 ONCA 106
3:neutral:2009:onca:111	2009 ONCA 111
3:neutral:2009:onca:112	2009 ONCA 112
3:neutral:2009:onca:113	2009 ONCA 113
3:neutral:2009:onca:114	2009 ONCA 114
3:neutral:2009:onca:118	2009 ONCA 118
3:neutral:2009:onca:124	2009 ONCA 124
3:neutral:2009:onca:133	2009 ONCA 133
3:neutral:2009:onca:135	2009 ONCA 135
3:neutral:2009:onca:137	2009 ONCA 137
3:neutral:2009:onca:141	2009 ONCA 141
3:neutral:2009:onca:149	2009 ONCA 149
3:neutral:2009:onca:151	2009 ONCA 151
3:neutral:2009:onca:156	2009 ONCA 156
3:neutral:2009:onca:16	2009 ONCA 16
3:neutral:2009:onca:160	2009 ONCA 160
3:neutral:2009:onca:17	2009 ONCA 17
3:neutral:2009:onca:170	2009 ONCA 170
3:neutral:2009:onca:172	2009 ONCA 172
3:neutral:2009:onca:177	2009 ONCA 177
3:neutral:2009:onca:180	2009 ONCA 180
3:neutral:2009:onca:182	2009 ONCA 182
3:neutral:2009:onca:194	2009 ONCA 194
3:neutral:2009:onca:196	2009 ONCA 196
3:neutral:2009:onca:198	2009 ONCA 198
3:neutral:2009:onca:199	2009 ONCA 199
3:neutral:2009:onca:2	2009 ONCA 2
3:neutral:2009:onca:202	2009 ONCA 202
3:neutral:2009:onca:205	2009 ONCA 205
3:neutral:2009:onca:219	2009 ONCA 219
3:neutral:2009:onca:222	2009 ONCA 222
3:neutral:2009:onca:223	2009 ONCA 223
3:neutral:2009:onca:234	2009 ONCA 234
3:neutral:2009:onca:235	2009 ONCA 235
3:neutral:2009:onca:240	2009 ONCA 240
3:neutral:2009:onca:241	2009 ONCA 241
3:neutral:2009:onca:244	2009 ONCA 244
3:neutral:2009:onca:245	2009 ONCA 245
3:neutral:2009:onca:248	2009 ONCA 248
3:neutral:2009:onca:251	2009 ONCA 251
3:neutral:2009:onca:252	2009 ONCA 252
3:neutral:2009:onca:254	2009 ONCA 254
3:neutral:2009:onca:256	2009 ONCA 256
3:neutral:2009:onca:258	2009 ONCA 258
3:neutral:2009:onca:262	2009 ONCA 262
3:neutral:2009:onca:264	2009 ONCA 264
3:neutral:2009:onca:268	2009 ONCA 268
3:neutral:2009:onca:274	2009 ONCA 274
3:neutral:2009:onca:276	2009 ONCA 276
3:neutral:2009:onca:279	2009 ONCA 279
3:neutral:2009:onca:280	2009 ONCA 280
3:neutral:2009:onca:292	2009 ONCA 292
3:neutral:2009:onca:3	2009 ONCA 3
3:neutral:2009:onca:305	2009 ONCA 305
3:neutral:2009:onca:307	2009 ONCA 307
3:neutral:2009:onca:308	2009 ONCA 308
3:neutral:2009:onca:31	2009 ONCA 31
3:neutral:2009:onca:310	2009 ONCA 310
3:neutral:2009:onca:312	2009 ONCA 312
3:neutral:2009:onca:317	2009 ONCA 317
3:neutral:2009:onca:318	2009 ONCA 318
3:neutral:2009:onca:319	2009 ONCA 319
3:neutral:2009:onca:32	2009 ONCA 32
3:neutral:2009:onca:322	2009 ONCA 322
3:neutral:2009:onca:326	2009 ONCA 326
3:neutral:2009:onca:328	2009 ONCA 328
3:neutral:2009:onca:339	2009 ONCA 339
3:neutral:2009:onca:340	2009 ONCA 340
3:neutral:2009:onca:341	2009 ONCA 341
3:neutral:2009:onca:342	2009 ONCA 342
3:neutral:2009:onca:354	2009 ONCA 354
3:neutral:2009:onca:359	2009 ONCA 359
3:neutral:2009:onca:366	2009 ONCA 366
3:neutral:2009:onca:367	2009 ONCA 367
3:neutral:2009:onca:374	2009 ONCA 374
3:neutral:2009:onca:377	2009 ONCA 377
3:neutral:2009:onca:38	2009 ONCA 38
3:neutral:2009:onca:383	2009 ONCA 383
3:neutral:2009:onca:385	2009 ONCA 385
3:neutral:2009:onca:387	2009 ONCA 387
3:neutral:2009:onca:388	2009 ONCA 388
3:neutral:2009:onca:389	2009 ONCA 389
3:neutral:2009:onca:391	2009 ONCA 391
3:neutral:2009:onca:395	2009 ONCA 395
3:neutral:2009:onca:398	2009 ONCA 398
3:neutral:2009:onca:4	2009 ONCA 4
3:neutral:2009:onca:40	2009 ONCA 40
3:neutral:2009:onca:402	2009 ONCA 402
3:neutral:2009:onca:403	2009 ONCA 403
3:neutral:2009:onca:408	2009 ONCA 408
3:neutral:2009:onca:413	2009 ONCA 413
3:neutral:2009:onca:415	2009 ONCA 415
3:neutral:2009:onca:420	2009 ONCA 420
3:neutral:2009:onca:442	2009 ONCA 442
3:neutral:2009:onca:443	2009 ONCA 443
3:neutral:2009:onca:445	2009 ONCA 445
3:neutral:2009:onca:448	2009 ONCA 448
3:neutral:2009:onca:46	2009 ONCA 46
3:neutral:2009:onca:461	2009 ONCA 461
3:neutral:2009:onca:463	2009 ONCA 463
3:neutral:2009:onca:477	2009 ONCA 477
3:neutral:2009:onca:478	2009 ONCA 478
3:neutral:2009:onca:479	2009 ONCA 479
3:neutral:2009:onca:48	2009 ONCA 48
3:neutral:2009:onca:484	2009 ONCA 484
3:neutral:2009:onca:485	2009 ONCA 485
3:neutral:2009:onca:486	2009 ONCA 486
3:neutral:2009:onca:487	2009 ONCA 487
3:neutral:2009:onca:491	2009 ONCA 491
3:neutral:2009:onca:492	2009 ONCA 492
3:neutral:2009:onca:498	2009 ONCA 498
3:neutral:2009:onca:499	2009 ONCA 499
3:neutral:2009:onca:501	2009 ONCA 501
3:neutral:2009:onca:503	2009 ONCA 503
3:neutral:2009:onca:504	2009 ONCA 504
3:neutral:2009:onca:506	2009 ONCA 506
3:neutral:2009:onca:517	2009 ONCA 517
3:neutral:2009:onca:52	2009 ONCA 52
3:neutral:2009:onca:524	2009 ONCA 524
3:neutral:2009:onca:532	2009 ONCA 532
3:neutral:2009:onca:535	2009 ONCA 535
3:neutral:2009:onca:536	2009 ONCA 536
3:neutral:2009:onca:538	2009 ONCA 538
3:neutral:2009:onca:543	2009 ONCA 543
3:neutral:2009:onca:546	2009 ONCA 546
3:neutral:2009:onca:548	2009 ONCA 548
3:neutral:2009:onca:549	2009 ONCA 549
3:neutral:2009:onca:55	2009 ONCA 55
3:neutral:2009:onca:552	2009 ONCA 552
3:neutral:2009:onca:554	2009 ONCA 554
3:neutral:2009:onca:56	2009 ONCA 56
3:neutral:2009:onca:560	2009 ONCA 560
3:neutral:2009:onca:563	2009 ONCA 563
3:neutral:2009:onca:570	2009 ONCA 570
3:neutral:2009:onca:571	2009 ONCA 571
3:neutral:2009:onca:573	2009 ONCA 573
3:neutral:2009:onca:59	2009 ONCA 59
3:neutral:2009:onca:591	2009 ONCA 591
3:neutral:2009:onca:593	2009 ONCA 593
3:neutral:2009:onca:594	2009 ONCA 594
3:neutral:2009:onca:598	2009 ONCA 598
3:neutral:2009:onca:604	2009 ONCA 604
3:neutral:2009:onca:61	2009 ONCA 61
3:neutral:2009:onca:610	2009 ONCA 610
3:neutral:2009:onca:611	2009 ONCA 611
3:neutral:2009:onca:612	2009 ONCA 612
3:neutral:2009:onca:613	2009 ONCA 613
3:neutral:2009:onca:614	2009 ONCA 614
3:neutral:2009:onca:615	2009 ONCA 615
3:neutral:2009:onca:617	2009 ONCA 617
3:neutral:2009:onca:618	2009 ONCA 618
3:neutral:2009:onca:619	2009 ONCA 619
3:neutral:2009:onca:621	2009 ONCA 621
3:neutral:2009:onca:623	2009 ONCA 623
3:neutral:2009:onca:624	2009 ONCA 624
3:neutral:2009:onca:626	2009 ONCA 626
3:neutral:2009:onca:628	2009 ONCA 628
3:neutral:2009:onca:633	2009 ONCA 633
3:neutral:2009:onca:642	2009 ONCA 642
3:neutral:2009:onca:645	2009 ONCA 645
3:neutral:2009:onca:646	2009 ONCA 646
3:neutral:2009:onca:654	2009 ONCA 654
3:neutral:2009:onca:655	2009 ONCA 655
3:neutral:2009:onca:661	2009 ONCA 661
3:neutral:2009:onca:662	2009 ONCA 662
3:neutral:2009:onca:669	2009 ONCA 669
3:neutral:2009:onca:670	2009 ONCA 670
3:neutral:2009:onca:672	2009 ONCA 672
3:neutral:2009:onca:676	2009 ONCA 676
3:neutral:2009:onca:678	2009 ONCA 678
3:neutral:2009:onca:679	2009 ONCA 679
3:neutral:2009:onca:681	2009 ONCA 681
3:neutral:2009:onca:684	2009 ONCA 684
3:neutral:2009:onca:69	2009 ONCA 69
3:neutral:2009:onca:690	2009 ONCA 690
3:neutral:2009:onca:692	2009 ONCA 692
3:neutral:2009:onca:698	2009 ONCA 698
3:neutral:2009:onca:705	2009 ONCA 705
3:neutral:2009:onca:709	2009 ONCA 709
3:neutral:2009:onca:71	2009 ONCA 71
3:neutral:2009:onca:716	2009 ONCA 716
3:neutral:2009:onca:72	2009 ONCA 72
3:neutral:2009:onca:722	2009 ONCA 722
3:neutral:2009:onca:731	2009 ONCA 731
3:neutral:2009:onca:732	2009 ONCA 732
3:neutral:2009:onca:742	2009 ONCA 742
3:neutral:2009:onca:749	2009 ONCA 749
3:neutral:2009:onca:75	2009 ONCA 75
3:neutral:2009:onca:754	2009 ONCA 754
3:neutral:2009:onca:759	2009 ONCA 759
3:neutral:2009:onca:763	2009 ONCA 763
3:neutral:2009:onca:764	2009 ONCA 764
3:neutral:2009:onca:766	2009 ONCA 766
3:neutral:2009:onca:77	2009 ONCA 77
3:neutral:2009:onca:770	2009 ONCA 770
3:neutral:2009:onca:771	2009 ONCA 771
3:neutral:2009:onca:784	2009 ONCA 784
3:neutral:2009:onca:789	2009 ONCA 789
3:neutral:2009:onca:794	2009 ONCA 794
3:neutral:2009:onca:801	2009 ONCA 801
3:neutral:2009:onca:805	2009 ONCA 805
3:neutral:2009:onca:81	2009 ONCA 81
3:neutral:2009:onca:814	2009 ONCA 814
3:neutral:2009:onca:819	2009 ONCA 819
3:neutral:2009:onca:829	2009 ONCA 829
3:neutral:2009:onca:83	2009 ONCA 83
3:neutral:2009:onca:831	2009 ONCA 831
3:neutral:2009:onca:833	2009 ONCA 833
3:neutral:2009:onca:838	2009 ONCA 838
3:neutral:2009:onca:847	2009 ONCA 847
3:neutral:2009:onca:85	2009 ONCA 85
3:neutral:2009:onca:851	2009 ONCA 851
3:neutral:2009:onca:864	2009 ONCA 864
3:neutral:2009:onca:874	2009 ONCA 874
3:neutral:2009:onca:876	2009 ONCA 876
3:neutral:2009:onca:879	2009 ONCA 879
3:neutral:2009:onca:892	2009 ONCA 892
3:neutral:2009:onca:895	2009 ONCA 895
3:neutral:2009:onca:896	2009 ONCA 896
3:neutral:2009:onca:899	2009 ONCA 899
3:neutral:2009:onca:9	2009 ONCA 9
3:neutral:2009:onca:904	2009 ONCA 904
3:neutral:2009:onca:905	2009 ONCA 905
3:neutral:2009:onca:907	2009 ONCA 907
3:neutral:2009:onca:910	2009 ONCA 910
3:neutral:2009:onca:914	2009 ONCA 914
3:neutral:2009:onca:915	2009 ONCA 915
3:neutral:2009:onca:916	2009 ONCA 916
3:neutral:2009:onca:918	2009 ONCA 918
3:neutral:2009:onca:97	2009 ONCA 97
3:neutral:2009:scc:1	2009 SCC 1
3:neutral:2009:scc:10	2009 SCC 10
3:neutral:2009:scc:11	2009 SCC 11
3:neutral:2009:scc:12	2009 SCC 12
3:neutral:2009:scc:13	2009 SCC 13
3:neutral:2009:scc:17	2009 SCC 17
3:neutral:2009:scc:19	2009 SCC 19
3:neutral:2009:scc:20	2009 SCC 20
3:neutral:2009:scc:21	2009 SCC 21
3:neutral:2009:scc:22	2009 SCC 22
3:neutral:2009:scc:26	2009 SCC 26
3:neutral:2009:scc:27	2009 SCC 27
3:neutral:2009:scc:3	2009 SCC 3
3:neutral:2009:scc:31	2009 SCC 31
3:neutral:2009:scc:32	2009 SCC 32
3:neutral:2009:scc:33	2009 SCC 33
3:neutral:2009:scc:34	2009 SCC 34
3:neutral:2009:scc:35	2009 SCC 35
3:neutral:2009:scc:38	2009 SCC 38
3:neutral:2009:scc:39	2009 SCC 39
3:neutral:2009:scc:4	2009 SCC 4
3:neutral:2009:scc:41	2009 SCC 41
3:neutral:2009:scc:42	2009 SCC 42
3:neutral:2009:scc:45	2009 SCC 45
3:neutral:2009:scc:46	2009 SCC 46
3:neutral:2009:scc:51	2009 SCC 51
3:neutral:2009:scc:6	2009 SCC 6
3:neutral:2009:scc:61	2009 SCC 61
3:neutral:2009:tcc:1	2009 TCC 1
3:neutral:2009:tcc:102	2009 TCC 102
3:neutral:2009:tcc:107	2009 TCC 107
3:neutral:2009:tcc:111	2009 TCC 111
3:neutral:2009:tcc:117	2009 TCC 117
3:neutral:2009:tcc:132	2009 TCC 132
3:neutral:2009:tcc:135	2009 TCC 135
3:neutral:2009:tcc:139	2009 TCC 139
3:neutral:2009:tcc:140	2009 TCC 140
3:neutral:2009:tcc:155	2009 TCC 155
3:neutral:2009:tcc:158	2009 TCC 158
3:neutral:2009:tcc:168	2009 TCC 168
3:neutral:2009:tcc:174	2009 TCC 174
3:neutral:2009:tcc:177	2009 TCC 177
3:neutral:2009:tcc:182	2009 TCC 182
3:neutral:2009:tcc:193	2009 TCC 193
3:neutral:2009:tcc:196	2009 TCC 196
3:neutral:2009:tcc:21	2009 TCC 21
3:neutral:2009:tcc:229	2009 TCC 229
3:neutral:2009:tcc:242	2009 TCC 242
3:neutral:2009:tcc:269	2009 TCC 269
3:neutral:2009:tcc:289	2009 TCC 289
3:neutral:2009:tcc:293	2009 TCC 293
3:neutral:2009:tcc:299	2009 TCC 299
3:neutral:2009:tcc:31	2009 TCC 31
3:neutral:2009:tcc:315	2009 TCC 315
3:neutral:2009:tcc:325	2009 TCC 325
3:neutral:2009:tcc:327	2009 TCC 327
3:neutral:2009:tcc:334	2009 TCC 334
3:neutral:2009:tcc:336	2009 TCC 336
3:neutral:2009:tcc:337	2009 TCC 337
3:neutral:2009:tcc:345	2009 TCC 345
3:neutral:2009:tcc:354	2009 TCC 354
3:neutral:2009:tcc:358	2009 TCC 358
3:neutral:2009:tcc:382	2009 TCC 382
3:neutral:2009:tcc:383	2009 TCC 383
3:neutral:2009:tcc:388	2009 TCC 388
3:neutral:2009:tcc:390	2009 TCC 390
3:neutral:2009:tcc:395	2009 TCC 395
3:neutral:2009:tcc:396	2009 TCC 396
3:neutral:2009:tcc:398	2009 TCC 398
3:neutral:2009:tcc:399	2009 TCC 399
3:neutral:2009:tcc:409	2009 TCC 409
3:neutral:2009:tcc:414	2009 TCC 414
3:neutral:2009:tcc:425	2009 TCC 425
3:neutral:2009:tcc:426	2009 TCC 426
3:neutral:2009:tcc:429	2009 TCC 429
3:neutral:2009:tcc:431	2009 TCC 431
3:neutral:2009:tcc:437	2009 TCC 437
3:neutral:2009:tcc:442	2009 TCC 442
3:neutral:2009:tcc:444	2009 TCC 444
3:neutral:2009:tcc:450	2009 TCC 450
3:neutral:2009:tcc:451	2009 TCC 451
3:neutral:2009:tcc:469	2009 TCC 469
3:neutral:2009:tcc:47	2009 TCC 47
3:neutral:2009:tcc:472	2009 TCC 472
3:neutral:2009:tcc:480	2009 TCC 480
3:neutral:2009:tcc:488	2009 TCC 488
3:neutral:2009:tcc:493	2009 TCC 493
3:neutral:2009:tcc:496	2009 TCC 496
3:neutral:2009:tcc:508	2009 TCC 508
3:neutral:2009:tcc:523	2009 TCC 523
3:neutral:2009:tcc:538	2009 TCC 538
3:neutral:2009:tcc:540	2009 TCC 540
3:neutral:2009:tcc:541	2009 TCC 541
3:neutral:2009:tcc:548	2009 TCC 548
3:neutral:2009:tcc:557	2009 TCC 557
3:neutral:2009:tcc:563	2009 TCC 563
3:neutral:2009:tcc:586	2009 TCC 586
3:neutral:2009:tcc:587	2009 TCC 587
3:neutral:2009:tcc:597	2009 TCC 597
3:neutral:2009:tcc:606	2009 TCC 606
3:neutral:2009:tcc:617	2009 TCC 617
3:neutral:2009:tcc:619	2009 TCC 619
3:neutral:2009:tcc:632	2009 TCC 632
3:neutral:2009:tcc:70	2009 TCC 70
3:neutral:2009:ykca:9	2009 YKCA 9
3:neutral:2010:bcca:10	2010 BCCA 10
3:neutral:2010:bcca:105	2010 BCCA 105
3:neutral:2010:bcca:108	2010 BCCA 108
3:neutral:2010:bcca:11	2010 BCCA 11
3:neutral:2010:bcca:113	2010 BCCA 113
3:neutral:2010:bcca:115	2010 BCCA 115
3:neutral:2010:bcca:121	2010 BCCA 121
3:neutral:2010:bcca:126	2010 BCCA 126
3:neutral:2010:bcca:130	2010 BCCA 130
3:neutral:2010:bcca:131	2010 BCCA 131
3:neutral:2010:bcca:135	2010 BCCA 135
3:neutral:2010:bcca:139	2010 BCCA 139
3:neutral:2010:bcca:140	2010 BCCA 140
3:neutral:2010:bcca:141	2010 BCCA 141
3:neutral:2010:bcca:149	2010 BCCA 149
3:neutral:2010:bcca:15	2010 BCCA 15
3:neutral:2010:bcca:150	2010 BCCA 150
3:neutral:2010:bcca:153	2010 BCCA 153
3:neutral:2010:bcca:154	2010 BCCA 154
3:neutral:2010:bcca:157	2010 BCCA 157
3:neutral:2010:bcca:158	2010 BCCA 158
3:neutral:2010:bcca:160	2010 BCCA 160
3:neutral:2010:bcca:162	2010 BCCA 162
3:neutral:2010:bcca:164	2010 BCCA 164
3:neutral:2010:bcca:165	2010 BCCA 165
3:neutral:2010:bcca:167	2010 BCCA 167
3:neutral:2010:bcca:169	2010 BCCA 169
3:neutral:2010:bcca:170	2010 BCCA 170
3:neutral:2010:bcca:173	2010 BCCA 173
3:neutral:2010:bcca:175	2010 BCCA 175
3:neutral:2010:bcca:177	2010 BCCA 177
3:neutral:2010:bcca:178	2010 BCCA 178
3:neutral:2010:bcca:18	2010 BCCA 18
3:neutral:2010:bcca:182	2010 BCCA 182
3:neutral:2010:bcca:191	2010 BCCA 191
3:neutral:2010:bcca:192	2010 BCCA 192
3:neutral:2010:bcca:196	2010 BCCA 196
3:neutral:2010:bcca:198	2010 BCCA 198
3:neutral:2010:bcca:20	2010 BCCA 20
3:neutral:2010:bcca:208	2010 BCCA 208
3:neutral:2010:bcca:212	2010 BCCA 212
3:neutral:2010:bcca:216	2010 BCCA 216
3:neutral:2010:bcca:220	2010 BCCA 220
3:neutral:2010:bcca:223	2010 BCCA 223
3:neutral:2010:bcca:226	2010 BCCA 226
3:neutral:2010:bcca:227	2010 BCCA 227
3:neutral:2010:bcca:228	2010 BCCA 228
3:neutral:2010:bcca:229	2010 BCCA 229
3:neutral:2010:bcca:236	2010 BCCA 236
3:neutral:2010:bcca:237	2010 BCCA 237
3:neutral:2010:bcca:238	2010 BCCA 238
3:neutral:2010:bcca:239	2010 BCCA 239
3:neutral:2010:bcca:248	2010 BCCA 248
3:neutral:2010:bcca:250	2010 BCCA 250
3:neutral:2010:bcca:263	2010 BCCA 263
3:neutral:2010:bcca:264	2010 BCCA 264
3:neutral:2010:bcca:267	2010 BCCA 267
3:neutral:2010:bcca:272	2010 BCCA 272
3:neutral:2010:bcca:279	2010 BCCA 279
3:neutral:2010:bcca:282	2010 BCCA 282
3:neutral:2010:bcca:284	2010 BCCA 284
3:neutral:2010:bcca:289	2010 BCCA 289
3:neutral:2010:bcca:29	2010 BCCA 29
3:neutral:2010:bcca:294	2010 BCCA 294
3:neutral:2010:bcca:302	2010 BCCA 302
3:neutral:2010:bcca:304	2010 BCCA 304
3:neutral:2010:bcca:31	2010 BCCA 31
3:neutral:2010:bcca:315	2010 BCCA 315
3:neutral:2010:bcca:319	2010 BCCA 319
3:neutral:2010:bcca:324	2010 BCCA 324
3:neutral:2010:bcca:327	2010 BCCA 327
3:neutral:2010:bcca:328	2010 BCCA 328
3:neutral:2010:bcca:329	2010 BCCA 329
3:neutral:2010:bcca:331	2010 BCCA 331
3:neutral:2010:bcca:334	2010 BCCA 334
3:neutral:2010:bcca:35	2010 BCCA 35
3:neutral:2010:bcca:354	2010 BCCA 354
3:neutral:2010:bcca:355	2010 BCCA 355
3:neutral:2010:bcca:357	2010 BCCA 357
3:neutral:2010:bcca:36	2010 BCCA 36
3:neutral:2010:bcca:361	2010 BCCA 361
3:neutral:2010:bcca:365	2010 BCCA 365
3:neutral:2010:bcca:368	2010 BCCA 368
3:neutral:2010:bcca:370	2010 BCCA 370
3:neutral:2010:bcca:371	2010 BCCA 371
3:neutral:2010:bcca:375	2010 BCCA 375
3:neutral:2010:bcca:378	2010 BCCA 378
3:neutral:2010:bcca:381	2010 BCCA 381
3:neutral:2010:bcca:386	2010 BCCA 386
3:neutral:2010:bcca:388	2010 BCCA 388
3:neutral:2010:bcca:392	2010 BCCA 392
3:neutral:2010:bcca:393	2010 BCCA 393
3:neutral:2010:bcca:396	2010 BCCA 396
3:neutral:2010:bcca:398	2010 BCCA 398
3:neutral:2010:bcca:4	2010 BCCA 4
3:neutral:2010:bcca:401	2010 BCCA 401
3:neutral:2010:bcca:403	2010 BCCA 403
3:neutral:2010:bcca:413	2010 BCCA 413
3:neutral:2010:bcca:415	2010 BCCA 415
3:neutral:2010:bcca:419	2010 BCCA 419
3:neutral:2010:bcca:421	2010 BCCA 421
3:neutral:2010:bcca:426	2010 BCCA 426
3:neutral:2010:bcca:431	2010 BCCA 431
3:neutral:2010:bcca:439	2010 BCCA 439
3:neutral:2010:bcca:448	2010 BCCA 448
3:neutral:2010:bcca:453	2010 BCCA 453
3:neutral:2010:bcca:455	2010 BCCA 455
3:neutral:2010:bcca:457	2010 BCCA 457
3:neutral:2010:bcca:459	2010 BCCA 459
3:neutral:2010:bcca:46	2010 BCCA 46
3:neutral:2010:bcca:461	2010 BCCA 461
3:neutral:2010:bcca:462	2010 BCCA 462
3:neutral:2010:bcca:472	2010 BCCA 472
3:neutral:2010:bcca:473	2010 BCCA 473
3:neutral:2010:bcca:476	2010 BCCA 476
3:neutral:2010:bcca:478	2010 BCCA 478
3:neutral:2010:bcca:490	2010 BCCA 490
3:neutral:2010:bcca:491	2010 BCCA 491
3:neutral:2010:bcca:493	2010 BCCA 493
3:neutral:2010:bcca:497	2010 BCCA 497
3:neutral:2010:bcca:5	2010 BCCA 5
3:neutral:2010:bcca:500	2010 BCCA 500
3:neutral:2010:bcca:506	2010 BCCA 506
3:neutral:2010:bcca:51	2010 BCCA 51
3:neutral:2010:bcca:510	2010 BCCA 510
3:neutral:2010:bcca:513	2010 BCCA 513
3:neutral:2010:bcca:517	2010 BCCA 517
3:neutral:2010:bcca:52	2010 BCCA 52
3:neutral:2010:bcca:522	2010 BCCA 522
3:neutral:2010:bcca:523	2010 BCCA 523
3:neutral:2010:bcca:527	2010 BCCA 527
3:neutral:2010:bcca:529	2010 BCCA 529
3:neutral:2010:bcca:535	2010 BCCA 535
3:neutral:2010:bcca:536	2010 BCCA 536
3:neutral:2010:bcca:541	2010 BCCA 541
3:neutral:2010:bcca:543	2010 BCCA 543
3:neutral:2010:bcca:547	2010 BCCA 547
3:neutral:2010:bcca:548	2010 BCCA 548
3:neutral:2010:bcca:55	2010 BCCA 55
3:neutral:2010:bcca:560	2010 BCCA 560
3:neutral:2010:bcca:57	2010 BCCA 57
3:neutral:2010:bcca:570	2010 BCCA 570
3:neutral:2010:bcca:572	2010 BCCA 572
3:neutral:2010:bcca:577	2010 BCCA 577
3:neutral:2010:bcca:589	2010 BCCA 589
3:neutral:2010:bcca:595	2010 BCCA 595
3:neutral:2010:bcca:604	2010 BCCA 604
3:neutral:2010:bcca:61	2010 BCCA 61
3:neutral:2010:bcca:63	2010 BCCA 63
3:neutral:2010:bcca:65	2010 BCCA 65
3:neutral:2010:bcca:71	2010 BCCA 71
3:neutral:2010:bcca:72	2010 BCCA 72
3:neutral:2010:bcca:85	2010 BCCA 85
3:neutral:2010:bcca:94	2010 BCCA 94
3:neutral:2010:bcca:97	2010 BCCA 97
3:neutral:2010:bcsc:1099	2010 BCSC 1099
3:neutral:2010:bcsc:112	2010 BCSC 112
3:neutral:2010:bcsc:119	2010 BCSC 119
3:neutral:2010:bcsc:1248	2010 BCSC 1248
3:neutral:2010:bcsc:1260	2010 BCSC 1260
3:neutral:2010:bcsc:127	2010 BCSC 127
3:neutral:2010:bcsc:1274	2010 BCSC 1274
3:neutral:2010:bcsc:1368	2010 BCSC 1368
3:neutral:2010:bcsc:1391	2010 BCSC 1391
3:neutral:2010:bcsc:1394	2010 BCSC 1394
3:neutral:2010:bcsc:1444	2010 BCSC 1444
3:neutral:2010:bcsc:1494	2010 BCSC 1494
3:neutral:2010:bcsc:1536	2010 BCSC 1536
3:neutral:2010:bcsc:1563	2010 BCSC 1563
3:neutral:2010:bcsc:1591	2010 BCSC 1591
3:neutral:2010:bcsc:161	2010 BCSC 161
3:neutral:2010:bcsc:163	2010 BCSC 163
3:neutral:2010:bcsc:1658	2010 BCSC 1658
3:neutral:2010:bcsc:1699	2010 BCSC 1699
3:neutral:2010:bcsc:1740	2010 BCSC 1740
3:neutral:2010:bcsc:1807	2010 BCSC 1807
3:neutral:2010:bcsc:1817	2010 BCSC 1817
3:neutral:2010:bcsc:1822	2010 BCSC 1822
3:neutral:2010:bcsc:1857	2010 BCSC 1857
3:neutral:2010:bcsc:243	2010 BCSC 243
3:neutral:2010:bcsc:317	2010 BCSC 317
3:neutral:2010:bcsc:365	2010 BCSC 365
3:neutral:2010:bcsc:387	2010 BCSC 387
3:neutral:2010:bcsc:443	2010 BCSC 443
3:neutral:2010:bcsc:487	2010 BCSC 487
3:neutral:2010:bcsc:506	2010 BCSC 506
3:neutral:2010:bcsc:564	2010 BCSC 564
3:neutral:2010:bcsc:57	2010 BCSC 57
3:neutral:2010:bcsc:60	2010 BCSC 60
3:neutral:2010:bcsc:603	2010 BCSC 603
3:neutral:2010:bcsc:610	2010 BCSC 610
3:neutral:2010:bcsc:628	2010 BCSC 628
3:neutral:2010:bcsc:64	2010 BCSC 64
3:neutral:2010:bcsc:647	2010 BCSC 647
3:neutral:2010:bcsc:70	2010 BCSC 70
3:neutral:2010:bcsc:703	2010 BCSC 703
3:neutral:2010:bcsc:721	2010 BCSC 721
3:neutral:2010:bcsc:748	2010 BCSC 748
3:neutral:2010:bcsc:770	2010 BCSC 770
3:neutral:2010:bcsc:791	2010 BCSC 791
3:neutral:2010:bcsc:805	2010 BCSC 805
3:neutral:2010:bcsc:848	2010 BCSC 848
3:neutral:2010:bcsc:865	2010 BCSC 865
3:neutral:2010:bcsc:866	2010 BCSC 866
3:neutral:2010:bcsc:871	2010 BCSC 871
3:neutral:2010:bcsc:90	2010 BCSC 90
3:neutral:2010:bcsc:911	2010 BCSC 911
3:neutral:2010:bcsc:920	2010 BCSC 920
3:neutral:2010:chrt:9	2010 CHRT 9
3:neutral:2010:cmac:3	2010 CMAC 3
3:neutral:2010:cmac:6	2010 CMAC 6
3:neutral:2010:cmac:7	2010 CMAC 7
3:neutral:2010:fc:1004	2010 FC 1004
3:neutral:2010:fc:1008	2010 FC 1008
3:neutral:2010:fc:1011	2010 FC 1011
3:neutral:2010:fc:1024	2010 FC 1024
3:neutral:2010:fc:1025	2010 FC 1025
3:neutral:2010:fc:1042	2010 FC 1042
3:neutral:2010:fc:1044	2010 FC 1044
3:neutral:2010:fc:1046	2010 FC 1046
3:neutral:2010:fc:105	2010 FC 105
3:neutral:2010:fc:1065	2010 FC 1065
3:neutral:2010:fc:1069	2010 FC 1069
3:neutral:2010:fc:1071	2010 FC 1071
3:neutral:2010:fc:1072	2010 FC 1072
3:neutral:2010:fc:1082	2010 FC 1082
3:neutral:2010:fc:1086	2010 FC 1086
3:neutral:2010:fc:1095	2010 FC 1095
3:neutral:2010:fc:1099	2010 FC 1099
3:neutral:2010:fc:110	2010 FC 110
3:neutral:2010:fc:1106	2010 FC 1106
3:neutral:2010:fc:1123	2010 FC 1123
3:neutral:2010:fc:1135	2010 FC 1135
3:neutral:2010:fc:1139	2010 FC 1139
3:neutral:2010:fc:1144	2010 FC 1144
3:neutral:2010:fc:117	2010 FC 117
3:neutral:2010:fc:1175	2010 FC 1175
3:neutral:2010:fc:1186	2010 FC 1186
3:neutral:2010:fc:1188	2010 FC 1188
3:neutral:2010:fc:119	2010 FC 119
3:neutral:2010:fc:1191	2010 FC 1191
3:neutral:2010:fc:1196	2010 FC 1196
3:neutral:2010:fc:1197	2010 FC 1197
3:neutral:2010:fc:1210	2010 FC 1210
3:neutral:2010:fc:1212	2010 FC 1212
3:neutral:2010:fc:1218	2010 FC 1218
3:neutral:2010:fc:122	2010 FC 122
3:neutral:2010:fc:1233	2010 FC 1233
3:neutral:2010:fc:1240	2010 FC 1240
3:neutral:2010:fc:1241	2010 FC 1241
3:neutral:2010:fc:1242	2010 FC 1242
3:neutral:2010:fc:1243	2010 FC 1243
3:neutral:2010:fc:1260	2010 FC 1260
3:neutral:2010:fc:1264	2010 FC 1264
3:neutral:2010:fc:1265	2010 FC 1265
3:neutral:2010:fc:1268	2010 FC 1268
3:neutral:2010:fc:127	2010 FC 127
3:neutral:2010:fc:1281	2010 FC 1281
3:neutral:2010:fc:1284	2010 FC 1284
3:neutral:2010:fc:1287	2010 FC 1287
3:neutral:2010:fc:1308	2010 FC 1308
3:neutral:2010:fc:1314	2010 FC 1314
3:neutral:2010:fc:1319	2010 FC 1319
3:neutral:2010:fc:1322	2010 FC 1322
3:neutral:2010:fc:1332	2010 FC 1332
3:neutral:2010:fc:1340	2010 FC 1340
3:neutral:2010:fc:140	2010 FC 140
3:neutral:2010:fc:142	2010 FC 142
3:neutral:2010:fc:149	2010 FC 149
3:neutral:2010:fc:153	2010 FC 153
3:neutral:2010:fc:154	2010 FC 154
3:neutral:2010:fc:157	2010 FC 157
3:neutral:2010:fc:160	2010 FC 160
3:neutral:2010:fc:170	2010 FC 170
3:neutral:2010:fc:173	2010 FC 173
3:neutral:2010:fc:182	2010 FC 182
3:neutral:2010:fc:184	2010 FC 184
3:neutral:2010:fc:221	2010 FC 221
3:neutral:2010:fc:224	2010 FC 224
3:neutral:2010:fc:230	2010 FC 230
3:neutral:2010:fc:231	2010 FC 231
3:neutral:2010:fc:233	2010 FC 233
3:neutral:2010:fc:242	2010 FC 242
3:neutral:2010:fc:244	2010 FC 244
3:neutral:2010:fc:25	2010 FC 25
3:neutral:2010:fc:251	2010 FC 251
3:neutral:2010:fc:254	2010 FC 254
3:neutral:2010:fc:267	2010 FC 267
3:neutral:2010:fc:274	2010 FC 274
3:neutral:2010:fc:287	2010 FC 287
3:neutral:2010:fc:291	2010 FC 291
3:neutral:2010:fc:303	2010 FC 303
3:neutral:2010:fc:306	2010 FC 306
3:neutral:2010:fc:321	2010 FC 321
3:neutral:2010:fc:323	2010 FC 323
3:neutral:2010:fc:331	2010 FC 331
3:neutral:2010:fc:332	2010 FC 332
3:neutral:2010:fc:337	2010 FC 337
3:neutral:2010:fc:35	2010 FC 35
3:neutral:2010:fc:351	2010 FC 351
3:neutral:2010:fc:361	2010 FC 361
3:neutral:2010:fc:362	2010 FC 362
3:neutral:2010:fc:367	2010 FC 367
3:neutral:2010:fc:378	2010 FC 378
3:neutral:2010:fc:384	2010 FC 384
3:neutral:2010:fc:389	2010 FC 389
3:neutral:2010:fc:39	2010 FC 39
3:neutral:2010:fc:391	2010 FC 391
3:neutral:2010:fc:392	2010 FC 392
3:neutral:2010:fc:397	2010 FC 397
3:neutral:2010:fc:40	2010 FC 40
3:neutral:2010:fc:403	2010 FC 403
3:neutral:2010:fc:418	2010 FC 418
3:neutral:2010:fc:42	2010 FC 42
3:neutral:2010:fc:424	2010 FC 424
3:neutral:2010:fc:429	2010 FC 429
3:neutral:2010:fc:43	2010 FC 43
3:neutral:2010:fc:438	2010 FC 438
3:neutral:2010:fc:441	2010 FC 441
3:neutral:2010:fc:443	2010 FC 443
3:neutral:2010:fc:445	2010 FC 445
3:neutral:2010:fc:447	2010 FC 447
3:neutral:2010:fc:45	2010 FC 45
3:neutral:2010:fc:450	2010 FC 450
3:neutral:2010:fc:451	2010 FC 451
3:neutral:2010:fc:452	2010 FC 452
3:neutral:2010:fc:453	2010 FC 453
3:neutral:2010:fc:454	2010 FC 454
3:neutral:2010:fc:459	2010 FC 459
3:neutral:2010:fc:46	2010 FC 46
3:neutral:2010:fc:467	2010 FC 467
3:neutral:2010:fc:470	2010 FC 470
3:neutral:2010:fc:478	2010 FC 478
3:neutral:2010:fc:480	2010 FC 480
3:neutral:2010:fc:490	2010 FC 490
3:neutral:2010:fc:495	2010 FC 495
3:neutral:2010:fc:506	2010 FC 506
3:neutral:2010:fc:509	2010 FC 509
3:neutral:2010:fc:51	2010 FC 51
3:neutral:2010:fc:510	2010 FC 510
3:neutral:2010:fc:511	2010 FC 511
3:neutral:2010:fc:531	2010 FC 531
3:neutral:2010:fc:541	2010 FC 541
3:neutral:2010:fc:547	2010 FC 547
3:neutral:2010:fc:555	2010 FC 555
3:neutral:2010:fc:556	2010 FC 556
3:neutral:2010:fc:559	2010 FC 559
3:neutral:2010:fc:562	2010 FC 562
3:neutral:2010:fc:574	2010 FC 574
3:neutral:2010:fc:586	2010 FC 586
3:neutral:2010:fc:587	2010 FC 587
3:neutral:2010:fc:6	2010 FC 6
3:neutral:2010:fc:602	2010 FC 602
3:neutral:2010:fc:609	2010 FC 609
3:neutral:2010:fc:627	2010 FC 627
3:neutral:2010:fc:631	2010 FC 631
3:neutral:2010:fc:647	2010 FC 647
3:neutral:2010:fc:648	2010 FC 648
3:neutral:2010:fc:66	2010 FC 66
3:neutral:2010:fc:662	2010 FC 662
3:neutral:2010:fc:663	2010 FC 663
3:neutral:2010:fc:67	2010 FC 67
3:neutral:2010:fc:681	2010 FC 681
3:neutral:2010:fc:688	2010 FC 688
3:neutral:2010:fc:692	2010 FC 692
3:neutral:2010:fc:709	2010 FC 709
3:neutral:2010:fc:713	2010 FC 713
3:neutral:2010:fc:715	2010 FC 715
3:neutral:2010:fc:716	2010 FC 716
3:neutral:2010:fc:719	2010 FC 719
3:neutral:2010:fc:722	2010 FC 722
3:neutral:2010:fc:723	2010 FC 723
3:neutral:2010:fc:726	2010 FC 726
3:neutral:2010:fc:733	2010 FC 733
3:neutral:2010:fc:740	2010 FC 740
3:neutral:2010:fc:744	2010 FC 744
3:neutral:2010:fc:746	2010 FC 746
3:neutral:2010:fc:757	2010 FC 757
3:neutral:2010:fc:76	2010 FC 76
3:neutral:2010:fc:777	2010 FC 777
3:neutral:2010:fc:778	2010 FC 778
3:neutral:2010:fc:79	2010 FC 79
3:neutral:2010:fc:8	2010 FC 8
3:neutral:2010:fc:800	2010 FC 800
3:neutral:2010:fc:810	2010 FC 810
3:neutral:2010:fc:818	2010 FC 818
3:neutral:2010:fc:826	2010 FC 826
3:neutral:2010:fc:837	2010 FC 837
3:neutral:2010:fc:838	2010 FC 838
3:neutral:2010:fc:856	2010 FC 856
3:neutral:2010:fc:859	2010 FC 859
3:neutral:2010:fc:86	2010 FC 86
3:neutral:2010:fc:875	2010 FC 875
3:neutral:2010:fc:882	2010 FC 882
3:neutral:2010:fc:885	2010 FC 885
3:neutral:2010:fc:89	2010 FC 89
3:neutral:2010:fc:903	2010 FC 903
3:neutral:2010:fc:911	2010 FC 911
3:neutral:2010:fc:915	2010 FC 915
3:neutral:2010:fc:918	2010 FC 918
3:neutral:2010:fc:924	2010 FC 924
3:neutral:2010:fc:930	2010 FC 930
3:neutral:2010:fc:933	2010 FC 933
3:neutral:2010:fc:942	2010 FC 942
3:neutral:2010:fc:957	2010 FC 957
3:neutral:2010:fc:958	2010 FC 958
3:neutral:2010:fc:964	2010 FC 964
3:neutral:2010:fc:966	2010 FC 966
3:neutral:2010:fc:969	2010 FC 969
3:neutral:2010:fc:975	2010 FC 975
3:neutral:2010:fc:979	2010 FC 979
3:neutral:2010:fc:980	2010 FC 980
3:neutral:2010:fc:993	2010 FC 993
3:neutral:2010:fc:996	2010 FC 996
3:neutral:2010:fc:999	2010 FC 999
3:neutral:2010:fca:1	2010 FCA 1
3:neutral:2010:fca:100	2010 FCA 100
3:neutral:2010:fca:104	2010 FCA 104
3:neutral:2010:fca:112	2010 FCA 112
3:neutral:2010:fca:118	2010 FCA 118
3:neutral:2010:fca:124	2010 FCA 124
3:neutral:2010:fca:127	2010 FCA 127
3:neutral:2010:fca:129	2010 FCA 129
3:neutral:2010:fca:131	2010 FCA 131
3:neutral:2010:fca:134	2010 FCA 134
3:neutral:2010:fca:135	2010 FCA 135
3:neutral:2010:fca:139	2010 FCA 139
3:neutral:2010:fca:142	2010 FCA 142
3:neutral:2010:fca:147	2010 FCA 147
3:neutral:2010:fca:150	2010 FCA 150
3:neutral:2010:fca:152	2010 FCA 152
3:neutral:2010:fca:154	2010 FCA 154
3:neutral:2010:fca:155	2010 FCA 155
3:neutral:2010:fca:156	2010 FCA 156
3:neutral:2010:fca:157	2010 FCA 157
3:neutral:2010:fca:158	2010 FCA 158
3:neutral:2010:fca:159	2010 FCA 159
3:neutral:2010:fca:16	2010 FCA 16
3:neutral:2010:fca:161	2010 FCA 161
3:neutral:2010:fca:165	2010 FCA 165
3:neutral:2010:fca:166	2010 FCA 166
3:neutral:2010:fca:167	2010 FCA 167
3:neutral:2010:fca:168	2010 FCA 168
3:neutral:2010:fca:172	2010 FCA 172
3:neutral:2010:fca:174	2010 FCA 174
3:neutral:2010:fca:177	2010 FCA 177
3:neutral:2010:fca:183	2010 FCA 183
3:neutral:2010:fca:184	2010 FCA 184
3:neutral:2010:fca:188	2010 FCA 188
3:neutral:2010:fca:190	2010 FCA 190
3:neutral:2010:fca:192	2010 FCA 192
3:neutral:2010:fca:193	2010 FCA 193
3:neutral:2010:fca:196	2010 FCA 196
3:neutral:2010:fca:197	2010 FCA 197
3:neutral:2010:fca:198	2010 FCA 198
3:neutral:2010:fca:200	2010 FCA 200
3:neutral:2010:fca:201	2010 FCA 201
3:neutral:2010:fca:203	2010 FCA 203
3:neutral:2010:fca:204	2010 FCA 204
3:neutral:2010:fca:207	2010 FCA 207
3:neutral:2010:fca:21	2010 FCA 21
3:neutral:2010:fca:220	2010 FCA 220
3:neutral:2010:fca:221	2010 FCA 221
3:neutral:2010:fca:228	2010 FCA 228
3:neutral:2010:fca:230	2010 FCA 230
3:neutral:2010:fca:232	2010 FCA 232
3:neutral:2010:fca:24	2010 FCA 24
3:neutral:2010:fca:240	2010 FCA 240
3:neutral:2010:fca:242	2010 FCA 242
3:neutral:2010:fca:245	2010 FCA 245
3:neutral:2010:fca:246	2010 FCA 246
3:neutral:2010:fca:251	2010 FCA 251
3:neutral:2010:fca:255	2010 FCA 255
3:neutral:2010:fca:256	2010 FCA 256
3:neutral:2010:fca:26	2010 FCA 26
3:neutral:2010:fca:277	2010 FCA 277
3:neutral:2010:fca:280	2010 FCA 280
3:neutral:2010:fca:283	2010 FCA 283
3:neutral:2010:fca:287	2010 FCA 287
3:neutral:2010:fca:288	2010 FCA 288
3:neutral:2010:fca:29	2010 FCA 29
3:neutral:2010:fca:292	2010 FCA 292
3:neutral:2010:fca:300	2010 FCA 300
3:neutral:2010:fca:303	2010 FCA 303
3:neutral:2010:fca:307	2010 FCA 307
3:neutral:2010:fca:309	2010 FCA 309
3:neutral:2010:fca:312	2010 FCA 312
3:neutral:2010:fca:314	2010 FCA 314
3:neutral:2010:fca:315	2010 FCA 315
3:neutral:2010:fca:316	2010 FCA 316
3:neutral:2010:fca:32	2010 FCA 32
3:neutral:2010:fca:320	2010 FCA 320
3:neutral:2010:fca:322	2010 FCA 322
3:neutral:2010:fca:329	2010 FCA 329
3:neutral:2010:fca:334	2010 FCA 334
3:neutral:2010:fca:337	2010 FCA 337
3:neutral:2010:fca:339	2010 FCA 339
3:neutral:2010:fca:342	2010 FCA 342
3:neutral:2010:fca:344	2010 FCA 344
3:neutral:2010:fca:348	2010 FCA 348
3:neutral:2010:fca:35	2010 FCA 35
3:neutral:2010:fca:355	2010 FCA 355
3:neutral:2010:fca:40	2010 FCA 40
3:neutral:2010:fca:41	2010 FCA 41
3:neutral:2010:fca:47	2010 FCA 47
3:neutral:2010:fca:51	2010 FCA 51
3:neutral:2010:fca:52	2010 FCA 52
3:neutral:2010:fca:56	2010 FCA 56
3:neutral:2010:fca:59	2010 FCA 59
3:neutral:2010:fca:6	2010 FCA 6
3:neutral:2010:fca:61	2010 FCA 61
3:neutral:2010:fca:65	2010 FCA 65
3:neutral:2010:fca:7	2010 FCA 7
3:neutral:2010:fca:70	2010 FCA 70
3:neutral:2010:fca:75	2010 FCA 75
3:neutral:2010:fca:84	2010 FCA 84
3:neutral:2010:fca:89	2010 FCA 89
3:neutral:2010:fca:90	2010 FCA 90
3:neutral:2010:fca:92	2010 FCA 92
3:neutral:2010:fca:97	2010 FCA 97
3:neutral:2010:fca:98	2010 FCA 98
3:neutral:2010:nsca:1	2010 NSCA 1
3:neutral:2010:nsca:101	2010 NSCA 101
3:neutral:2010:nsca:12	2010 NSCA 12
3:neutral:2010:nsca:16	2010 NSCA 16
3:neutral:2010:nsca:19	2010 NSCA 19
3:neutral:2010:nsca:26	2010 NSCA 26
3:neutral:2010:nsca:38	2010 NSCA 38
3:neutral:2010:nsca:42	2010 NSCA 42
3:neutral:2010:nsca:45	2010 NSCA 45
3:neutral:2010:nsca:47	2010 NSCA 47
3:neutral:2010:nsca:49	2010 NSCA 49
3:neutral:2010:nsca:61	2010 NSCA 61
3:neutral:2010:nsca:62	2010 NSCA 62
3:neutral:2010:nsca:8	2010 NSCA 8
3:neutral:2010:nssc:105	2010 NSSC 105
3:neutral:2010:nssc:13	2010 NSSC 13
3:neutral:2010:nssc:218	2010 NSSC 218
3:neutral:2010:nssc:300	2010 NSSC 300
3:neutral:2010:nssc:315	2010 NSSC 315
3:neutral:2010:nssc:346	2010 NSSC 346
3:neutral:2010:nssc:433	2010 NSSC 433
3:neutral:2010:nssc:436	2010 NSSC 436
3:neutral:2010:nssc:463	2010 NSSC 463
3:neutral:2010:nssc:6	2010 NSSC 6
3:neutral:2010:nssc:68	2010 NSSC 68
3:neutral:2010:nssc:71	2010 NSSC 71
3:neutral:2010:onca:1	2010 ONCA 1
3:neutral:2010:onca:100	2010 ONCA 100
3:neutral:2010:onca:101	2010 ONCA 101
3:neutral:2010:onca:105	2010 ONCA 105
3:neutral:2010:onca:11	2010 ONCA 11
3:neutral:2010:onca:117	2010 ONCA 117
3:neutral:2010:onca:122	2010 ONCA 122
3:neutral:2010:onca:124	2010 ONCA 124
3:neutral:2010:onca:126	2010 ONCA 126
3:neutral:2010:onca:129	2010 ONCA 129
3:neutral:2010:onca:13	2010 ONCA 13
3:neutral:2010:onca:133	2010 ONCA 133
3:neutral:2010:onca:137	2010 ONCA 137
3:neutral:2010:onca:139	2010 ONCA 139
3:neutral:2010:onca:141	2010 ONCA 141
3:neutral:2010:onca:143	2010 ONCA 143
3:neutral:2010:onca:144	2010 ONCA 144
3:neutral:2010:onca:145	2010 ONCA 145
3:neutral:2010:onca:168	2010 ONCA 168
3:neutral:2010:onca:171	2010 ONCA 171
3:neutral:2010:onca:172	2010 ONCA 172
3:neutral:2010:onca:173	2010 ONCA 173
3:neutral:2010:onca:175	2010 ONCA 175
3:neutral:2010:onca:176	2010 ONCA 176
3:neutral:2010:onca:177	2010 ONCA 177
3:neutral:2010:onca:178	2010 ONCA 178
3:neutral:2010:onca:182	2010 ONCA 182
3:neutral:2010:onca:188	2010 ONCA 188
3:neutral:2010:onca:193	2010 ONCA 193
3:neutral:2010:onca:195	2010 ONCA 195
3:neutral:2010:onca:196	2010 ONCA 196
3:neutral:2010:onca:197	2010 ONCA 197
3:neutral:2010:onca:198	2010 ONCA 198
3:neutral:2010:onca:204	2010 ONCA 204
3:neutral:2010:onca:206	2010 ONCA 206
3:neutral:2010:onca:207	2010 ONCA 207
3:neutral:2010:onca:210	2010 ONCA 210
3:neutral:2010:onca:218	2010 ONCA 218
3:neutral:2010:onca:220	2010 ONCA 220
3:neutral:2010:onca:223	2010 ONCA 223
3:neutral:2010:onca:226	2010 ONCA 226
3:neutral:2010:onca:230	2010 ONCA 230
3:neutral:2010:onca:233	2010 ONCA 233
3:neutral:2010:onca:236	2010 ONCA 236
3:neutral:2010:onca:237	2010 ONCA 237
3:neutral:2010:onca:249	2010 ONCA 249
3:neutral:2010:onca:27	2010 ONCA 27
3:neutral:2010:onca:276	2010 ONCA 276
3:neutral:2010:onca:277	2010 ONCA 277
3:neutral:2010:onca:278	2010 ONCA 278
3:neutral:2010:onca:280	2010 ONCA 280
3:neutral:2010:onca:284	2010 ONCA 284
3:neutral:2010:onca:286	2010 ONCA 286
3:neutral:2010:onca:287	2010 ONCA 287
3:neutral:2010:onca:29	2010 ONCA 29
3:neutral:2010:onca:290	2010 ONCA 290
3:neutral:2010:onca:291	2010 ONCA 291
3:neutral:2010:onca:292	2010 ONCA 292
3:neutral:2010:onca:296	2010 ONCA 296
3:neutral:2010:onca:30	2010 ONCA 30
3:neutral:2010:onca:309	2010 ONCA 309
3:neutral:2010:onca:310	2010 ONCA 310
3:neutral:2010:onca:312	2010 ONCA 312
3:neutral:2010:onca:314	2010 ONCA 314
3:neutral:2010:onca:324	2010 ONCA 324
3:neutral:2010:onca:340	2010 ONCA 340
3:neutral:2010:onca:341	2010 ONCA 341
3:neutral:2010:onca:342	2010 ONCA 342
3:neutral:2010:onca:346	2010 ONCA 346
3:neutral:2010:onca:347	2010 ONCA 347
3:neutral:2010:onca:35	2010 ONCA 35
3:neutral:2010:onca:351	2010 ONCA 351
3:neutral:2010:onca:361	2010 ONCA 361
3:neutral:2010:onca:364	2010 ONCA 364
3:neutral:2010:onca:367	2010 ONCA 367
3:neutral:2010:onca:37	2010 ONCA 37
3:neutral:2010:onca:382	2010 ONCA 382
3:neutral:2010:onca:383	2010 ONCA 383
3:neutral:2010:onca:384	2010 ONCA 384
3:neutral:2010:onca:386	2010 ONCA 386
3:neutral:2010:onca:392	2010 ONCA 392
3:neutral:2010:onca:393	2010 ONCA 393
3:neutral:2010:onca:394	2010 ONCA 394
3:neutral:2010:onca:396	2010 ONCA 396
3:neutral:2010:onca:411	2010 ONCA 411
3:neutral:2010:onca:415	2010 ONCA 415
3:neutral:2010:onca:421	2010 ONCA 421
3:neutral:2010:onca:423	2010 ONCA 423
3:neutral:2010:onca:435	2010 ONCA 435
3:neutral:2010:onca:437	2010 ONCA 437
3:neutral:2010:onca:44	2010 ONCA 44
3:neutral:2010:onca:440	2010 ONCA 440
3:neutral:2010:onca:441	2010 ONCA 441
3:neutral:2010:onca:443	2010 ONCA 443
3:neutral:2010:onca:450	2010 ONCA 450
3:neutral:2010:onca:451	2010 ONCA 451
3:neutral:2010:onca:452	2010 ONCA 452
3:neutral:2010:onca:459	2010 ONCA 459
3:neutral:2010:onca:463	2010 ONCA 463
3:neutral:2010:onca:466	2010 ONCA 466
3:neutral:2010:onca:467	2010 ONCA 467
3:neutral:2010:onca:468	2010 ONCA 468
3:neutral:2010:onca:469	2010 ONCA 469
3:neutral:2010:onca:47	2010 ONCA 47
3:neutral:2010:onca:470	2010 ONCA 470
3:neutral:2010:onca:471	2010 ONCA 471
3:neutral:2010:onca:473	2010 ONCA 473
3:neutral:2010:onca:478	2010 ONCA 478
3:neutral:2010:onca:488	2010 ONCA 488
3:neutral:2010:onca:491	2010 ONCA 491
3:neutral:2010:onca:501	2010 ONCA 501
3:neutral:2010:onca:514	2010 ONCA 514
3:neutral:2010:onca:516	2010 ONCA 516
3:neutral:2010:onca:529	2010 ONCA 529
3:neutral:2010:onca:537	2010 ONCA 537
3:neutral:2010:onca:542	2010 ONCA 542
3:neutral:2010:onca:543	2010 ONCA 543
3:neutral:2010:onca:544	2010 ONCA 544
3:neutral:2010:onca:545	2010 ONCA 545
3:neutral:2010:onca:547	2010 ONCA 547
3:neutral:2010:onca:548	2010 ONCA 548
3:neutral:2010:onca:553	2010 ONCA 553
3:neutral:2010:onca:554	2010 ONCA 554
3:neutral:2010:onca:556	2010 ONCA 556
3:neutral:2010:onca:557	2010 ONCA 557
3:neutral:2010:onca:559	2010 ONCA 559
3:neutral:2010:onca:56	2010 ONCA 56
3:neutral:2010:onca:560	2010 ONCA 560
3:neutral:2010:onca:563	2010 ONCA 563
3:neutral:2010:onca:564	2010 ONCA 564
3:neutral:2010:onca:565	2010 ONCA 565
3:neutral:2010:onca:570	2010 ONCA 570
3:neutral:2010:onca:574	2010 ONCA 574
3:neutral:2010:onca:575	2010 ONCA 575
3:neutral:2010:onca:576	2010 ONCA 576
3:neutral:2010:onca:577	2010 ONCA 577
3:neutral:2010:onca:582	2010 ONCA 582
3:neutral:2010:onca:588	2010 ONCA 588
3:neutral:2010:onca:593	2010 ONCA 593
3:neutral:2010:onca:596	2010 ONCA 596
3:neutral:2010:onca:598	2010 ONCA 598
3:neutral:2010:onca:61	2010 ONCA 61
3:neutral:2010:onca:615	2010 ONCA 615
3:neutral:2010:onca:625	2010 ONCA 625
3:neutral:2010:onca:63	2010 ONCA 63
3:neutral:2010:onca:633	2010 ONCA 633
3:neutral:2010:onca:634	2010 ONCA 634
3:neutral:2010:onca:637	2010 ONCA 637
3:neutral:2010:onca:643	2010 ONCA 643
3:neutral:2010:onca:646	2010 ONCA 646
3:neutral:2010:onca:654	2010 ONCA 654
3:neutral:2010:onca:656	2010 ONCA 656
3:neutral:2010:onca:657	2010 ONCA 657
3:neutral:2010:onca:670	2010 ONCA 670
3:neutral:2010:onca:672	2010 ONCA 672
3:neutral:2010:onca:673	2010 ONCA 673
3:neutral:2010:onca:675	2010 ONCA 675
3:neutral:2010:onca:679	2010 ONCA 679
3:neutral:2010:onca:689	2010 ONCA 689
3:neutral:2010:onca:696	2010 ONCA 696
3:neutral:2010:onca:706	2010 ONCA 706
3:neutral:2010:onca:709	2010 ONCA 709
3:neutral:2010:onca:71	2010 ONCA 71
3:neutral:2010:onca:714	2010 ONCA 714
3:neutral:2010:onca:718	2010 ONCA 718
3:neutral:2010:onca:722	2010 ONCA 722
3:neutral:2010:onca:724	2010 ONCA 724
3:neutral:2010:onca:726	2010 ONCA 726
3:neutral:2010:onca:736	2010 ONCA 736
3:neutral:2010:onca:742	2010 ONCA 742
3:neutral:2010:onca:745	2010 ONCA 745
3:neutral:2010:onca:751	2010 ONCA 751
3:neutral:2010:onca:752	2010 ONCA 752
3:neutral:2010:onca:754	2010 ONCA 754
3:neutral:2010:onca:756	2010 ONCA 756
3:neutral:2010:onca:765	2010 ONCA 765
3:neutral:2010:onca:77	2010 ONCA 77
3:neutral:2010:onca:798	2010 ONCA 798
3:neutral:2010:onca:808	2010 ONCA 808
3:neutral:2010:onca:810	2010 ONCA 810
3:neutral:2010:onca:814	2010 ONCA 814
3:neutral:2010:onca:817	2010 ONCA 817
3:neutral:2010:onca:819	2010 ONCA 819
3:neutral:2010:onca:825	2010 ONCA 825
3:neutral:2010:onca:83	2010 ONCA 83
3:neutral:2010:onca:830	2010 ONCA 830
3:neutral:2010:onca:835	2010 ONCA 835
3:neutral:2010:onca:838	2010 ONCA 838
3:neutral:2010:onca:84	2010 ONCA 84
3:neutral:2010:onca:843	2010 ONCA 843
3:neutral:2010:onca:850	2010 ONCA 850
3:neutral:2010:onca:856	2010 ONCA 856
3:neutral:2010:onca:857	2010 ONCA 857
3:neutral:2010:onca:858	2010 ONCA 858
3:neutral:2010:onca:859	2010 ONCA 859
3:neutral:2010:onca:860	2010 ONCA 860
3:neutral:2010:onca:861	2010 ONCA 861
3:neutral:2010:onca:862	2010 ONCA 862
3:neutral:2010:onca:867	2010 ONCA 867
3:neutral:2010:onca:87	2010 ONCA 87
3:neutral:2010:onca:872	2010 ONCA 872
3:neutral:2010:onca:874	2010 ONCA 874
3:neutral:2010:onca:879	2010 ONCA 879
3:neutral:2010:onca:881	2010 ONCA 881
3:neutral:2010:onca:882	2010 ONCA 882
3:neutral:2010:onca:887	2010 ONCA 887
3:neutral:2010:onca:89	2010 ONCA 89
3:neutral:2010:onca:890	2010 ONCA 890
3:neutral:2010:onca:891	2010 ONCA 891
3:neutral:2010:onca:894	2010 ONCA 894
3:neutral:2010:onca:898	2010 ONCA 898
3:neutral:2010:onca:899	2010 ONCA 899
3:neutral:2010:onca:900	2010 ONCA 900
3:neutral:2010:onca:901	2010 ONCA 901
3:neutral:2010:onca:902	2010 ONCA 902
3:neutral:2010:onca:903	2010 ONCA 903
3:neutral:2010:onca:92	2010 ONCA 92
3:neutral:2010:onca:93	2010 ONCA 93
3:neutral:2010:onca:96	2010 ONCA 96
3:neutral:2010:scc:10	2010 SCC 10
3:neutral:2010:scc:12	2010 SCC 12
3:neutral:2010:scc:13	2010 SCC 13
3:neutral:2010:scc:16	2010 SCC 16
3:neutral:2010:scc:18	2010 SCC 18
3:neutral:2010:scc:2	2010 SCC 2
3:neutral:2010:scc:21	2010 SCC 21
3:neutral:2010:scc:22	2010 SCC 22
3:neutral:2010:scc:23	2010 SCC 23
3:neutral:2010:scc:27	2010 SCC 27
3:neutral:2010:scc:3	2010 SCC 3
3:neutral:2010:scc:31	2010 SCC 31
3:neutral:2010:scc:32	2010 SCC 32
3:neutral:2010:scc:33	2010 SCC 33
3:neutral:2010:scc:4	2010 SCC 4
3:neutral:2010:scc:52	2010 SCC 52
3:neutral:2010:scc:53	2010 SCC 53
3:neutral:2010:scc:56	2010 SCC 56
3:neutral:2010:scc:6	2010 SCC 6
3:neutral:2010:scc:61	2010 SCC 61
3:neutral:2010:scc:62	2010 SCC 62
3:neutral:2010:scc:67	2010 SCC 67
3:neutral:2010:scc:7	2010 SCC 7
3:neutral:2010:scc:8	2010 SCC 8
3:neutral:2010:tcc:100	2010 TCC 100
3:neutral:2010:tcc:106	2010 TCC 106
3:neutral:2010:tcc:111	2010 TCC 111
3:neutral:2010:tcc:117	2010 TCC 117
3:neutral:2010:tcc:142	2010 TCC 142
3:neutral:2010:tcc:144	2010 TCC 144
3:neutral:2010:tcc:147	2010 TCC 147
3:neutral:2010:tcc:16	2010 TCC 16
3:neutral:2010:tcc:162	2010 TCC 162
3:neutral:2010:tcc:166	2010 TCC 166
3:neutral:2010:tcc:171	2010 TCC 171
3:neutral:2010:tcc:177	2010 TCC 177
3:neutral:2010:tcc:197	2010 TCC 197
3:neutral:2010:tcc:198	2010 TCC 198
3:neutral:2010:tcc:209	2010 TCC 209
3:neutral:2010:tcc:228	2010 TCC 228
3:neutral:2010:tcc:231	2010 TCC 231
3:neutral:2010:tcc:236	2010 TCC 236
3:neutral:2010:tcc:237	2010 TCC 237
3:neutral:2010:tcc:24	2010 TCC 24
3:neutral:2010:tcc:246	2010 TCC 246
3:neutral:2010:tcc:25	2010 TCC 25
3:neutral:2010:tcc:251	2010 TCC 251
3:neutral:2010:tcc:253	2010 TCC 253
3:neutral:2010:tcc:267	2010 TCC 267
3:neutral:2010:tcc:295	2010 TCC 295
3:neutral:2010:tcc:310	2010 TCC 310
3:neutral:2010:tcc:317	2010 TCC 317
3:neutral:2010:tcc:321	2010 TCC 321
3:neutral:2010:tcc:323	2010 TCC 323
3:neutral:2010:tcc:326	2010 TCC 326
3:neutral:2010:tcc:346	2010 TCC 346
3:neutral:2010:tcc:367	2010 TCC 367
3:neutral:2010:tcc:384	2010 TCC 384
3:neutral:2010:tcc:389	2010 TCC 389
3:neutral:2010:tcc:39	2010 TCC 39
3:neutral:2010:tcc:392	2010 TCC 392
3:neutral:2010:tcc:406	2010 TCC 406
3:neutral:2010:tcc:408	2010 TCC 408
3:neutral:2010:tcc:409	2010 TCC 409
3:neutral:2010:tcc:416	2010 TCC 416
3:neutral:2010:tcc:429	2010 TCC 429
3:neutral:2010:tcc:444	2010 TCC 444
3:neutral:2010:tcc:448	2010 TCC 448
3:neutral:2010:tcc:45	2010 TCC 45
3:neutral:2010:tcc:468	2010 TCC 468
3:neutral:2010:tcc:476	2010 TCC 476
3:neutral:2010:tcc:483	2010 TCC 483
3:neutral:2010:tcc:490	2010 TCC 490
3:neutral:2010:tcc:525	2010 TCC 525
3:neutral:2010:tcc:532	2010 TCC 532
3:neutral:2010:tcc:543	2010 TCC 543
3:neutral:2010:tcc:57	2010 TCC 57
3:neutral:2010:tcc:572	2010 TCC 572
3:neutral:2010:tcc:576	2010 TCC 576
3:neutral:2010:tcc:581	2010 TCC 581
3:neutral:2010:tcc:593	2010 TCC 593
3:neutral:2010:tcc:607	2010 TCC 607
3:neutral:2010:tcc:636	2010 TCC 636
3:neutral:2010:tcc:637	2010 TCC 637
3:neutral:2010:tcc:644	2010 TCC 644
3:neutral:2010:tcc:649	2010 TCC 649
3:neutral:2010:tcc:651	2010 TCC 651
3:neutral:2010:tcc:658	2010 TCC 658
3:neutral:2010:tcc:67	2010 TCC 67
3:neutral:2010:tcc:84	2010 TCC 84
3:neutral:2010:tcc:94	2010 TCC 94
3:neutral:2010:tcc:99	2010 TCC 99
3:neutral:2011:bcsc:1043	2011 BCSC 1043
3:neutral:2011:bcsc:1067	2011 BCSC 1067
3:neutral:2011:bcsc:1070	2011 BCSC 1070
3:neutral:2011:bcsc:1072	2011 BCSC 1072
3:neutral:2011:bcsc:1137	2011 BCSC 1137
3:neutral:2011:bcsc:1151	2011 BCSC 1151
3:neutral:2011:bcsc:1174	2011 BCSC 1174
3:neutral:2011:bcsc:1196	2011 BCSC 1196
3:neutral:2011:bcsc:1210	2011 BCSC 1210
3:neutral:2011:bcsc:1254	2011 BCSC 1254
3:neutral:2011:bcsc:1270	2011 BCSC 1270
3:neutral:2011:bcsc:1284	2011 BCSC 1284
3:neutral:2011:bcsc:1310	2011 BCSC 1310
3:neutral:2011:bcsc:1344	2011 BCSC 1344
3:neutral:2011:bcsc:136	2011 BCSC 136
3:neutral:2011:bcsc:1397	2011 BCSC 1397
3:neutral:2011:bcsc:1489	2011 BCSC 1489
3:neutral:2011:bcsc:154	2011 BCSC 154
3:neutral:2011:bcsc:1557	2011 BCSC 1557
3:neutral:2011:bcsc:1588	2011 BCSC 1588
3:neutral:2011:bcsc:1591	2011 BCSC 1591
3:neutral:2011:bcsc:1633	2011 BCSC 1633
3:neutral:2011:bcsc:1639	2011 BCSC 1639
3:neutral:2011:bcsc:165	2011 BCSC 165
3:neutral:2011:bcsc:1671	2011 BCSC 1671
3:neutral:2011:bcsc:1783	2011 BCSC 1783
3:neutral:2011:bcsc:224	2011 BCSC 224
3:neutral:2011:bcsc:230	2011 BCSC 230
3:neutral:2011:bcsc:266	2011 BCSC 266
3:neutral:2011:bcsc:333	2011 BCSC 333
3:neutral:2011:bcsc:36	2011 BCSC 36
3:neutral:2011:bcsc:360	2011 BCSC 360
3:neutral:2011:bcsc:364	2011 BCSC 364
3:neutral:2011:bcsc:388	2011 BCSC 388
3:neutral:2011:bcsc:40	2011 BCSC 40
3:neutral:2011:bcsc:409	2011 BCSC 409
3:neutral:2011:bcsc:437	2011 BCSC 437
3:neutral:2011:bcsc:448	2011 BCSC 448
3:neutral:2011:bcsc:537	2011 BCSC 537
3:neutral:2011:bcsc:548	2011 BCSC 548
3:neutral:2011:bcsc:569	2011 BCSC 569
3:neutral:2011:bcsc:577	2011 BCSC 577
3:neutral:2011:bcsc:578	2011 BCSC 578
3:neutral:2011:bcsc:597	2011 BCSC 597
3:neutral:2011:bcsc:612	2011 BCSC 612
3:neutral:2011:bcsc:620	2011 BCSC 620
3:neutral:2011:bcsc:628	2011 BCSC 628
3:neutral:2011:bcsc:662	2011 BCSC 662
3:neutral:2011:bcsc:713	2011 BCSC 713
3:neutral:2011:bcsc:747	2011 BCSC 747
3:neutral:2011:bcsc:832	2011 BCSC 832
3:neutral:2011:bcsc:895	2011 BCSC 895
3:neutral:2011:bcsc:914	2011 BCSC 914
3:neutral:2011:bcsc:942	2011 BCSC 942
3:neutral:2011:bcsc:943	2011 BCSC 943
3:neutral:2011:cmac:2	2011 CMAC 2
3:neutral:2011:fc:100	2011 FC 100
3:neutral:2011:fc:1006	2011 FC 1006
3:neutral:2011:fc:101	2011 FC 101
3:neutral:2011:fc:1013	2011 FC 1013
3:neutral:2011:fc:102	2011 FC 102
3:neutral:2011:fc:1023	2011 FC 1023
3:neutral:2011:fc:1024	2011 FC 1024
3:neutral:2011:fc:1032	2011 FC 1032
3:neutral:2011:fc:1056	2011 FC 1056
3:neutral:2011:fc:1061	2011 FC 1061
3:neutral:2011:fc:1070	2011 FC 1070
3:neutral:2011:fc:1075	2011 FC 1075
3:neutral:2011:fc:1093	2011 FC 1093
3:neutral:2011:fc:1095	2011 FC 1095
3:neutral:2011:fc:110	2011 FC 110
3:neutral:2011:fc:1102	2011 FC 1102
3:neutral:2011:fc:1103	2011 FC 1103
3:neutral:2011:fc:1106	2011 FC 1106
3:neutral:2011:fc:111	2011 FC 111
3:neutral:2011:fc:112	2011 FC 112
3:neutral:2011:fc:1126	2011 FC 1126
3:neutral:2011:fc:1135	2011 FC 1135
3:neutral:2011:fc:1139	2011 FC 1139
3:neutral:2011:fc:1151	2011 FC 1151
3:neutral:2011:fc:1155	2011 FC 1155
3:neutral:2011:fc:1169	2011 FC 1169
3:neutral:2011:fc:1201	2011 FC 1201
3:neutral:2011:fc:1210	2011 FC 1210
3:neutral:2011:fc:1211	2011 FC 1211
3:neutral:2011:fc:1212	2011 FC 1212
3:neutral:2011:fc:1214	2011 FC 1214
3:neutral:2011:fc:122	2011 FC 122
3:neutral:2011:fc:1244	2011 FC 1244
3:neutral:2011:fc:1247	2011 FC 1247
3:neutral:2011:fc:1269	2011 FC 1269
3:neutral:2011:fc:1277	2011 FC 1277
3:neutral:2011:fc:1285	2011 FC 1285
3:neutral:2011:fc:1288	2011 FC 1288
3:neutral:2011:fc:1308	2011 FC 1308
3:neutral:2011:fc:1309	2011 FC 1309
3:neutral:2011:fc:1315	2011 FC 1315
3:neutral:2011:fc:1319	2011 FC 1319
3:neutral:2011:fc:1322	2011 FC 1322
3:neutral:2011:fc:1323	2011 FC 1323
3:neutral:2011:fc:1365	2011 FC 1365
3:neutral:2011:fc:1373	2011 FC 1373
3:neutral:2011:fc:1390	2011 FC 1390
3:neutral:2011:fc:1392	2011 FC 1392
3:neutral:2011:fc:1398	2011 FC 1398
3:neutral:2011:fc:14	2011 FC 14
3:neutral:2011:fc:1433	2011 FC 1433
3:neutral:2011:fc:1435	2011 FC 1435
3:neutral:2011:fc:1441	2011 FC 1441
3:neutral:2011:fc:1456	2011 FC 1456
3:neutral:2011:fc:1459	2011 FC 1459
3:neutral:2011:fc:1476	2011 FC 1476
3:neutral:2011:fc:1485	2011 FC 1485
3:neutral:2011:fc:1486	2011 FC 1486
3:neutral:2011:fc:1508	2011 FC 1508
3:neutral:2011:fc:1509	2011 FC 1509
3:neutral:2011:fc:164	2011 FC 164
3:neutral:2011:fc:173	2011 FC 173
3:neutral:2011:fc:174	2011 FC 174
3:neutral:2011:fc:175	2011 FC 175
3:neutral:2011:fc:179	2011 FC 179
3:neutral:2011:fc:19	2011 FC 19
3:neutral:2011:fc:210	2011 FC 210
3:neutral:2011:fc:224	2011 FC 224
3:neutral:2011:fc:230	2011 FC 230
3:neutral:2011:fc:239	2011 FC 239
3:neutral:2011:fc:256	2011 FC 256
3:neutral:2011:fc:263	2011 FC 263
3:neutral:2011:fc:273	2011 FC 273
3:neutral:2011:fc:278	2011 FC 278
3:neutral:2011:fc:285	2011 FC 285
3:neutral:2011:fc:29	2011 FC 29
3:neutral:2011:fc:292	2011 FC 292
3:neutral:2011:fc:331	2011 FC 331
3:neutral:2011:fc:336	2011 FC 336
3:neutral:2011:fc:340	2011 FC 340
3:neutral:2011:fc:351	2011 FC 351
3:neutral:2011:fc:354	2011 FC 354
3:neutral:2011:fc:355	2011 FC 355
3:neutral:2011:fc:371	2011 FC 371
3:neutral:2011:fc:39	2011 FC 39
3:neutral:2011:fc:392	2011 FC 392
3:neutral:2011:fc:415	2011 FC 415
3:neutral:2011:fc:416	2011 FC 416
3:neutral:2011:fc:423	2011 FC 423
3:neutral:2011:fc:426	2011 FC 426
3:neutral:2011:fc:428	2011 FC 428
3:neutral:2011:fc:43	2011 FC 43
3:neutral:2011:fc:433	2011 FC 433
3:neutral:2011:fc:441	2011 FC 441
3:neutral:2011:fc:444	2011 FC 444
3:neutral:2011:fc:448	2011 FC 448
3:neutral:2011:fc:46	2011 FC 46
3:neutral:2011:fc:462	2011 FC 462
3:neutral:2011:fc:467	2011 FC 467
3:neutral:2011:fc:480	2011 FC 480
3:neutral:2011:fc:482	2011 FC 482
3:neutral:2011:fc:494	2011 FC 494
3:neutral:2011:fc:507	2011 FC 507
3:neutral:2011:fc:516	2011 FC 516
3:neutral:2011:fc:519	2011 FC 519
3:neutral:2011:fc:52	2011 FC 52
3:neutral:2011:fc:547	2011 FC 547
3:neutral:2011:fc:556	2011 FC 556
3:neutral:2011:fc:57	2011 FC 57
3:neutral:2011:fc:575	2011 FC 575
3:neutral:2011:fc:583	2011 FC 583
3:neutral:2011:fc:59	2011 FC 59
3:neutral:2011:fc:62	2011 FC 62
3:neutral:2011:fc:63	2011 FC 63
3:neutral:2011:fc:632	2011 FC 632
3:neutral:2011:fc:634	2011 FC 634
3:neutral:2011:fc:640	2011 FC 640
3:neutral:2011:fc:641	2011 FC 641
3:neutral:2011:fc:649	2011 FC 649
3:neutral:2011:fc:664	2011 FC 664
3:neutral:2011:fc:681	2011 FC 681
3:neutral:2011:fc:687	2011 FC 687
3:neutral:2011:fc:689	2011 FC 689
3:neutral:2011:fc:70	2011 FC 70
3:neutral:2011:fc:709	2011 FC 709
3:neutral:2011:fc:71	2011 FC 71
3:neutral:2011:fc:717	2011 FC 717
3:neutral:2011:fc:721	2011 FC 721
3:neutral:2011:fc:728	2011 FC 728
3:neutral:2011:fc:735	2011 FC 735
3:neutral:2011:fc:75	2011 FC 75
3:neutral:2011:fc:771	2011 FC 771
3:neutral:2011:fc:772	2011 FC 772
3:neutral:2011:fc:776	2011 FC 776
3:neutral:2011:fc:784	2011 FC 784
3:neutral:2011:fc:798	2011 FC 798
3:neutral:2011:fc:816	2011 FC 816
3:neutral:2011:fc:818	2011 FC 818
3:neutral:2011:fc:832	2011 FC 832
3:neutral:2011:fc:84	2011 FC 84
3:neutral:2011:fc:858	2011 FC 858
3:neutral:2011:fc:86	2011 FC 86
3:neutral:2011:fc:876	2011 FC 876
3:neutral:2011:fc:877	2011 FC 877
3:neutral:2011:fc:886	2011 FC 886
3:neutral:2011:fc:910	2011 FC 910
3:neutral:2011:fc:912	2011 FC 912
3:neutral:2011:fc:94	2011 FC 94
3:neutral:2011:fc:954	2011 FC 954
3:neutral:2011:fc:961	2011 FC 961
3:neutral:2011:fc:962	2011 FC 962
3:neutral:2011:fc:97	2011 FC 97
3:neutral:2011:fc:976	2011 FC 976
3:neutral:2011:fc:983	2011 FC 983
3:neutral:2011:fca:1	2011 FCA 1
3:neutral:2011:fca:102	2011 FCA 102
3:neutral:2011:fca:103	2011 FCA 103
3:neutral:2011:fca:104	2011 FCA 104
3:neutral:2011:fca:120	2011 FCA 120
3:neutral:2011:fca:123	2011 FCA 123
3:neutral:2011:fca:13	2011 FCA 13
3:neutral:2011:fca:130	2011 FCA 130
3:neutral:2011:fca:132	2011 FCA 132
3:neutral:2011:fca:135	2011 FCA 135
3:neutral:2011:fca:137	2011 FCA 137
3:neutral:2011:fca:140	2011 FCA 140
3:neutral:2011:fca:142	2011 FCA 142
3:neutral:2011:fca:146	2011 FCA 146
3:neutral:2011:fca:148	2011 FCA 148
3:neutral:2011:fca:149	2011 FCA 149
3:neutral:2011:fca:151	2011 FCA 151
3:neutral:2011:fca:152	2011 FCA 152
3:neutral:2011:fca:153	2011 FCA 153
3:neutral:2011:fca:156	2011 FCA 156
3:neutral:2011:fca:16	2011 FCA 16
3:neutral:2011:fca:17	2011 FCA 17
3:neutral:2011:fca:171	2011 FCA 171
3:neutral:2011:fca:176	2011 FCA 176
3:neutral:2011:fca:179	2011 FCA 179
3:neutral:2011:fca:182	2011 FCA 182
3:neutral:2011:fca:185	2011 FCA 185
3:neutral:2011:fca:186	2011 FCA 186
3:neutral:2011:fca:187	2011 FCA 187
3:neutral:2011:fca:188	2011 FCA 188
3:neutral:2011:fca:190	2011 FCA 190
3:neutral:2011:fca:191	2011 FCA 191
3:neutral:2011:fca:194	2011 FCA 194
3:neutral:2011:fca:198	2011 FCA 198
3:neutral:2011:fca:199	2011 FCA 199
3:neutral:2011:fca:20	2011 FCA 20
3:neutral:2011:fca:201	2011 FCA 201
3:neutral:2011:fca:209	2011 FCA 209
3:neutral:2011:fca:211	2011 FCA 211
3:neutral:2011:fca:213	2011 FCA 213
3:neutral:2011:fca:214	2011 FCA 214
3:neutral:2011:fca:215	2011 FCA 215
3:neutral:2011:fca:22	2011 FCA 22
3:neutral:2011:fca:220	2011 FCA 220
3:neutral:2011:fca:221	2011 FCA 221
3:neutral:2011:fca:223	2011 FCA 223
3:neutral:2011:fca:224	2011 FCA 224
3:neutral:2011:fca:228	2011 FCA 228
3:neutral:2011:fca:232	2011 FCA 232
3:neutral:2011:fca:234	2011 FCA 234
3:neutral:2011:fca:236	2011 FCA 236
3:neutral:2011:fca:237	2011 FCA 237
3:neutral:2011:fca:24	2011 FCA 24
3:neutral:2011:fca:253	2011 FCA 253
3:neutral:2011:fca:254	2011 FCA 254
3:neutral:2011:fca:256	2011 FCA 256
3:neutral:2011:fca:257	2011 FCA 257
3:neutral:2011:fca:263	2011 FCA 263
3:neutral:2011:fca:267	2011 FCA 267
3:neutral:2011:fca:268	2011 FCA 268
3:neutral:2011:fca:27	2011 FCA 27
3:neutral:2011:fca:270	2011 FCA 270
3:neutral:2011:fca:272	2011 FCA 272
3:neutral:2011:fca:273	2011 FCA 273
3:neutral:2011:fca:282	2011 FCA 282
3:neutral:2011:fca:286	2011 FCA 286
3:neutral:2011:fca:291	2011 FCA 291
3:neutral:2011:fca:294	2011 FCA 294
3:neutral:2011:fca:296	2011 FCA 296
3:neutral:2011:fca:297	2011 FCA 297
3:neutral:2011:fca:299	2011 FCA 299
3:neutral:2011:fca:300	2011 FCA 300
3:neutral:2011:fca:302	2011 FCA 302
3:neutral:2011:fca:306	2011 FCA 306
3:neutral:2011:fca:308	2011 FCA 308
3:neutral:2011:fca:310	2011 FCA 310
3:neutral:2011:fca:312	2011 FCA 312
3:neutral:2011:fca:319	2011 FCA 319
3:neutral:2011:fca:32	2011 FCA 32
3:neutral:2011:fca:321	2011 FCA 321
3:neutral:2011:fca:328	2011 FCA 328
3:neutral:2011:fca:329	2011 FCA 329
3:neutral:2011:fca:331	2011 FCA 331
3:neutral:2011:fca:332	2011 FCA 332
3:neutral:2011:fca:336	2011 FCA 336
3:neutral:2011:fca:339	2011 FCA 339
3:neutral:2011:fca:34	2011 FCA 34
3:neutral:2011:fca:346	2011 FCA 346
3:neutral:2011:fca:347	2011 FCA 347
3:neutral:2011:fca:35	2011 FCA 35
3:neutral:2011:fca:352	2011 FCA 352
3:neutral:2011:fca:355	2011 FCA 355
3:neutral:2011:fca:358	2011 FCA 358
3:neutral:2011:fca:360	2011 FCA 360
3:neutral:2011:fca:363	2011 FCA 363
3:neutral:2011:fca:364	2011 FCA 364
3:neutral:2011:fca:37	2011 FCA 37
3:neutral:2011:fca:38	2011 FCA 38
3:neutral:2011:fca:39	2011 FCA 39
3:neutral:2011:fca:4	2011 FCA 4
3:neutral:2011:fca:40	2011 FCA 40
3:neutral:2011:fca:42	2011 FCA 42
3:neutral:2011:fca:46	2011 FCA 46
3:neutral:2011:fca:52	2011 FCA 52
3:neutral:2011:fca:6	2011 FCA 6
3:neutral:2011:fca:64	2011 FCA 64
3:neutral:2011:fca:69	2011 FCA 69
3:neutral:2011:fca:73	2011 FCA 73
3:neutral:2011:fca:74	2011 FCA 74
3:neutral:2011:fca:76	2011 FCA 76
3:neutral:2011:fca:77	2011 FCA 77
3:neutral:2011:fca:79	2011 FCA 79
3:neutral:2011:fca:83	2011 FCA 83
3:neutral:2011:fca:84	2011 FCA 84
3:neutral:2011:fca:86	2011 FCA 86
3:neutral:2011:fca:89	2011 FCA 89
3:neutral:2011:fca:96	2011 FCA 96
3:neutral:2011:fca:98	2011 FCA 98
3:neutral:2011:nsca:100	2011 NSCA 100
3:neutral:2011:nsca:103	2011 NSCA 103
3:neutral:2011:nsca:108	2011 NSCA 108
3:neutral:2011:nsca:11	2011 NSCA 11
3:neutral:2011:nsca:111	2011 NSCA 111
3:neutral:2011:nsca:13	2011 NSCA 13
3:neutral:2011:nsca:26	2011 NSCA 26
3:neutral:2011:nsca:30	2011 NSCA 30
3:neutral:2011:nsca:32	2011 NSCA 32
3:neutral:2011:nsca:47	2011 NSCA 47
3:neutral:2011:nsca:48	2011 NSCA 48
3:neutral:2011:nsca:64	2011 NSCA 64
3:neutral:2011:nsca:7	2011 NSCA 7
3:neutral:2011:nsca:73	2011 NSCA 73
3:neutral:2011:nsca:77	2011 NSCA 77
3:neutral:2011:nsca:86	2011 NSCA 86
3:neutral:2011:nspc:35	2011 NSPC 35
3:neutral:2011:nssc:102	2011 NSSC 102
3:neutral:2011:nssc:126	2011 NSSC 126
3:neutral:2011:nssc:195	2011 NSSC 195
3:neutral:2011:nssc:238	2011 NSSC 238
3:neutral:2011:nssc:284	2011 NSSC 284
3:neutral:2011:nssc:361	2011 NSSC 361
3:neutral:2011:nssc:397	2011 NSSC 397
3:neutral:2011:nssc:4	2011 NSSC 4
3:neutral:2011:onca:1	2011 ONCA 1
3:neutral:2011:onca:102	2011 ONCA 102
3:neutral:2011:onca:104	2011 ONCA 104
3:neutral:2011:onca:105	2011 ONCA 105
3:neutral:2011:onca:108	2011 ONCA 108
3:neutral:2011:onca:110	2011 ONCA 110
3:neutral:2011:onca:112	2011 ONCA 112
3:neutral:2011:onca:113	2011 ONCA 113
3:neutral:2011:onca:118	2011 ONCA 118
3:neutral:2011:onca:120	2011 ONCA 120
3:neutral:2011:onca:124	2011 ONCA 124
3:neutral:2011:onca:125	2011 ONCA 125
3:neutral:2011:onca:127	2011 ONCA 127
3:neutral:2011:onca:128	2011 ONCA 128
3:neutral:2011:onca:13	2011 ONCA 13
3:neutral:2011:onca:130	2011 ONCA 130
3:neutral:2011:onca:138	2011 ONCA 138
3:neutral:2011:onca:142	2011 ONCA 142
3:neutral:2011:onca:147	2011 ONCA 147
3:neutral:2011:onca:150	2011 ONCA 150
3:neutral:2011:onca:153	2011 ONCA 153
3:neutral:2011:onca:155	2011 ONCA 155
3:neutral:2011:onca:16	2011 ONCA 16
3:neutral:2011:onca:160	2011 ONCA 160
3:neutral:2011:onca:17	2011 ONCA 17
3:neutral:2011:onca:173	2011 ONCA 173
3:neutral:2011:onca:178	2011 ONCA 178
3:neutral:2011:onca:181	2011 ONCA 181
3:neutral:2011:onca:182	2011 ONCA 182
3:neutral:2011:onca:187	2011 ONCA 187
3:neutral:2011:onca:188	2011 ONCA 188
3:neutral:2011:onca:190	2011 ONCA 190
3:neutral:2011:onca:191	2011 ONCA 191
3:neutral:2011:onca:192	2011 ONCA 192
3:neutral:2011:onca:194	2011 ONCA 194
3:neutral:2011:onca:209	2011 ONCA 209
3:neutral:2011:onca:218	2011 ONCA 218
3:neutral:2011:onca:220	2011 ONCA 220
3:neutral:2011:onca:225	2011 ONCA 225
3:neutral:2011:onca:227	2011 ONCA 227
3:neutral:2011:onca:228	2011 ONCA 228
3:neutral:2011:onca:229	2011 ONCA 229
3:neutral:2011:onca:232	2011 ONCA 232
3:neutral:2011:onca:233	2011 ONCA 233
3:neutral:2011:onca:24	2011 ONCA 24
3:neutral:2011:onca:243	2011 ONCA 243
3:neutral:2011:onca:244	2011 ONCA 244
3:neutral:2011:onca:248	2011 ONCA 248
3:neutral:2011:onca:251	2011 ONCA 251
3:neutral:2011:onca:252	2011 ONCA 252
3:neutral:2011:onca:257	2011 ONCA 257
3:neutral:2011:onca:259	2011 ONCA 259
3:neutral:2011:onca:264	2011 ONCA 264
3:neutral:2011:onca:266	2011 ONCA 266
3:neutral:2011:onca:27	2011 ONCA 27
3:neutral:2011:onca:274	2011 ONCA 274
3:neutral:2011:onca:283	2011 ONCA 283
3:neutral:2011:onca:287	2011 ONCA 287
3:neutral:2011:onca:288	2011 ONCA 288
3:neutral:2011:onca:289	2011 ONCA 289
3:neutral:2011:onca:292	2011 ONCA 292
3:neutral:2011:onca:294	2011 ONCA 294
3:neutral:2011:onca:298	2011 ONCA 298
3:neutral:2011:onca:3	2011 ONCA 3
3:neutral:2011:onca:30	2011 ONCA 30
3:neutral:2011:onca:300	2011 ONCA 300
3:neutral:2011:onca:303	2011 ONCA 303
3:neutral:2011:onca:309	2011 ONCA 309
3:neutral:2011:onca:321	2011 ONCA 321
3:neutral:2011:onca:325	2011 ONCA 325
3:neutral:2011:onca:328	2011 ONCA 328
3:neutral:2011:onca:329	2011 ONCA 329
3:neutral:2011:onca:33	2011 ONCA 33
3:neutral:2011:onca:333	2011 ONCA 333
3:neutral:2011:onca:336	2011 ONCA 336
3:neutral:2011:onca:341	2011 ONCA 341
3:neutral:2011:onca:343	2011 ONCA 343
3:neutral:2011:onca:344	2011 ONCA 344
3:neutral:2011:onca:347	2011 ONCA 347
3:neutral:2011:onca:349	2011 ONCA 349
3:neutral:2011:onca:350	2011 ONCA 350
3:neutral:2011:onca:352	2011 ONCA 352
3:neutral:2011:onca:358	2011 ONCA 358
3:neutral:2011:onca:359	2011 ONCA 359
3:neutral:2011:onca:363	2011 ONCA 363
3:neutral:2011:onca:364	2011 ONCA 364
3:neutral:2011:onca:368	2011 ONCA 368
3:neutral:2011:onca:373	2011 ONCA 373
3:neutral:2011:onca:377	2011 ONCA 377
3:neutral:2011:onca:378	2011 ONCA 378
3:neutral:2011:onca:39	2011 ONCA 39
3:neutral:2011:onca:395	2011 ONCA 395
3:neutral:2011:onca:397	2011 ONCA 397
3:neutral:2011:onca:399	2011 ONCA 399
3:neutral:2011:onca:4	2011 ONCA 4
3:neutral:2011:onca:405	2011 ONCA 405
3:neutral:2011:onca:409	2011 ONCA 409
3:neutral:2011:onca:414	2011 ONCA 414
3:neutral:2011:onca:417	2011 ONCA 417
3:neutral:2011:onca:418	2011 ONCA 418
3:neutral:2011:onca:419	2011 ONCA 419
3:neutral:2011:onca:42	2011 ONCA 42
3:neutral:2011:onca:429	2011 ONCA 429
3:neutral:2011:onca:43	2011 ONCA 43
3:neutral:2011:onca:432	2011 ONCA 432
3:neutral:2011:onca:440	2011 ONCA 440
3:neutral:2011:onca:445	2011 ONCA 445
3:neutral:2011:onca:455	2011 ONCA 455
3:neutral:2011:onca:457	2011 ONCA 457
3:neutral:2011:onca:460	2011 ONCA 460
3:neutral:2011:onca:465	2011 ONCA 465
3:neutral:2011:onca:466	2011 ONCA 466
3:neutral:2011:onca:467	2011 ONCA 467
3:neutral:2011:onca:469	2011 ONCA 469
3:neutral:2011:onca:47	2011 ONCA 47
3:neutral:2011:onca:470	2011 ONCA 470
3:neutral:2011:onca:471	2011 ONCA 471
3:neutral:2011:onca:476	2011 ONCA 476
3:neutral:2011:onca:482	2011 ONCA 482
3:neutral:2011:onca:483	2011 ONCA 483
3:neutral:2011:onca:484	2011 ONCA 484
3:neutral:2011:onca:486	2011 ONCA 486
3:neutral:2011:onca:487	2011 ONCA 487
3:neutral:2011:onca:491	2011 ONCA 491
3:neutral:2011:onca:493	2011 ONCA 493
3:neutral:2011:onca:494	2011 ONCA 494
3:neutral:2011:onca:497	2011 ONCA 497
3:neutral:2011:onca:5	2011 ONCA 5
3:neutral:2011:onca:504	2011 ONCA 504
3:neutral:2011:onca:509	2011 ONCA 509
3:neutral:2011:onca:51	2011 ONCA 51
3:neutral:2011:onca:511	2011 ONCA 511
3:neutral:2011:onca:522	2011 ONCA 522
3:neutral:2011:onca:525	2011 ONCA 525
3:neutral:2011:onca:526	2011 ONCA 526
3:neutral:2011:onca:527	2011 ONCA 527
3:neutral:2011:onca:533	2011 ONCA 533
3:neutral:2011:onca:534	2011 ONCA 534
3:neutral:2011:onca:535	2011 ONCA 535
3:neutral:2011:onca:536	2011 ONCA 536
3:neutral:2011:onca:54	2011 ONCA 54
3:neutral:2011:onca:543	2011 ONCA 543
3:neutral:2011:onca:545	2011 ONCA 545
3:neutral:2011:onca:546	2011 ONCA 546
3:neutral:2011:onca:548	2011 ONCA 548
3:neutral:2011:onca:55	2011 ONCA 55
3:neutral:2011:onca:551	2011 ONCA 551
3:neutral:2011:onca:557	2011 ONCA 557
3:neutral:2011:onca:560	2011 ONCA 560
3:neutral:2011:onca:561	2011 ONCA 561
3:neutral:2011:onca:564	2011 ONCA 564
3:neutral:2011:onca:566	2011 ONCA 566
3:neutral:2011:onca:567	2011 ONCA 567
3:neutral:2011:onca:569	2011 ONCA 569
3:neutral:2011:onca:57	2011 ONCA 57
3:neutral:2011:onca:577	2011 ONCA 577
3:neutral:2011:onca:578	2011 ONCA 578
3:neutral:2011:onca:579	2011 ONCA 579
3:neutral:2011:onca:58	2011 ONCA 58
3:neutral:2011:onca:581	2011 ONCA 581
3:neutral:2011:onca:582	2011 ONCA 582
3:neutral:2011:onca:584	2011 ONCA 584
3:neutral:2011:onca:589	2011 ONCA 589
3:neutral:2011:onca:592	2011 ONCA 592
3:neutral:2011:onca:597	2011 ONCA 597
3:neutral:2011:onca:602	2011 ONCA 602
3:neutral:2011:onca:605	2011 ONCA 605
3:neutral:2011:onca:609	2011 ONCA 609
3:neutral:2011:onca:610	2011 ONCA 610
3:neutral:2011:onca:612	2011 ONCA 612
3:neutral:2011:onca:616	2011 ONCA 616
3:neutral:2011:onca:618	2011 ONCA 618
3:neutral:2011:onca:620	2011 ONCA 620
3:neutral:2011:onca:621	2011 ONCA 621
3:neutral:2011:onca:622	2011 ONCA 622
3:neutral:2011:onca:623	2011 ONCA 623
3:neutral:2011:onca:624	2011 ONCA 624
3:neutral:2011:onca:628	2011 ONCA 628
3:neutral:2011:onca:632	2011 ONCA 632
3:neutral:2011:onca:64	2011 ONCA 64
3:neutral:2011:onca:644	2011 ONCA 644
3:neutral:2011:onca:645	2011 ONCA 645
3:neutral:2011:onca:646	2011 ONCA 646
3:neutral:2011:onca:647	2011 ONCA 647
3:neutral:2011:onca:649	2011 ONCA 649
3:neutral:2011:onca:650	2011 ONCA 650
3:neutral:2011:onca:654	2011 ONCA 654
3:neutral:2011:onca:658	2011 ONCA 658
3:neutral:2011:onca:663	2011 ONCA 663
3:neutral:2011:onca:665	2011 ONCA 665
3:neutral:2011:onca:667	2011 ONCA 667
3:neutral:2011:onca:67	2011 ONCA 67
3:neutral:2011:onca:683	2011 ONCA 683
3:neutral:2011:onca:687	2011 ONCA 687
3:neutral:2011:onca:693	2011 ONCA 693
3:neutral:2011:onca:696	2011 ONCA 696
3:neutral:2011:onca:705	2011 ONCA 705
3:neutral:2011:onca:713	2011 ONCA 713
3:neutral:2011:onca:714	2011 ONCA 714
3:neutral:2011:onca:716	2011 ONCA 716
3:neutral:2011:onca:72	2011 ONCA 72
3:neutral:2011:onca:728	2011 ONCA 728
3:neutral:2011:onca:753	2011 ONCA 753
3:neutral:2011:onca:757	2011 ONCA 757
3:neutral:2011:onca:76	2011 ONCA 76
3:neutral:2011:onca:761	2011 ONCA 761
3:neutral:2011:onca:764	2011 ONCA 764
3:neutral:2011:onca:766	2011 ONCA 766
3:neutral:2011:onca:776	2011 ONCA 776
3:neutral:2011:onca:778	2011 ONCA 778
3:neutral:2011:onca:779	2011 ONCA 779
3:neutral:2011:onca:782	2011 ONCA 782
3:neutral:2011:onca:783	2011 ONCA 783
3:neutral:2011:onca:789	2011 ONCA 789
3:neutral:2011:onca:791	2011 ONCA 791
3:neutral:2011:onca:793	2011 ONCA 793
3:neutral:2011:onca:803	2011 ONCA 803
3:neutral:2011:onca:808	2011 ONCA 808
3:neutral:2011:onca:812	2011 ONCA 812
3:neutral:2011:onca:817	2011 ONCA 817
3:neutral:2011:onca:82	2011 ONCA 82
3:neutral:2011:onca:823	2011 ONCA 823
3:neutral:2011:onca:826	2011 ONCA 826
3:neutral:2011:onca:839	2011 ONCA 839
3:neutral:2011:onca:840	2011 ONCA 840
3:neutral:2011:onca:89	2011 ONCA 89
3:neutral:2011:scc:1	2011 SCC 1
3:neutral:2011:scc:10	2011 SCC 10
3:neutral:2011:scc:12	2011 SCC 12
3:neutral:2011:scc:13	2011 SCC 13
3:neutral:2011:scc:22	2011 SCC 22
3:neutral:2011:scc:24	2011 SCC 24
3:neutral:2011:scc:25	2011 SCC 25
3:neutral:2011:scc:27	2011 SCC 27
3:neutral:2011:scc:30	2011 SCC 30
3:neutral:2011:scc:38	2011 SCC 38
3:neutral:2011:scc:40	2011 SCC 40
3:neutral:2011:scc:42	2011 SCC 42
3:neutral:2011:scc:44	2011 SCC 44
3:neutral:2011:scc:45	2011 SCC 45
3:neutral:2011:scc:46	2011 SCC 46
3:neutral:2011:scc:48	2011 SCC 48
3:neutral:2011:scc:51	2011 SCC 51
3:neutral:2011:scc:52	2011 SCC 52
3:neutral:2011:scc:53	2011 SCC 53
3:neutral:2011:scc:61	2011 SCC 61
3:neutral:2011:scc:62	2011 SCC 62
3:neutral:2011:scc:63	2011 SCC 63
3:neutral:2011:scc:7	2011 SCC 7
3:neutral:2011:scc:9	2011 SCC 9
3:neutral:2011:tcc:107	2011 TCC 107
3:neutral:2011:tcc:111	2011 TCC 111
3:neutral:2011:tcc:143	2011 TCC 143
3:neutral:2011:tcc:148	2011 TCC 148
3:neutral:2011:tcc:161	2011 TCC 161
3:neutral:2011:tcc:179	2011 TCC 179
3:neutral:2011:tcc:187	2011 TCC 187
3:neutral:2011:tcc:211	2011 TCC 211
3:neutral:2011:tcc:212	2011 TCC 212
3:neutral:2011:tcc:213	2011 TCC 213
3:neutral:2011:tcc:22	2011 TCC 22
3:neutral:2011:tcc:255	2011 TCC 255
3:neutral:2011:tcc:259	2011 TCC 259
3:neutral:2011:tcc:263	2011 TCC 263
3:neutral:2011:tcc:268	2011 TCC 268
3:neutral:2011:tcc:285	2011 TCC 285
3:neutral:2011:tcc:286	2011 TCC 286
3:neutral:2011:tcc:287	2011 TCC 287
3:neutral:2011:tcc:292	2011 TCC 292
3:neutral:2011:tcc:298	2011 TCC 298
3:neutral:2011:tcc:299	2011 TCC 299
3:neutral:2011:tcc:316	2011 TCC 316
3:neutral:2011:tcc:325	2011 TCC 325
3:neutral:2011:tcc:364	2011 TCC 364
3:neutral:2011:tcc:37	2011 TCC 37
3:neutral:2011:tcc:371	2011 TCC 371
3:neutral:2011:tcc:39	2011 TCC 39
3:neutral:2011:tcc:393	2011 TCC 393
3:neutral:2011:tcc:409	2011 TCC 409
3:neutral:2011:tcc:41	2011 TCC 41
3:neutral:2011:tcc:425	2011 TCC 425
3:neutral:2011:tcc:435	2011 TCC 435
3:neutral:2011:tcc:437	2011 TCC 437
3:neutral:2011:tcc:438	2011 TCC 438
3:neutral:2011:tcc:440	2011 TCC 440
3:neutral:2011:tcc:497	2011 TCC 497
3:neutral:2011:tcc:507	2011 TCC 507
3:neutral:2011:tcc:519	2011 CCI 519
3:neutral:2011:tcc:520	2011 TCC 520
3:neutral:2011:tcc:523	2011 TCC 523
3:neutral:2011:tcc:53	2011 TCC 53
3:neutral:2011:tcc:536	2011 TCC 536
3:neutral:2011:tcc:539	2011 TCC 539
3:neutral:2011:tcc:550	2011 TCC 550
3:neutral:2011:tcc:555	2011 TCC 555
3:neutral:2011:tcc:569	2011 TCC 569
3:neutral:2011:tcc:75	2011 TCC 75
3:neutral:2011:tcc:84	2011 TCC 84
3:neutral:2012:bcca:1	2012 BCCA 1
3:neutral:2012:bcca:105	2012 BCCA 105
3:neutral:2012:bcca:107	2012 BCCA 107
3:neutral:2012:bcca:109	2012 BCCA 109
3:neutral:2012:bcca:110	2012 BCCA 110
3:neutral:2012:bcca:115	2012 BCCA 115
3:neutral:2012:bcca:122	2012 BCCA 122
3:neutral:2012:bcca:127	2012 BCCA 127
3:neutral:2012:bcca:129	2012 BCCA 129
3:neutral:2012:bcca:13	2012 BCCA 13
3:neutral:2012:bcca:131	2012 BCCA 131
3:neutral:2012:bcca:144	2012 BCCA 144
3:neutral:2012:bcca:145	2012 BCCA 145
3:neutral:2012:bcca:146	2012 BCCA 146
3:neutral:2012:bcca:153	2012 BCCA 153
3:neutral:2012:bcca:154	2012 BCCA 154
3:neutral:2012:bcca:155	2012 BCCA 155
3:neutral:2012:bcca:161	2012 BCCA 161
3:neutral:2012:bcca:168	2012 BCCA 168
3:neutral:2012:bcca:172	2012 BCCA 172
3:neutral:2012:bcca:189	2012 BCCA 189
3:neutral:2012:bcca:190	2012 BCCA 190
3:neutral:2012:bcca:196	2012 BCCA 196
3:neutral:2012:bcca:198	2012 BCCA 198
3:neutral:2012:bcca:212	2012 BCCA 212
3:neutral:2012:bcca:216	2012 BCCA 216
3:neutral:2012:bcca:217	2012 BCCA 217
3:neutral:2012:bcca:220	2012 BCCA 220
3:neutral:2012:bcca:242	2012 BCCA 242
3:neutral:2012:bcca:243	2012 BCCA 243
3:neutral:2012:bcca:244	2012 BCCA 244
3:neutral:2012:bcca:248	2012 BCCA 248
3:neutral:2012:bcca:25	2012 BCCA 25
3:neutral:2012:bcca:254	2012 BCCA 254
3:neutral:2012:bcca:257	2012 BCCA 257
3:neutral:2012:bcca:260	2012 BCCA 260
3:neutral:2012:bcca:272	2012 BCCA 272
3:neutral:2012:bcca:274	2012 BCCA 274
3:neutral:2012:bcca:275	2012 BCCA 275
3:neutral:2012:bcca:278	2012 BCCA 278
3:neutral:2012:bcca:281	2012 BCCA 281
3:neutral:2012:bcca:282	2012 BCCA 282
3:neutral:2012:bcca:285	2012 BCCA 285
3:neutral:2012:bcca:286	2012 BCCA 286
3:neutral:2012:bcca:290	2012 BCCA 290
3:neutral:2012:bcca:291	2012 BCCA 291
3:neutral:2012:bcca:293	2012 BCCA 293
3:neutral:2012:bcca:296	2012 BCCA 296
3:neutral:2012:bcca:30	2012 BCCA 30
3:neutral:2012:bcca:310	2012 BCCA 310
3:neutral:2012:bcca:316	2012 BCCA 316
3:neutral:2012:bcca:329	2012 BCCA 329
3:neutral:2012:bcca:333	2012 BCCA 333
3:neutral:2012:bcca:340	2012 BCCA 340
3:neutral:2012:bcca:345	2012 BCCA 345
3:neutral:2012:bcca:359	2012 BCCA 359
3:neutral:2012:bcca:366	2012 BCCA 366
3:neutral:2012:bcca:367	2012 BCCA 367
3:neutral:2012:bcca:373	2012 BCCA 373
3:neutral:2012:bcca:374	2012 BCCA 374
3:neutral:2012:bcca:375	2012 BCCA 375
3:neutral:2012:bcca:377	2012 BCCA 377
3:neutral:2012:bcca:379	2012 BCCA 379
3:neutral:2012:bcca:396	2012 BCCA 396
3:neutral:2012:bcca:397	2012 BCCA 397
3:neutral:2012:bcca:4	2012 BCCA 4
3:neutral:2012:bcca:407	2012 BCCA 407
3:neutral:2012:bcca:419	2012 BCCA 419
3:neutral:2012:bcca:425	2012 BCCA 425
3:neutral:2012:bcca:435	2012 BCCA 435
3:neutral:2012:bcca:436	2012 BCCA 436
3:neutral:2012:bcca:44	2012 BCCA 44
3:neutral:2012:bcca:449	2012 BCCA 449
3:neutral:2012:bcca:454	2012 BCCA 454
3:neutral:2012:bcca:456	2012 BCCA 456
3:neutral:2012:bcca:467	2012 BCCA 467
3:neutral:2012:bcca:472	2012 BCCA 472
3:neutral:2012:bcca:480	2012 BCCA 480
3:neutral:2012:bcca:504	2012 BCCA 504
3:neutral:2012:bcca:508	2012 BCCA 508
3:neutral:2012:bcca:512	2012 BCCA 512
3:neutral:2012:bcca:517	2012 BCCA 517
3:neutral:2012:bcca:57	2012 BCCA 57
3:neutral:2012:bcca:59	2012 BCCA 59
3:neutral:2012:bcca:63	2012 BCCA 63
3:neutral:2012:bcca:66	2012 BCCA 66
3:neutral:2012:bcca:69	2012 BCCA 69
3:neutral:2012:bcca:7	2012 BCCA 7
3:neutral:2012:bcca:70	2012 BCCA 70
3:neutral:2012:bcca:73	2012 BCCA 73
3:neutral:2012:bcca:75	2012 BCCA 75
3:neutral:2012:bcca:76	2012 BCCA 76
3:neutral:2012:bcca:77	2012 BCCA 77
3:neutral:2012:bcca:8	2012 BCCA 8
3:neutral:2012:bcca:81	2012 BCCA 81
3:neutral:2012:bcca:83	2012 BCCA 83
3:neutral:2012:bcca:85	2012 BCCA 85
3:neutral:2012:bcca:86	2012 BCCA 86
3:neutral:2012:bcca:9	2012 BCCA 9
3:neutral:2012:bcca:91	2012 BCCA 91
3:neutral:2012:bcsc:1022	2012 BCSC 1022
3:neutral:2012:bcsc:1078	2012 BCSC 1078
3:neutral:2012:bcsc:1247	2012 BCSC 1247
3:neutral:2012:bcsc:132	2012 BCSC 132
3:neutral:2012:bcsc:133	2012 BCSC 133
3:neutral:2012:bcsc:1475	2012 BCSC 1475
3:neutral:2012:bcsc:1588	2012 BCSC 1588
3:neutral:2012:bcsc:1769	2012 BCSC 1769
3:neutral:2012:bcsc:1817	2012 BCSC 1817
3:neutral:2012:bcsc:1937	2012 BCSC 1937
3:neutral:2012:bcsc:319	2012 BCSC 319
3:neutral:2012:bcsc:415	2012 BCSC 415
3:neutral:2012:bcsc:431	2012 BCSC 431
3:neutral:2012:bcsc:441	2012 BCSC 441
3:neutral:2012:bcsc:597	2012 BCSC 597
3:neutral:2012:bcsc:677	2012 BCSC 677
3:neutral:2012:bcsc:68	2012 BCSC 68
3:neutral:2012:bcsc:748	2012 BCSC 748
3:neutral:2012:bcsc:886	2012 BCSC 886
3:neutral:2012:bcsc:9	2012 BCSC 9
3:neutral:2012:bcsc:944	2012 BCSC 944
3:neutral:2012:bcsc:99	2012 BCSC 99
3:neutral:2012:cmac:3	2012 CMAC 3
3:neutral:2012:fc:1023	2012 FC 1023
3:neutral:2012:fc:1024	2012 FC 1024
3:neutral:2012:fc:1025	2012 FC 1025
3:neutral:2012:fc:1027	2012 FC 1027
3:neutral:2012:fc:1036	2012 FC 1036
3:neutral:2012:fc:1048	2012 FC 1048
3:neutral:2012:fc:105	2012 FC 105
3:neutral:2012:fc:1051	2012 FC 1051
3:neutral:2012:fc:1060	2012 FC 1060
3:neutral:2012:fc:1084	2012 FC 1084
3:neutral:2012:fc:1085	2012 FC 1085
3:neutral:2012:fc:1086	2012 FC 1086
3:neutral:2012:fc:1095	2012 FC 1095
3:neutral:2012:fc:1100	2012 FC 1100
3:neutral:2012:fc:1117	2012 FC 1117
3:neutral:2012:fc:1128	2012 FC 1128
3:neutral:2012:fc:113	2012 FC 113
3:neutral:2012:fc:1133	2012 FC 1133
3:neutral:2012:fc:1142	2012 FC 1142
3:neutral:2012:fc:1153	2012 FC 1153
3:neutral:2012:fc:1155	2012 FC 1155
3:neutral:2012:fc:1160	2012 FC 1160
3:neutral:2012:fc:1167	2012 FC 1167
3:neutral:2012:fc:1190	2012 FC 1190
3:neutral:2012:fc:1220	2012 FC 1220
3:neutral:2012:fc:1235	2012 FC 1235
3:neutral:2012:fc:1237	2012 FC 1237
3:neutral:2012:fc:1262	2012 FC 1262
3:neutral:2012:fc:1263	2012 FC 1263
3:neutral:2012:fc:1282	2012 FC 1282
3:neutral:2012:fc:1283	2012 FC 1283
3:neutral:2012:fc:1291	2012 FC 1291
3:neutral:2012:fc:1295	2012 FC 1295
3:neutral:2012:fc:1301	2012 FC 1301
3:neutral:2012:fc:1326	2012 FC 1326
3:neutral:2012:fc:1334	2012 FC 1334
3:neutral:2012:fc:1336	2012 FC 1336
3:neutral:2012:fc:1346	2012 FC 1346
3:neutral:2012:fc:1379	2012 FC 1379
3:neutral:2012:fc:1382	2012 FC 1382
3:neutral:2012:fc:1389	2012 FC 1389
3:neutral:2012:fc:1391	2012 FC 1391
3:neutral:2012:fc:1398	2012 FC 1398
3:neutral:2012:fc:1411	2012 FC 1411
3:neutral:2012:fc:1417	2012 FC 1417
3:neutral:2012:fc:1437	2012 FC 1437
3:neutral:2012:fc:144	2012 FC 144
3:neutral:2012:fc:1442	2012 FC 1442
3:neutral:2012:fc:1461	2012 FC 1461
3:neutral:2012:fc:1466	2012 FC 1466
3:neutral:2012:fc:1469	2012 FC 1469
3:neutral:2012:fc:1471	2012 FC 1471
3:neutral:2012:fc:1476	2012 FC 1476
3:neutral:2012:fc:1515	2012 FC 1515
3:neutral:2012:fc:1520	2012 FC 1520
3:neutral:2012:fc:1522	2012 FC 1522
3:neutral:2012:fc:1530	2012 FC 1530
3:neutral:2012:fc:1536	2012 FC 1536
3:neutral:2012:fc:1537	2012 FC 1537
3:neutral:2012:fc:1539	2012 FC 1539
3:neutral:2012:fc:154	2012 FC 154
3:neutral:2012:fc:1541	2012 FC 1541
3:neutral:2012:fc:1542	2012 FC 1542
3:neutral:2012:fc:157	2012 FC 157
3:neutral:2012:fc:172	2012 FC 172
3:neutral:2012:fc:176	2012 FC 176
3:neutral:2012:fc:2	2012 FC 2
3:neutral:2012:fc:200	2012 FC 200
3:neutral:2012:fc:204	2012 FC 204
3:neutral:2012:fc:224	2012 FC 224
3:neutral:2012:fc:229	2012 FC 229
3:neutral:2012:fc:23	2012 FC 23
3:neutral:2012:fc:236	2012 FC 236
3:neutral:2012:fc:268	2012 FC 268
3:neutral:2012:fc:272	2012 FC 272
3:neutral:2012:fc:273	2012 FC 273
3:neutral:2012:fc:288	2012 FC 288
3:neutral:2012:fc:290	2012 FC 290
3:neutral:2012:fc:314	2012 FC 314
3:neutral:2012:fc:334	2012 FC 334
3:neutral:2012:fc:362	2012 FC 362
3:neutral:2012:fc:363	2012 FC 363
3:neutral:2012:fc:365	2012 FC 365
3:neutral:2012:fc:385	2012 FC 385
3:neutral:2012:fc:398	2012 FC 398
3:neutral:2012:fc:403	2012 FC 403
3:neutral:2012:fc:404	2012 FC 404
3:neutral:2012:fc:431	2012 FC 431
3:neutral:2012:fc:438	2012 FC 438
3:neutral:2012:fc:445	2012 FC 445
3:neutral:2012:fc:451	2012 FC 451
3:neutral:2012:fc:454	2012 FC 454
3:neutral:2012:fc:457	2012 FC 457
3:neutral:2012:fc:485	2012 FC 485
3:neutral:2012:fc:486	2012 FC 486
3:neutral:2012:fc:488	2012 FC 488
3:neutral:2012:fc:499	2012 FC 499
3:neutral:2012:fc:503	2012 FC 503
3:neutral:2012:fc:504	2012 FC 504
3:neutral:2012:fc:505	2012 FC 505
3:neutral:2012:fc:515	2012 FC 515
3:neutral:2012:fc:517	2012 FC 517
3:neutral:2012:fc:523	2012 FC 523
3:neutral:2012:fc:529	2012 FC 529
3:neutral:2012:fc:537	2012 FC 537
3:neutral:2012:fc:552	2012 FC 552
3:neutral:2012:fc:553	2012 FC 553
3:neutral:2012:fc:556	2012 FC 556
3:neutral:2012:fc:559	2012 FC 559
3:neutral:2012:fc:561	2012 FC 561
3:neutral:2012:fc:564	2012 FC 564
3:neutral:2012:fc:569	2012 FC 569
3:neutral:2012:fc:582	2012 FC 582
3:neutral:2012:fc:590	2012 FC 590
3:neutral:2012:fc:601	2012 FC 601
3:neutral:2012:fc:61	2012 FC 61
3:neutral:2012:fc:620	2012 FC 620
3:neutral:2012:fc:625	2012 FC 625
3:neutral:2012:fc:637	2012 FC 637
3:neutral:2012:fc:641	2012 FC 641
3:neutral:2012:fc:65	2012 FC 65
3:neutral:2012:fc:650	2012 FC 650
3:neutral:2012:fc:655	2012 FC 655
3:neutral:2012:fc:666	2012 FC 666
3:neutral:2012:fc:67	2012 FC 67
3:neutral:2012:fc:670	2012 FC 670
3:neutral:2012:fc:678	2012 FC 678
3:neutral:2012:fc:682	2012 FC 682
3:neutral:2012:fc:689	2012 FC 689
3:neutral:2012:fc:704	2012 FC 704
3:neutral:2012:fc:705	2012 FC 705
3:neutral:2012:fc:708	2012 FC 708
3:neutral:2012:fc:720	2012 FC 720
3:neutral:2012:fc:726	2012 FC 726
3:neutral:2012:fc:733	2012 FC 733
3:neutral:2012:fc:740	2012 FC 740
3:neutral:2012:fc:749	2012 FC 749
3:neutral:2012:fc:75	2012 FC 75
3:neutral:2012:fc:753	2012 FC 753
3:neutral:2012:fc:763	2012 FC 763
3:neutral:2012:fc:767	2012 FC 767
3:neutral:2012:fc:79	2012 FC 79
3:neutral:2012:fc:8	2012 FC 8
3:neutral:2012:fc:802	2012 FC 802
3:neutral:2012:fc:803	2012 FC 803
3:neutral:2012:fc:81	2012 FC 81
3:neutral:2012:fc:813	2012 FC 813
3:neutral:2012:fc:823	2012 FC 823
3:neutral:2012:fc:836	2012 FC 836
3:neutral:2012:fc:843	2012 FC 843
3:neutral:2012:fc:853	2012 FC 853
3:neutral:2012:fc:856	2012 FC 856
3:neutral:2012:fc:857	2012 FC 857
3:neutral:2012:fc:88	2012 FC 88
3:neutral:2012:fc:887	2012 FC 887
3:neutral:2012:fc:893	2012 FC 893
3:neutral:2012:fc:917	2012 FC 917
3:neutral:2012:fc:922	2012 FC 922
3:neutral:2012:fc:927	2012 FC 927
3:neutral:2012:fc:930	2012 FC 930
3:neutral:2012:fc:958	2012 FC 958
3:neutral:2012:fc:971	2012 FC 971
3:neutral:2012:fc:98	2012 FC 98
3:neutral:2012:fc:985	2012 FC 985
3:neutral:2012:fc:993	2012 FC 993
3:neutral:2012:fca:101	2012 FCA 101
3:neutral:2012:fca:103	2012 FCA 103
3:neutral:2012:fca:106	2012 FCA 106
3:neutral:2012:fca:108	2012 FCA 108
3:neutral:2012:fca:109	2012 FCA 109
3:neutral:2012:fca:117	2012 FCA 117
3:neutral:2012:fca:119	2012 FCA 119
3:neutral:2012:fca:12	2012 FCA 12
3:neutral:2012:fca:122	2012 FCA 122
3:neutral:2012:fca:124	2012 FCA 124
3:neutral:2012:fca:126	2012 FCA 126
3:neutral:2012:fca:130	2012 FCA 130
3:neutral:2012:fca:131	2012 FCA 131
3:neutral:2012:fca:132	2012 FCA 132
3:neutral:2012:fca:136	2012 FCA 136
3:neutral:2012:fca:139	2012 FCA 139
3:neutral:2012:fca:14	2012 FCA 14
3:neutral:2012:fca:141	2012 FCA 141
3:neutral:2012:fca:159	2012 FCA 159
3:neutral:2012:fca:16	2012 FCA 16
3:neutral:2012:fca:160	2012 FCA 160
3:neutral:2012:fca:161	2012 FCA 161
3:neutral:2012:fca:165	2012 FCA 165
3:neutral:2012:fca:169	2012 FCA 169
3:neutral:2012:fca:170	2012 FCA 170
3:neutral:2012:fca:175	2012 FCA 175
3:neutral:2012:fca:18	2012 FCA 18
3:neutral:2012:fca:181	2012 FCA 181
3:neutral:2012:fca:192	2012 FCA 192
3:neutral:2012:fca:195	2012 FCA 195
3:neutral:2012:fca:197	2012 FCA 197
3:neutral:2012:fca:199	2012 FCA 199
3:neutral:2012:fca:200	2012 FCA 200
3:neutral:2012:fca:204	2012 FCA 204
3:neutral:2012:fca:207	2012 FCA 207
3:neutral:2012:fca:209	2012 FCA 209
3:neutral:2012:fca:210	2012 FCA 210
3:neutral:2012:fca:212	2012 FCA 212
3:neutral:2012:fca:214	2012 FCA 214
3:neutral:2012:fca:22	2012 FCA 22
3:neutral:2012:fca:221	2012 FCA 221
3:neutral:2012:fca:223	2012 FCA 223
3:neutral:2012:fca:226	2012 FCA 226
3:neutral:2012:fca:227	2012 FCA 227
3:neutral:2012:fca:230	2012 FCA 230
3:neutral:2012:fca:246	2012 FCA 246
3:neutral:2012:fca:250	2012 FCA 250
3:neutral:2012:fca:254	2012 FCA 254
3:neutral:2012:fca:255	2012 FCA 255
3:neutral:2012:fca:258	2012 FCA 258
3:neutral:2012:fca:259	2012 FCA 259
3:neutral:2012:fca:261	2012 FCA 261
3:neutral:2012:fca:266	2012 FCA 266
3:neutral:2012:fca:269	2012 FCA 269
3:neutral:2012:fca:272	2012 FCA 272
3:neutral:2012:fca:278	2012 FCA 278
3:neutral:2012:fca:282	2012 FCA 282
3:neutral:2012:fca:295	2012 FCA 295
3:neutral:2012:fca:3	2012 FCA 3
3:neutral:2012:fca:306	2012 FCA 306
3:neutral:2012:fca:308	2012 FCA 308
3:neutral:2012:fca:312	2012 FCA 312
3:neutral:2012:fca:314	2012 FCA 314
3:neutral:2012:fca:322	2012 FCA 322
3:neutral:2012:fca:324	2012 FCA 324
3:neutral:2012:fca:325	2012 FCA 325
3:neutral:2012:fca:327	2012 FCA 327
3:neutral:2012:fca:330	2012 FCA 330
3:neutral:2012:fca:332	2012 FCA 332
3:neutral:2012:fca:333	2012 FCA 333
3:neutral:2012:fca:36	2012 FCA 36
3:neutral:2012:fca:40	2012 FCA 40
3:neutral:2012:fca:45	2012 FCA 45
3:neutral:2012:fca:48	2012 FCA 48
3:neutral:2012:fca:58	2012 FCA 58
3:neutral:2012:fca:59	2012 FCA 59
3:neutral:2012:fca:60	2012 FCA 60
3:neutral:2012:fca:7	2012 FCA 7
3:neutral:2012:fca:71	2012 FCA 71
3:neutral:2012:fca:73	2012 FCA 73
3:neutral:2012:fca:9	2012 FCA 9
3:neutral:2012:fca:92	2012 FCA 92
3:neutral:2012:fca:94	2012 FCA 94
3:neutral:2012:nsca:1	2012 NSCA 1
3:neutral:2012:nsca:107	2012 NSCA 107
3:neutral:2012:nsca:110	2012 NSCA 110
3:neutral:2012:nsca:31	2012 NSCA 31
3:neutral:2012:nsca:34	2012 NSCA 34
3:neutral:2012:nsca:35	2012 NSCA 35
3:neutral:2012:nsca:43	2012 NSCA 43
3:neutral:2012:nsca:48	2012 NSCA 48
3:neutral:2012:nsca:50	2012 NSCA 50
3:neutral:2012:nsca:54	2012 NSCA 54
3:neutral:2012:nsca:80	2012 NSCA 80
3:neutral:2012:nsca:83	2012 NSCA 83
3:neutral:2012:nsca:97	2012 NSCA 97
3:neutral:2012:nspc:27	2012 NSPC 27
3:neutral:2012:nspc:64	2012 NSPC 64
3:neutral:2012:nssc:210	2012 NSSC 210
3:neutral:2012:nssc:446	2012 NSSC 446
3:neutral:2012:nssc:45	2012 NSSC 45
3:neutral:2012:nssc:67	2012 NSSC 67
3:neutral:2012:onca:10	2012 ONCA 10
3:neutral:2012:onca:107	2012 ONCA 107
3:neutral:2012:onca:108	2012 ONCA 108
3:neutral:2012:onca:112	2012 ONCA 112
3:neutral:2012:onca:115	2012 ONCA 115
3:neutral:2012:onca:116	2012 ONCA 116
3:neutral:2012:onca:117	2012 ONCA 117
3:neutral:2012:onca:120	2012 ONCA 120
3:neutral:2012:onca:121	2012 ONCA 121
3:neutral:2012:onca:123	2012 ONCA 123
3:neutral:2012:onca:124	2012 ONCA 124
3:neutral:2012:onca:125	2012 ONCA 125
3:neutral:2012:onca:134	2012 ONCA 134
3:neutral:2012:onca:135	2012 ONCA 135
3:neutral:2012:onca:138	2012 ONCA 138
3:neutral:2012:onca:140	2012 ONCA 140
3:neutral:2012:onca:152	2012 ONCA 152
3:neutral:2012:onca:155	2012 ONCA 155
3:neutral:2012:onca:156	2012 ONCA 156
3:neutral:2012:onca:162	2012 ONCA 162
3:neutral:2012:onca:17	2012 ONCA 17
3:neutral:2012:onca:173	2012 ONCA 173
3:neutral:2012:onca:175	2012 ONCA 175
3:neutral:2012:onca:177	2012 ONCA 177
3:neutral:2012:onca:18	2012 ONCA 18
3:neutral:2012:onca:181	2012 ONCA 181
3:neutral:2012:onca:185	2012 ONCA 185
3:neutral:2012:onca:186	2012 ONCA 186
3:neutral:2012:onca:200	2012 ONCA 200
3:neutral:2012:onca:206	2012 ONCA 206
3:neutral:2012:onca:208	2012 ONCA 208
3:neutral:2012:onca:210	2012 ONCA 210
3:neutral:2012:onca:211	2012 ONCA 211
3:neutral:2012:onca:212	2012 ONCA 212
3:neutral:2012:onca:218	2012 ONCA 218
3:neutral:2012:onca:225	2012 ONCA 225
3:neutral:2012:onca:235	2012 ONCA 235
3:neutral:2012:onca:239	2012 ONCA 239
3:neutral:2012:onca:240	2012 ONCA 240
3:neutral:2012:onca:244	2012 ONCA 244
3:neutral:2012:onca:245	2012 ONCA 245
3:neutral:2012:onca:249	2012 ONCA 249
3:neutral:2012:onca:25	2012 ONCA 25
3:neutral:2012:onca:254	2012 ONCA 254
3:neutral:2012:onca:256	2012 ONCA 256
3:neutral:2012:onca:26	2012 ONCA 26
3:neutral:2012:onca:261	2012 ONCA 261
3:neutral:2012:onca:263	2012 ONCA 263
3:neutral:2012:onca:266	2012 ONCA 266
3:neutral:2012:onca:273	2012 ONCA 273
3:neutral:2012:onca:280	2012 ONCA 280
3:neutral:2012:onca:289	2012 ONCA 289
3:neutral:2012:onca:291	2012 ONCA 291
3:neutral:2012:onca:292	2012 ONCA 292
3:neutral:2012:onca:296	2012 ONCA 296
3:neutral:2012:onca:297	2012 ONCA 297
3:neutral:2012:onca:305	2012 ONCA 305
3:neutral:2012:onca:31	2012 ONCA 31
3:neutral:2012:onca:32	2012 ONCA 32
3:neutral:2012:onca:322	2012 ONCA 322
3:neutral:2012:onca:324	2012 ONCA 324
3:neutral:2012:onca:325	2012 ONCA 325
3:neutral:2012:onca:326	2012 ONCA 326
3:neutral:2012:onca:329	2012 ONCA 329
3:neutral:2012:onca:334	2012 ONCA 334
3:neutral:2012:onca:338	2012 ONCA 338
3:neutral:2012:onca:339	2012 ONCA 339
3:neutral:2012:onca:341	2012 ONCA 341
3:neutral:2012:onca:342	2012 ONCA 342
3:neutral:2012:onca:349	2012 ONCA 349
3:neutral:2012:onca:35	2012 ONCA 35
3:neutral:2012:onca:350	2012 ONCA 350
3:neutral:2012:onca:356	2012 ONCA 356
3:neutral:2012:onca:360	2012 ONCA 360
3:neutral:2012:onca:361	2012 ONCA 361
3:neutral:2012:onca:363	2012 ONCA 363
3:neutral:2012:onca:365	2012 ONCA 365
3:neutral:2012:onca:373	2012 ONCA 373
3:neutral:2012:onca:379	2012 ONCA 379
3:neutral:2012:onca:380	2012 ONCA 380
3:neutral:2012:onca:381	2012 ONCA 381
3:neutral:2012:onca:383	2012 ONCA 383
3:neutral:2012:onca:384	2012 ONCA 384
3:neutral:2012:onca:386	2012 ONCA 386
3:neutral:2012:onca:387	2012 ONCA 387
3:neutral:2012:onca:388	2012 ONCA 388
3:neutral:2012:onca:393	2012 ONCA 393
3:neutral:2012:onca:399	2012 ONCA 399
3:neutral:2012:onca:404	2012 ONCA 404
3:neutral:2012:onca:407	2012 ONCA 407
3:neutral:2012:onca:409	2012 ONCA 409
3:neutral:2012:onca:41	2012 ONCA 41
3:neutral:2012:onca:410	2012 ONCA 410
3:neutral:2012:onca:412	2012 ONCA 412
3:neutral:2012:onca:417	2012 ONCA 417
3:neutral:2012:onca:418	2012 ONCA 418
3:neutral:2012:onca:420	2012 ONCA 420
3:neutral:2012:onca:425	2012 ONCA 425
3:neutral:2012:onca:426	2012 ONCA 426
3:neutral:2012:onca:428	2012 ONCA 428
3:neutral:2012:onca:429	2012 ONCA 429
3:neutral:2012:onca:431	2012 ONCA 431
3:neutral:2012:onca:433	2012 ONCA 433
3:neutral:2012:onca:443	2012 ONCA 443
3:neutral:2012:onca:444	2012 ONCA 444
3:neutral:2012:onca:445	2012 ONCA 445
3:neutral:2012:onca:45	2012 ONCA 45
3:neutral:2012:onca:459	2012 ONCA 459
3:neutral:2012:onca:461	2012 ONCA 461
3:neutral:2012:onca:462	2012 ONCA 462
3:neutral:2012:onca:468	2012 ONCA 468
3:neutral:2012:onca:47	2012 ONCA 47
3:neutral:2012:onca:471	2012 ONCA 471
3:neutral:2012:onca:478	2012 ONCA 478
3:neutral:2012:onca:479	2012 ONCA 479
3:neutral:2012:onca:480	2012 ONCA 480
3:neutral:2012:onca:486	2012 ONCA 486
3:neutral:2012:onca:487	2012 ONCA 487
3:neutral:2012:onca:496	2012 ONCA 496
3:neutral:2012:onca:502	2012 ONCA 502
3:neutral:2012:onca:503	2012 ONCA 503
3:neutral:2012:onca:506	2012 ONCA 506
3:neutral:2012:onca:508	2012 ONCA 508
3:neutral:2012:onca:510	2012 ONCA 510
3:neutral:2012:onca:511	2012 ONCA 511
3:neutral:2012:onca:512	2012 ONCA 512
3:neutral:2012:onca:516	2012 ONCA 516
3:neutral:2012:onca:519	2012 ONCA 519
3:neutral:2012:onca:520	2012 ONCA 520
3:neutral:2012:onca:523	2012 ONCA 523
3:neutral:2012:onca:524	2012 ONCA 524
3:neutral:2012:onca:525	2012 ONCA 525
3:neutral:2012:onca:530	2012 ONCA 530
3:neutral:2012:onca:532	2012 ONCA 532
3:neutral:2012:onca:537	2012 ONCA 537
3:neutral:2012:onca:538	2012 ONCA 538
3:neutral:2012:onca:54	2012 ONCA 54
3:neutral:2012:onca:541	2012 ONCA 541
3:neutral:2012:onca:544	2012 ONCA 544
3:neutral:2012:onca:55	2012 ONCA 55
3:neutral:2012:onca:552	2012 ONCA 552
3:neutral:2012:onca:560	2012 ONCA 560
3:neutral:2012:onca:561	2012 ONCA 561
3:neutral:2012:onca:565	2012 ONCA 565
3:neutral:2012:onca:566	2012 ONCA 566
3:neutral:2012:onca:568	2012 ONCA 568
3:neutral:2012:onca:569	2012 ONCA 569
3:neutral:2012:onca:570	2012 ONCA 570
3:neutral:2012:onca:573	2012 ONCA 573
3:neutral:2012:onca:580	2012 ONCA 580
3:neutral:2012:onca:581	2012 ONCA 581
3:neutral:2012:onca:585	2012 ONCA 585
3:neutral:2012:onca:586	2012 ONCA 586
3:neutral:2012:onca:590	2012 ONCA 590
3:neutral:2012:onca:591	2012 ONCA 591
3:neutral:2012:onca:592	2012 ONCA 592
3:neutral:2012:onca:597	2012 ONCA 597
3:neutral:2012:onca:60	2012 ONCA 60
3:neutral:2012:onca:607	2012 ONCA 607
3:neutral:2012:onca:622	2012 ONCA 622
3:neutral:2012:onca:63	2012 ONCA 63
3:neutral:2012:onca:642	2012 ONCA 642
3:neutral:2012:onca:65	2012 ONCA 65
3:neutral:2012:onca:650	2012 ONCA 650
3:neutral:2012:onca:655	2012 ONCA 655
3:neutral:2012:onca:657	2012 ONCA 657
3:neutral:2012:onca:66	2012 ONCA 66
3:neutral:2012:onca:660	2012 ONCA 660
3:neutral:2012:onca:664	2012 ONCA 664
3:neutral:2012:onca:668	2012 ONCA 668
3:neutral:2012:onca:670	2012 ONCA 670
3:neutral:2012:onca:671	2012 ONCA 671
3:neutral:2012:onca:673	2012 ONCA 673
3:neutral:2012:onca:680	2012 ONCA 680
3:neutral:2012:onca:683	2012 ONCA 683
3:neutral:2012:onca:684	2012 ONCA 684
3:neutral:2012:onca:693	2012 ONCA 693
3:neutral:2012:onca:697	2012 ONCA 697
3:neutral:2012:onca:701	2012 ONCA 701
3:neutral:2012:onca:705	2012 ONCA 705
3:neutral:2012:onca:706	2012 ONCA 706
3:neutral:2012:onca:707	2012 ONCA 707
3:neutral:2012:onca:709	2012 ONCA 709
3:neutral:2012:onca:711	2012 ONCA 711
3:neutral:2012:onca:716	2012 ONCA 716
3:neutral:2012:onca:717	2012 ONCA 717
3:neutral:2012:onca:718	2012 ONCA 718
3:neutral:2012:onca:727	2012 ONCA 727
3:neutral:2012:onca:730	2012 ONCA 730
3:neutral:2012:onca:731	2012 ONCA 731
3:neutral:2012:onca:743	2012 ONCA 743
3:neutral:2012:onca:745	2012 ONCA 745
3:neutral:2012:onca:747	2012 ONCA 747
3:neutral:2012:onca:751	2012 ONCA 751
3:neutral:2012:onca:756	2012 ONCA 756
3:neutral:2012:onca:766	2012 ONCA 766
3:neutral:2012:onca:77	2012 ONCA 77
3:neutral:2012:onca:773	2012 ONCA 773
3:neutral:2012:onca:774	2012 ONCA 774
3:neutral:2012:onca:776	2012 ONCA 776
3:neutral:2012:onca:780	2012 ONCA 780
3:neutral:2012:onca:783	2012 ONCA 783
3:neutral:2012:onca:784	2012 ONCA 784
3:neutral:2012:onca:795	2012 ONCA 795
3:neutral:2012:onca:797	2012 ONCA 797
3:neutral:2012:onca:798	2012 ONCA 798
3:neutral:2012:onca:806	2012 ONCA 806
3:neutral:2012:onca:809	2012 ONCA 809
3:neutral:2012:onca:81	2012 ONCA 81
3:neutral:2012:onca:811	2012 ONCA 811
3:neutral:2012:onca:816	2012 ONCA 816
3:neutral:2012:onca:82	2012 ONCA 82
3:neutral:2012:onca:836	2012 ONCA 836
3:neutral:2012:onca:837	2012 ONCA 837
3:neutral:2012:onca:838	2012 ONCA 838
3:neutral:2012:onca:841	2012 ONCA 841
3:neutral:2012:onca:850	2012 ONCA 850
3:neutral:2012:onca:851	2012 ONCA 851
3:neutral:2012:onca:852	2012 ONCA 852
3:neutral:2012:onca:854	2012 ONCA 854
3:neutral:2012:onca:862	2012 ONCA 862
3:neutral:2012:onca:864	2012 ONCA 864
3:neutral:2012:onca:868	2012 ONCA 868
3:neutral:2012:onca:880	2012 ONCA 880
3:neutral:2012:onca:884	2012 ONCA 884
3:neutral:2012:onca:885	2012 ONCA 885
3:neutral:2012:onca:887	2012 ONCA 887
3:neutral:2012:onca:890	2012 ONCA 890
3:neutral:2012:onca:894	2012 ONCA 894
3:neutral:2012:onca:896	2012 ONCA 896
3:neutral:2012:onca:903	2012 ONCA 903
3:neutral:2012:onca:905	2012 ONCA 905
3:neutral:2012:onca:918	2012 ONCA 918
3:neutral:2012:onca:919	2012 ONCA 919
3:neutral:2012:onca:92	2012 ONCA 92
3:neutral:2012:onca:921	2012 ONCA 921
3:neutral:2012:onca:94	2012 ONCA 94
3:neutral:2012:onca:97	2012 ONCA 97
3:neutral:2012:onca:98	2012 ONCA 98
3:neutral:2012:scc:12	2012 SCC 12
3:neutral:2012:scc:13	2012 SCC 13
3:neutral:2012:scc:16	2012 SCC 16
3:neutral:2012:scc:17	2012 SCC 17
3:neutral:2012:scc:20	2012 SCC 20
3:neutral:2012:scc:22	2012 SCC 22
3:neutral:2012:scc:26	2012 SCC 26
3:neutral:2012:scc:28	2012 SCC 28
3:neutral:2012:scc:3	2012 SCC 3
3:neutral:2012:scc:31	2012 SCC 31
3:neutral:2012:scc:32	2012 SCC 32
3:neutral:2012:scc:34	2012 SCC 34
3:neutral:2012:scc:35	2012 SCC 35
3:neutral:2012:scc:40	2012 SCC 40
3:neutral:2012:scc:43	2012 SCC 43
3:neutral:2012:scc:44	2012 SCC 44
3:neutral:2012:scc:45	2012 SCC 45
3:neutral:2012:scc:47	2012 SCC 47
3:neutral:2012:scc:5	2012 SCC 5
3:neutral:2012:scc:53	2012 SCC 53
3:neutral:2012:scc:55	2012 SCC 55
3:neutral:2012:scc:57	2012 SCC 57
3:neutral:2012:scc:59	2012 SCC 59
3:neutral:2012:scc:60	2012 SCC 60
3:neutral:2012:scc:61	2012 SCC 61
3:neutral:2012:scc:65	2012 SCC 65
3:neutral:2012:scc:69	2012 SCC 69
3:neutral:2012:scc:70	2012 SCC 70
3:neutral:2012:scc:72	2012 SCC 72
3:neutral:2012:scc:73	2012 SCC 73
3:neutral:2012:scc:75	2012 SCC 75
3:neutral:2012:tcc:115	2012 TCC 115
3:neutral:2012:tcc:118	2012 TCC 118
3:neutral:2012:tcc:181	2012 TCC 181
3:neutral:2012:tcc:187	2012 TCC 187
3:neutral:2012:tcc:202	2012 TCC 202
3:neutral:2012:tcc:212	2012 TCC 212
3:neutral:2012:tcc:240	2012 TCC 240
3:neutral:2012:tcc:251	2012 TCC 251
3:neutral:2012:tcc:255	2012 TCC 255
3:neutral:2012:tcc:261	2012 TCC 261
3:neutral:2012:tcc:262	2012 TCC 262
3:neutral:2012:tcc:273	2012 TCC 273
3:neutral:2012:tcc:287	2012 TCC 287
3:neutral:2012:tcc:3	2012 TCC 3
3:neutral:2012:tcc:301	2012 TCC 301
3:neutral:2012:tcc:305	2012 TCC 305
3:neutral:2012:tcc:327	2012 TCC 327
3:neutral:2012:tcc:329	2012 TCC 329
3:neutral:2012:tcc:332	2012 TCC 332
3:neutral:2012:tcc:352	2012 TCC 352
3:neutral:2012:tcc:360	2012 TCC 360
3:neutral:2012:tcc:371	2012 TCC 371
3:neutral:2012:tcc:376	2012 TCC 376
3:neutral:2012:tcc:390	2012 TCC 390
3:neutral:2012:tcc:394	2012 TCC 394
3:neutral:2012:tcc:46	2012 TCC 46
3:neutral:2012:tcc:54	2012 TCC 54
3:neutral:2012:tcc:57	2012 TCC 57
3:neutral:2012:tcc:78	2012 TCC 78
3:neutral:2012:tcc:80	2012 TCC 80
3:neutral:2012:tcc:81	2012 TCC 81
3:neutral:2012:tcc:91	2012 TCC 91
3:neutral:2012:ykca:14	2012 YKCA 14
3:neutral:2013:bcca:102	2013 BCCA 102
3:neutral:2013:bcca:114	2013 BCCA 114
3:neutral:2013:bcca:127	2013 BCCA 127
3:neutral:2013:bcca:131	2013 BCCA 131
3:neutral:2013:bcca:132	2013 BCCA 132
3:neutral:2013:bcca:147	2013 BCCA 147
3:neutral:2013:bcca:149	2013 BCCA 149
3:neutral:2013:bcca:159	2013 BCCA 159
3:neutral:2013:bcca:160	2013 BCCA 160
3:neutral:2013:bcca:163	2013 BCCA 163
3:neutral:2013:bcca:169	2013 BCCA 169
3:neutral:2013:bcca:170	2013 BCCA 170
3:neutral:2013:bcca:173	2013 BCCA 173
3:neutral:2013:bcca:179	2013 BCCA 179
3:neutral:2013:bcca:186	2013 BCCA 186
3:neutral:2013:bcca:188	2013 BCCA 188
3:neutral:2013:bcca:2	2013 BCCA 2
3:neutral:2013:bcca:209	2013 BCCA 209
3:neutral:2013:bcca:214	2013 BCCA 214
3:neutral:2013:bcca:224	2013 BCCA 224
3:neutral:2013:bcca:24	2013 BCCA 24
3:neutral:2013:bcca:244	2013 BCCA 244
3:neutral:2013:bcca:266	2013 BCCA 266
3:neutral:2013:bcca:28	2013 BCCA 28
3:neutral:2013:bcca:280	2013 BCCA 280
3:neutral:2013:bcca:282	2013 BCCA 282
3:neutral:2013:bcca:283	2013 BCCA 283
3:neutral:2013:bcca:284	2013 BCCA 284
3:neutral:2013:bcca:293	2013 BCCA 293
3:neutral:2013:bcca:295	2013 BCCA 295
3:neutral:2013:bcca:299	2013 BCCA 299
3:neutral:2013:bcca:307	2013 BCCA 307
3:neutral:2013:bcca:309	2013 BCCA 309
3:neutral:2013:bcca:31	2013 BCCA 31
3:neutral:2013:bcca:326	2013 BCCA 326
3:neutral:2013:bcca:334	2013 BCCA 334
3:neutral:2013:bcca:339	2013 BCCA 339
3:neutral:2013:bcca:34	2013 BCCA 34
3:neutral:2013:bcca:345	2013 BCCA 345
3:neutral:2013:bcca:352	2013 BCCA 352
3:neutral:2013:bcca:369	2013 BCCA 369
3:neutral:2013:bcca:371	2013 BCCA 371
3:neutral:2013:bcca:379	2013 BCCA 379
3:neutral:2013:bcca:380	2013 BCCA 380
3:neutral:2013:bcca:381	2013 BCCA 381
3:neutral:2013:bcca:389	2013 BCCA 389
3:neutral:2013:bcca:39	2013 BCCA 39
3:neutral:2013:bcca:391	2013 BCCA 391
3:neutral:2013:bcca:393	2013 BCCA 393
3:neutral:2013:bcca:397	2013 BCCA 397
3:neutral:2013:bcca:414	2013 BCCA 414
3:neutral:2013:bcca:42	2013 BCCA 42
3:neutral:2013:bcca:429	2013 BCCA 429
3:neutral:2013:bcca:43	2013 BCCA 43
3:neutral:2013:bcca:435	2013 BCCA 435
3:neutral:2013:bcca:44	2013 BCCA 44
3:neutral:2013:bcca:446	2013 BCCA 446
3:neutral:2013:bcca:449	2013 BCCA 449
3:neutral:2013:bcca:458	2013 BCCA 458
3:neutral:2013:bcca:463	2013 BCCA 463
3:neutral:2013:bcca:470	2013 BCCA 470
3:neutral:2013:bcca:480	2013 BCCA 480
3:neutral:2013:bcca:483	2013 BCCA 483
3:neutral:2013:bcca:49	2013 BCCA 49
3:neutral:2013:bcca:492	2013 BCCA 492
3:neutral:2013:bcca:494	2013 BCCA 494
3:neutral:2013:bcca:499	2013 BCCA 499
3:neutral:2013:bcca:512	2013 BCCA 512
3:neutral:2013:bcca:519	2013 BCCA 519
3:neutral:2013:bcca:52	2013 BCCA 52
3:neutral:2013:bcca:527	2013 BCCA 527
3:neutral:2013:bcca:528	2013 BCCA 528
3:neutral:2013:bcca:536	2013 BCCA 536
3:neutral:2013:bcca:547	2013 BCCA 547
3:neutral:2013:bcca:65	2013 BCCA 65
3:neutral:2013:bcca:76	2013 BCCA 76
3:neutral:2013:bcca:91	2013 BCCA 91
3:neutral:2013:bcca:95	2013 BCCA 95
3:neutral:2013:bcsc:1068	2013 BCSC 1068
3:neutral:2013:bcsc:1079	2013 BCSC 1079
3:neutral:2013:bcsc:119	2013 BCSC 119
3:neutral:2013:bcsc:1204	2013 BCSC 1204
3:neutral:2013:bcsc:1341	2013 BCSC 1341
3:neutral:2013:bcsc:1376	2013 BCSC 1376
3:neutral:2013:bcsc:1585	2013 BCSC 1585
3:neutral:2013:bcsc:1589	2013 BCSC 1589
3:neutral:2013:bcsc:1698	2013 BCSC 1698
3:neutral:2013:bcsc:1833	2013 BCSC 1833
3:neutral:2013:bcsc:2258	2013 BCSC 2258
3:neutral:2013:bcsc:2309	2013 BCSC 2309
3:neutral:2013:bcsc:2331	2013 BCSC 2331
3:neutral:2013:bcsc:2382	2013 BCSC 2382
3:neutral:2013:bcsc:31	2013 BCSC 31
3:neutral:2013:bcsc:462	2013 BCSC 462
3:neutral:2013:bcsc:50	2013 BCSC 50
3:neutral:2013:bcsc:636	2013 BCSC 636
3:neutral:2013:bcsc:665	2013 BCSC 665
3:neutral:2013:bcsc:813	2013 BCSC 813
3:neutral:2013:fc:1004	2013 FC 1004
3:neutral:2013:fc:1033	2013 FC 1033
3:neutral:2013:fc:1036	2013 FC 1036
3:neutral:2013:fc:1040	2013 FC 1040
3:neutral:2013:fc:1043	2013 FC 1043
3:neutral:2013:fc:1044	2013 FC 1044
3:neutral:2013:fc:1061	2013 FC 1061
3:neutral:2013:fc:1066	2013 FC 1066
3:neutral:2013:fc:109	2013 FC 109
3:neutral:2013:fc:1096	2013 FC 1096
3:neutral:2013:fc:1103	2013 FC 1103
3:neutral:2013:fc:1108	2013 FC 1108
3:neutral:2013:fc:1116	2013 FC 1116
3:neutral:2013:fc:113	2013 FC 113
3:neutral:2013:fc:1146	2013 FC 1146
3:neutral:2013:fc:115	2013 FC 115
3:neutral:2013:fc:1164	2013 FC 1164
3:neutral:2013:fc:1165	2013 FC 1165
3:neutral:2013:fc:12	2013 FC 12
3:neutral:2013:fc:120	2013 FC 120
3:neutral:2013:fc:1201	2013 FC 1201
3:neutral:2013:fc:1217	2013 FC 1217
3:neutral:2013:fc:1237	2013 FC 1237
3:neutral:2013:fc:125	2013 FC 125
3:neutral:2013:fc:1266	2013 FC 1266
3:neutral:2013:fc:1275	2013 FC 1275
3:neutral:2013:fc:1276	2013 FC 1276
3:neutral:2013:fc:129	2013 FC 129
3:neutral:2013:fc:141	2013 FC 141
3:neutral:2013:fc:147	2013 FC 147
3:neutral:2013:fc:148	2013 FC 148
3:neutral:2013:fc:151	2013 FC 151
3:neutral:2013:fc:155	2013 FC 155
3:neutral:2013:fc:156	2013 FC 156
3:neutral:2013:fc:17	2013 FC 17
3:neutral:2013:fc:184	2013 FC 184
3:neutral:2013:fc:192	2013 FC 192
3:neutral:2013:fc:196	2013 FC 196
3:neutral:2013:fc:244	2013 FC 244
3:neutral:2013:fc:253	2013 FC 253
3:neutral:2013:fc:254	2013 FC 254
3:neutral:2013:fc:258	2013 FC 258
3:neutral:2013:fc:264	2013 FC 264
3:neutral:2013:fc:265	2013 FC 265
3:neutral:2013:fc:273	2013 FC 273
3:neutral:2013:fc:292	2013 FC 292
3:neutral:2013:fc:320	2013 FC 320
3:neutral:2013:fc:341	2013 FC 341
3:neutral:2013:fc:344	2013 FC 344
3:neutral:2013:fc:353	2013 FC 353
3:neutral:2013:fc:359	2013 FC 359
3:neutral:2013:fc:360	2013 FC 360
3:neutral:2013:fc:363	2013 FC 363
3:neutral:2013:fc:370	2013 FC 370
3:neutral:2013:fc:374	2013 FC 374
3:neutral:2013:fc:377	2013 FC 377
3:neutral:2013:fc:380	2013 FC 380
3:neutral:2013:fc:40	2013 FC 40
3:neutral:2013:fc:419	2013 FC 419
3:neutral:2013:fc:421	2013 FC 421
3:neutral:2013:fc:426	2013 FC 426
3:neutral:2013:fc:430	2013 FC 430
3:neutral:2013:fc:431	2013 FC 431
3:neutral:2013:fc:44	2013 FC 44
3:neutral:2013:fc:445	2013 FC 445
3:neutral:2013:fc:449	2013 FC 449
3:neutral:2013:fc:451	2013 FC 451
3:neutral:2013:fc:475	2013 FC 475
3:neutral:2013:fc:496	2013 FC 496
3:neutral:2013:fc:5	2013 FC 5
3:neutral:2013:fc:502	2013 FC 502
3:neutral:2013:fc:512	2013 FC 512
3:neutral:2013:fc:525	2013 FC 525
3:neutral:2013:fc:543	2013 FC 543
3:neutral:2013:fc:570	2013 FC 570
3:neutral:2013:fc:576	2013 FC 576
3:neutral:2013:fc:580	2013 FC 580
3:neutral:2013:fc:59	2013 FC 59
3:neutral:2013:fc:597	2013 FC 597
3:neutral:2013:fc:6	2013 FC 6
3:neutral:2013:fc:600	2013 FC 600
3:neutral:2013:fc:612	2013 FC 612
3:neutral:2013:fc:623	2013 FC 623
3:neutral:2013:fc:627	2013 FC 627
3:neutral:2013:fc:669	2013 FC 669
3:neutral:2013:fc:67	2013 FC 67
3:neutral:2013:fc:674	2013 FC 674
3:neutral:2013:fc:680	2013 FC 680
3:neutral:2013:fc:685	2013 FC 685
3:neutral:2013:fc:686	2013 FC 686
3:neutral:2013:fc:711	2013 FC 711
3:neutral:2013:fc:712	2013 FC 712
3:neutral:2013:fc:718	2013 FC 718
3:neutral:2013:fc:719	2013 FC 719
3:neutral:2013:fc:722	2013 FC 722
3:neutral:2013:fc:724	2013 FC 724
3:neutral:2013:fc:729	2013 FC 729
3:neutral:2013:fc:730	2013 FC 730
3:neutral:2013:fc:733	2013 FC 733
3:neutral:2013:fc:737	2013 FC 737
3:neutral:2013:fc:750	2013 FC 750
3:neutral:2013:fc:751	2013 FC 751
3:neutral:2013:fc:761	2013 FC 761
3:neutral:2013:fc:767	2013 FC 767
3:neutral:2013:fc:793	2013 FC 793
3:neutral:2013:fc:8	2013 FC 8
3:neutral:2013:fc:802	2013 FC 802
3:neutral:2013:fc:811	2013 FC 811
3:neutral:2013:fc:82	2013 FC 82
3:neutral:2013:fc:823	2013 FC 823
3:neutral:2013:fc:832	2013 FC 832
3:neutral:2013:fc:854	2013 FC 854
3:neutral:2013:fc:861	2013 FC 861
3:neutral:2013:fc:870	2013 FC 870
3:neutral:2013:fc:871	2013 FC 871
3:neutral:2013:fc:876	2013 FC 876
3:neutral:2013:fc:883	2013 FC 883
3:neutral:2013:fc:884	2013 FC 884
3:neutral:2013:fc:900	2013 FC 900
3:neutral:2013:fc:913	2013 FC 913
3:neutral:2013:fc:918	2013 FC 918
3:neutral:2013:fc:958	2013 FC 958
3:neutral:2013:fc:967	2013 FC 967
3:neutral:2013:fc:97	2013 FC 97
3:neutral:2013:fc:971	2013 FC 971
3:neutral:2013:fc:972	2013 FC 972
3:neutral:2013:fc:974	2013 FC 974
3:neutral:2013:fc:979	2013 FC 979
3:neutral:2013:fc:98	2013 FC 98
3:neutral:2013:fc:985	2013 FC 985
3:neutral:2013:fc:997	2013 FC 997
3:neutral:2013:fca:104	2013 FCA 104
3:neutral:2013:fca:111	2013 FCA 111
3:neutral:2013:fca:112	2013 FCA 112
3:neutral:2013:fca:114	2013 FCA 114
3:neutral:2013:fca:119	2013 FCA 119
3:neutral:2013:fca:120	2013 FCA 120
3:neutral:2013:fca:122	2013 FCA 122
3:neutral:2013:fca:126	2013 FCA 126
3:neutral:2013:fca:128	2013 FCA 128
3:neutral:2013:fca:13	2013 FCA 13
3:neutral:2013:fca:131	2013 FCA 131
3:neutral:2013:fca:133	2013 FCA 133
3:neutral:2013:fca:134	2013 FCA 134
3:neutral:2013:fca:137	2013 FCA 137
3:neutral:2013:fca:142	2013 FCA 142
3:neutral:2013:fca:147	2013 FCA 147
3:neutral:2013:fca:15	2013 FCA 15
3:neutral:2013:fca:153	2013 FCA 153
3:neutral:2013:fca:157	2013 FCA 157
3:neutral:2013:fca:158	2013 FCA 158
3:neutral:2013:fca:159	2013 FCA 159
3:neutral:2013:fca:16	2013 FCA 16
3:neutral:2013:fca:167	2013 FCA 167
3:neutral:2013:fca:168	2013 FCA 168
3:neutral:2013:fca:171	2013 FCA 171
3:neutral:2013:fca:172	2013 FCA 172
3:neutral:2013:fca:175	2013 FCA 175
3:neutral:2013:fca:178	2013 FCA 178
3:neutral:2013:fca:183	2013 FCA 183
3:neutral:2013:fca:186	2013 FCA 186
3:neutral:2013:fca:190	2013 FCA 190
3:neutral:2013:fca:191	2013 FCA 191
3:neutral:2013:fca:192	2013 FCA 192
3:neutral:2013:fca:196	2013 FCA 196
3:neutral:2013:fca:197	2013 FCA 197
3:neutral:2013:fca:199	2013 FCA 199
3:neutral:2013:fca:20	2013 FCA 20
3:neutral:2013:fca:200	2013 FCA 200
3:neutral:2013:fca:201	2013 FCA 201
3:neutral:2013:fca:217	2013 FCA 217
3:neutral:2013:fca:219	2013 FCA 219
3:neutral:2013:fca:222	2013 FCA 222
3:neutral:2013:fca:223	2013 FCA 223
3:neutral:2013:fca:226	2013 FCA 226
3:neutral:2013:fca:241	2013 FCA 241
3:neutral:2013:fca:242	2013 FCA 242
3:neutral:2013:fca:244	2013 FCA 244
3:neutral:2013:fca:245	2013 FCA 245
3:neutral:2013:fca:250	2013 FCA 250
3:neutral:2013:fca:258	2013 FCA 258
3:neutral:2013:fca:261	2013 FCA 261
3:neutral:2013:fca:262	2013 FCA 262
3:neutral:2013:fca:263	2013 FCA 263
3:neutral:2013:fca:265	2013 FCA 265
3:neutral:2013:fca:269	2013 FCA 269
3:neutral:2013:fca:270	2013 FCA 270
3:neutral:2013:fca:271	2013 FCA 271
3:neutral:2013:fca:28	2013 FCA 28
3:neutral:2013:fca:283	2013 FCA 283
3:neutral:2013:fca:284	2013 FCA 284
3:neutral:2013:fca:285	2013 FCA 285
3:neutral:2013:fca:33	2013 FCA 33
3:neutral:2013:fca:38	2013 FCA 38
3:neutral:2013:fca:39	2013 FCA 39
3:neutral:2013:fca:45	2013 FCA 45
3:neutral:2013:fca:50	2013 FCA 50
3:neutral:2013:fca:55	2013 FCA 55
3:neutral:2013:fca:63	2013 FCA 63
3:neutral:2013:fca:64	2013 FCA 64
3:neutral:2013:fca:65	2013 FCA 65
3:neutral:2013:fca:69	2013 FCA 69
3:neutral:2013:fca:75	2013 FCA 75
3:neutral:2013:fca:77	2013 FCA 77
3:neutral:2013:fca:85	2013 FCA 85
3:neutral:2013:fca:87	2013 FCA 87
3:neutral:2013:fca:88	2013 FCA 88
3:neutral:2013:fca:91	2013 FCA 91
3:neutral:2013:fca:96	2013 FCA 96
3:neutral:2013:nsca:1	2013 NSCA 1
3:neutral:2013:nsca:107	2013 NSCA 107
3:neutral:2013:nsca:109	2013 NSCA 109
3:neutral:2013:nsca:121	2013 NSCA 121
3:neutral:2013:nsca:13	2013 NSCA 13
3:neutral:2013:nsca:48	2013 NSCA 48
3:neutral:2013:nsca:66	2013 NSCA 66
3:neutral:2013:nsca:95	2013 NSCA 95
3:neutral:2013:nsca:99	2013 NSCA 99
3:neutral:2013:nspc:45	2013 NSPC 45
3:neutral:2013:nssc:306	2013 NSSC 306
3:neutral:2013:nssc:328	2013 NSSC 328
3:neutral:2013:nssc:332	2013 NSSC 332
3:neutral:2013:nssc:416	2013 NSSC 416
3:neutral:2013:onca:106	2013 ONCA 106
3:neutral:2013:onca:109	2013 ONCA 109
3:neutral:2013:onca:11	2013 ONCA 11
3:neutral:2013:onca:111	2013 ONCA 111
3:neutral:2013:onca:112	2013 ONCA 112
3:neutral:2013:onca:117	2013 ONCA 117
3:neutral:2013:onca:118	2013 ONCA 118
3:neutral:2013:onca:121	2013 ONCA 121
3:neutral:2013:onca:131	2013 ONCA 131
3:neutral:2013:onca:138	2013 ONCA 138
3:neutral:2013:onca:139	2013 ONCA 139
3:neutral:2013:onca:140	2013 ONCA 140
3:neutral:2013:onca:141	2013 ONCA 141
3:neutral:2013:onca:143	2013 ONCA 143
3:neutral:2013:onca:147	2013 ONCA 147
3:neutral:2013:onca:148	2013 ONCA 148
3:neutral:2013:onca:157	2013 ONCA 157
3:neutral:2013:onca:158	2013 ONCA 158
3:neutral:2013:onca:165	2013 ONCA 165
3:neutral:2013:onca:166	2013 ONCA 166
3:neutral:2013:onca:176	2013 ONCA 176
3:neutral:2013:onca:177	2013 ONCA 177
3:neutral:2013:onca:18	2013 ONCA 18
3:neutral:2013:onca:180	2013 ONCA 180
3:neutral:2013:onca:184	2013 ONCA 184
3:neutral:2013:onca:186	2013 ONCA 186
3:neutral:2013:onca:189	2013 ONCA 189
3:neutral:2013:onca:19	2013 ONCA 19
3:neutral:2013:onca:190	2013 ONCA 190
3:neutral:2013:onca:206	2013 ONCA 206
3:neutral:2013:onca:21	2013 ONCA 21
3:neutral:2013:onca:218	2013 ONCA 218
3:neutral:2013:onca:220	2013 ONCA 220
3:neutral:2013:onca:223	2013 ONCA 223
3:neutral:2013:onca:225	2013 ONCA 225
3:neutral:2013:onca:226	2013 ONCA 226
3:neutral:2013:onca:235	2013 ONCA 235
3:neutral:2013:onca:238	2013 ONCA 238
3:neutral:2013:onca:24	2013 ONCA 24
3:neutral:2013:onca:240	2013 ONCA 240
3:neutral:2013:onca:243	2013 ONCA 243
3:neutral:2013:onca:246	2013 ONCA 246
3:neutral:2013:onca:247	2013 ONCA 247
3:neutral:2013:onca:248	2013 ONCA 248
3:neutral:2013:onca:250	2013 ONCA 250
3:neutral:2013:onca:251	2013 ONCA 251
3:neutral:2013:onca:257	2013 ONCA 257
3:neutral:2013:onca:258	2013 ONCA 258
3:neutral:2013:onca:259	2013 ONCA 259
3:neutral:2013:onca:264	2013 ONCA 264
3:neutral:2013:onca:267	2013 ONCA 267
3:neutral:2013:onca:268	2013 ONCA 268
3:neutral:2013:onca:27	2013 ONCA 27
3:neutral:2013:onca:274	2013 ONCA 274
3:neutral:2013:onca:278	2013 ONCA 278
3:neutral:2013:onca:279	2013 ONCA 279
3:neutral:2013:onca:282	2013 ONCA 282
3:neutral:2013:onca:285	2013 ONCA 285
3:neutral:2013:onca:293	2013 ONCA 293
3:neutral:2013:onca:296	2013 ONCA 296
3:neutral:2013:onca:298	2013 ONCA 298
3:neutral:2013:onca:30	2013 ONCA 30
3:neutral:2013:onca:300	2013 ONCA 300
3:neutral:2013:onca:302	2013 ONCA 302
3:neutral:2013:onca:307	2013 ONCA 307
3:neutral:2013:onca:313	2013 ONCA 313
3:neutral:2013:onca:316	2013 ONCA 316
3:neutral:2013:onca:324	2013 ONCA 324
3:neutral:2013:onca:328	2013 ONCA 328
3:neutral:2013:onca:33	2013 ONCA 33
3:neutral:2013:onca:34	2013 ONCA 34
3:neutral:2013:onca:343	2013 ONCA 343
3:neutral:2013:onca:344	2013 ONCA 344
3:neutral:2013:onca:353	2013 ONCA 353
3:neutral:2013:onca:354	2013 ONCA 354
3:neutral:2013:onca:356	2013 ONCA 356
3:neutral:2013:onca:357	2013 ONCA 357
3:neutral:2013:onca:359	2013 ONCA 359
3:neutral:2013:onca:36	2013 ONCA 36
3:neutral:2013:onca:360	2013 ONCA 360
3:neutral:2013:onca:361	2013 ONCA 361
3:neutral:2013:onca:375	2013 ONCA 375
3:neutral:2013:onca:378	2013 ONCA 378
3:neutral:2013:onca:380	2013 ONCA 380
3:neutral:2013:onca:381	2013 ONCA 381
3:neutral:2013:onca:382	2013 ONCA 382
3:neutral:2013:onca:385	2013 ONCA 385
3:neutral:2013:onca:388	2013 ONCA 388
3:neutral:2013:onca:389	2013 ONCA 389
3:neutral:2013:onca:395	2013 ONCA 395
3:neutral:2013:onca:396	2013 ONCA 396
3:neutral:2013:onca:40	2013 ONCA 40
3:neutral:2013:onca:405	2013 ONCA 405
3:neutral:2013:onca:411	2013 ONCA 411
3:neutral:2013:onca:412	2013 ONCA 412
3:neutral:2013:onca:414	2013 ONCA 414
3:neutral:2013:onca:415	2013 ONCA 415
3:neutral:2013:onca:416	2013 ONCA 416
3:neutral:2013:onca:417	2013 ONCA 417
3:neutral:2013:onca:427	2013 ONCA 427
3:neutral:2013:onca:433	2013 ONCA 433
3:neutral:2013:onca:436	2013 ONCA 436
3:neutral:2013:onca:44	2013 ONCA 44
3:neutral:2013:onca:441	2013 ONCA 441
3:neutral:2013:onca:442	2013 ONCA 442
3:neutral:2013:onca:445	2013 ONCA 445
3:neutral:2013:onca:447	2013 ONCA 447
3:neutral:2013:onca:449	2013 ONCA 449
3:neutral:2013:onca:455	2013 ONCA 455
3:neutral:2013:onca:467	2013 ONCA 467
3:neutral:2013:onca:475	2013 ONCA 475
3:neutral:2013:onca:476	2013 ONCA 476
3:neutral:2013:onca:478	2013 ONCA 478
3:neutral:2013:onca:479	2013 ONCA 479
3:neutral:2013:onca:482	2013 ONCA 482
3:neutral:2013:onca:483	2013 ONCA 483
3:neutral:2013:onca:485	2013 ONCA 485
3:neutral:2013:onca:491	2013 ONCA 491
3:neutral:2013:onca:494	2013 ONCA 494
3:neutral:2013:onca:496	2013 ONCA 496
3:neutral:2013:onca:499	2013 ONCA 499
3:neutral:2013:onca:500	2013 ONCA 500
3:neutral:2013:onca:501	2013 ONCA 501
3:neutral:2013:onca:502	2013 ONCA 502
3:neutral:2013:onca:506	2013 ONCA 506
3:neutral:2013:onca:510	2013 ONCA 510
3:neutral:2013:onca:511	2013 ONCA 511
3:neutral:2013:onca:512	2013 ONCA 512
3:neutral:2013:onca:514	2013 ONCA 514
3:neutral:2013:onca:515	2013 ONCA 515
3:neutral:2013:onca:516	2013 ONCA 516
3:neutral:2013:onca:517	2013 ONCA 517
3:neutral:2013:onca:520	2013 ONCA 520
3:neutral:2013:onca:526	2013 ONCA 526
3:neutral:2013:onca:53	2013 ONCA 53
3:neutral:2013:onca:530	2013 ONCA 530
3:neutral:2013:onca:539	2013 ONCA 539
3:neutral:2013:onca:540	2013 ONCA 540
3:neutral:2013:onca:541	2013 ONCA 541
3:neutral:2013:onca:543	2013 ONCA 543
3:neutral:2013:onca:547	2013 ONCA 547
3:neutral:2013:onca:550	2013 ONCA 550
3:neutral:2013:onca:551	2013 ONCA 551
3:neutral:2013:onca:557	2013 ONCA 557
3:neutral:2013:onca:566	2013 ONCA 566
3:neutral:2013:onca:578	2013 ONCA 578
3:neutral:2013:onca:579	2013 ONCA 579
3:neutral:2013:onca:581	2013 ONCA 581
3:neutral:2013:onca:585	2013 ONCA 585
3:neutral:2013:onca:586	2013 ONCA 586
3:neutral:2013:onca:593	2013 ONCA 593
3:neutral:2013:onca:598	2013 ONCA 598
3:neutral:2013:onca:599	2013 ONCA 599
3:neutral:2013:onca:600	2013 ONCA 600
3:neutral:2013:onca:601	2013 ONCA 601
3:neutral:2013:onca:614	2013 ONCA 614
3:neutral:2013:onca:618	2013 ONCA 618
3:neutral:2013:onca:619	2013 ONCA 619
3:neutral:2013:onca:627	2013 ONCA 627
3:neutral:2013:onca:631	2013 ONCA 631
3:neutral:2013:onca:632	2013 ONCA 632
3:neutral:2013:onca:633	2013 ONCA 633
3:neutral:2013:onca:64	2013 ONCA 64
3:neutral:2013:onca:641	2013 ONCA 641
3:neutral:2013:onca:647	2013 ONCA 647
3:neutral:2013:onca:650	2013 ONCA 650
3:neutral:2013:onca:653	2013 ONCA 653
3:neutral:2013:onca:657	2013 ONCA 657
3:neutral:2013:onca:661	2013 ONCA 661
3:neutral:2013:onca:663	2013 ONCA 663
3:neutral:2013:onca:669	2013 ONCA 669
3:neutral:2013:onca:673	2013 ONCA 673
3:neutral:2013:onca:677	2013 ONCA 677
3:neutral:2013:onca:678	2013 ONCA 678
3:neutral:2013:onca:679	2013 ONCA 679
3:neutral:2013:onca:68	2013 ONCA 68
3:neutral:2013:onca:680	2013 ONCA 680
3:neutral:2013:onca:681	2013 ONCA 681
3:neutral:2013:onca:682	2013 ONCA 682
3:neutral:2013:onca:683	2013 ONCA 683
3:neutral:2013:onca:691	2013 ONCA 691
3:neutral:2013:onca:694	2013 ONCA 694
3:neutral:2013:onca:7	2013 ONCA 7
3:neutral:2013:onca:70	2013 ONCA 70
3:neutral:2013:onca:707	2013 ONCA 707
3:neutral:2013:onca:713	2013 ONCA 713
3:neutral:2013:onca:715	2013 ONCA 715
3:neutral:2013:onca:717	2013 ONCA 717
3:neutral:2013:onca:72	2013 ONCA 72
3:neutral:2013:onca:720	2013 ONCA 720
3:neutral:2013:onca:722	2013 ONCA 722
3:neutral:2013:onca:724	2013 ONCA 724
3:neutral:2013:onca:725	2013 ONCA 725
3:neutral:2013:onca:729	2013 ONCA 729
3:neutral:2013:onca:733	2013 ONCA 733
3:neutral:2013:onca:734	2013 ONCA 734
3:neutral:2013:onca:739	2013 ONCA 739
3:neutral:2013:onca:740	2013 ONCA 740
3:neutral:2013:onca:742	2013 ONCA 742
3:neutral:2013:onca:744	2013 ONCA 744
3:neutral:2013:onca:745	2013 ONCA 745
3:neutral:2013:onca:747	2013 ONCA 747
3:neutral:2013:onca:75	2013 ONCA 75
3:neutral:2013:onca:750	2013 ONCA 750
3:neutral:2013:onca:753	2013 ONCA 753
3:neutral:2013:onca:758	2013 ONCA 758
3:neutral:2013:onca:761	2013 ONCA 761
3:neutral:2013:onca:765	2013 ONCA 765
3:neutral:2013:onca:768	2013 ONCA 768
3:neutral:2013:onca:769	2013 ONCA 769
3:neutral:2013:onca:772	2013 ONCA 772
3:neutral:2013:onca:773	2013 ONCA 773
3:neutral:2013:onca:780	2013 ONCA 780
3:neutral:2013:onca:781	2013 ONCA 781
3:neutral:2013:onca:782	2013 ONCA 782
3:neutral:2013:onca:787	2013 ONCA 787
3:neutral:2013:onca:788	2013 ONCA 788
3:neutral:2013:onca:791	2013 ONCA 791
3:neutral:2013:onca:80	2013 ONCA 80
3:neutral:2013:onca:81	2013 ONCA 81
3:neutral:2013:onca:89	2013 ONCA 89
3:neutral:2013:onca:9	2013 ONCA 9
3:neutral:2013:onca:91	2013 ONCA 91
3:neutral:2013:onca:92	2013 ONCA 92
3:neutral:2013:onca:95	2013 ONCA 95
3:neutral:2013:scc:12	2013 SCC 12
3:neutral:2013:scc:14	2013 SCC 14
3:neutral:2013:scc:15	2013 SCC 15
3:neutral:2013:scc:19	2013 SCC 19
3:neutral:2013:scc:22	2013 SCC 22
3:neutral:2013:scc:23	2013 SCC 23
3:neutral:2013:scc:26	2013 SCC 26
3:neutral:2013:scc:28	2013 SCC 28
3:neutral:2013:scc:29	2013 SCC 29
3:neutral:2013:scc:30	2013 SCC 30
3:neutral:2013:scc:35	2013 SCC 35
3:neutral:2013:scc:36	2013 SCC 36
3:neutral:2013:scc:37	2013 SCC 37
3:neutral:2013:scc:38	2013 SCC 38
3:neutral:2013:scc:39	2013 SCC 39
3:neutral:2013:scc:40	2013 SCC 40
3:neutral:2013:scc:41	2013 SCC 41
3:neutral:2013:scc:42	2013 SCC 42
3:neutral:2013:scc:43	2013 SCC 43
3:neutral:2013:scc:49	2013 SCC 49
3:neutral:2013:scc:5	2013 SCC 5
3:neutral:2013:scc:50	2013 SCC 50
3:neutral:2013:scc:55	2013 SCC 55
3:neutral:2013:scc:56	2013 SCC 56
3:neutral:2013:scc:57	2013 SCC 57
3:neutral:2013:scc:58	2013 SCC 58
3:neutral:2013:scc:6	2013 SCC 6
3:neutral:2013:scc:60	2013 SCC 60
3:neutral:2013:scc:64	2013 SCC 64
3:neutral:2013:scc:67	2013 SCC 67
3:neutral:2013:scc:69	2013 SCC 69
3:neutral:2013:scc:71	2013 SCC 71
3:neutral:2013:scc:72	2013 SCC 72
3:neutral:2013:scc:9	2013 SCC 9
3:neutral:2013:tcc:107	2013 TCC 107
3:neutral:2013:tcc:11	2013 TCC 11
3:neutral:2013:tcc:12	2013 TCC 12
3:neutral:2013:tcc:123	2013 TCC 123
3:neutral:2013:tcc:132	2013 TCC 132
3:neutral:2013:tcc:135	2013 TCC 135
3:neutral:2013:tcc:140	2013 TCC 140
3:neutral:2013:tcc:143	2013 TCC 143
3:neutral:2013:tcc:176	2013 TCC 176
3:neutral:2013:tcc:221	2013 TCC 221
3:neutral:2013:tcc:230	2013 TCC 230
3:neutral:2013:tcc:232	2013 TCC 232
3:neutral:2013:tcc:235	2013 TCC 235
3:neutral:2013:tcc:265	2013 TCC 265
3:neutral:2013:tcc:267	2013 TCC 267
3:neutral:2013:tcc:275	2013 TCC 275
3:neutral:2013:tcc:297	2013 TCC 297
3:neutral:2013:tcc:310	2013 TCC 310
3:neutral:2013:tcc:318	2013 TCC 318
3:neutral:2013:tcc:322	2013 TCC 322
3:neutral:2013:tcc:339	2013 TCC 339
3:neutral:2013:tcc:354	2013 TCC 354
3:neutral:2013:tcc:362	2013 TCC 362
3:neutral:2013:tcc:378	2013 TCC 378
3:neutral:2013:tcc:380	2013 TCC 380
3:neutral:2013:tcc:404	2013 TCC 404
3:neutral:2013:tcc:405	2013 TCC 405
3:neutral:2013:tcc:43	2013 TCC 43
3:neutral:2013:tcc:74	2013 TCC 74
3:neutral:2013:tcc:86	2013 TCC 86
3:neutral:2013:tcc:96	2013 TCC 96
3:neutral:2013:tcc:98	2013 TCC 98
3:neutral:2013:ykca:15	2013 YKCA 15
3:neutral:2013:ykca:3	2013 YKCA 3
3:neutral:2013:ykca:6	2013 YKCA 6
3:neutral:2014:bcca:1	2014 BCCA 1
3:neutral:2014:bcca:115	2014 BCCA 115
3:neutral:2014:bcca:116	2014 BCCA 116
3:neutral:2014:bcca:117	2014 BCCA 117
3:neutral:2014:bcca:121	2014 BCCA 121
3:neutral:2014:bcca:144	2014 BCCA 144
3:neutral:2014:bcca:145	2014 BCCA 145
3:neutral:2014:bcca:15	2014 BCCA 15
3:neutral:2014:bcca:162	2014 BCCA 162
3:neutral:2014:bcca:163	2014 BCCA 163
3:neutral:2014:bcca:165	2014 BCCA 165
3:neutral:2014:bcca:190	2014 BCCA 190
3:neutral:2014:bcca:192	2014 BCCA 192
3:neutral:2014:bcca:196	2014 BCCA 196
3:neutral:2014:bcca:202	2014 BCCA 202
3:neutral:2014:bcca:222	2014 BCCA 222
3:neutral:2014:bcca:224	2014 BCCA 224
3:neutral:2014:bcca:231	2014 BCCA 231
3:neutral:2014:bcca:237	2014 BCCA 237
3:neutral:2014:bcca:241	2014 BCCA 241
3:neutral:2014:bcca:244	2014 BCCA 244
3:neutral:2014:bcca:248	2014 BCCA 248
3:neutral:2014:bcca:249	2014 BCCA 249
3:neutral:2014:bcca:254	2014 BCCA 254
3:neutral:2014:bcca:283	2014 BCCA 283
3:neutral:2014:bcca:285	2014 BCCA 285
3:neutral:2014:bcca:288	2014 BCCA 288
3:neutral:2014:bcca:30	2014 BCCA 30
3:neutral:2014:bcca:301	2014 BCCA 301
3:neutral:2014:bcca:305	2014 BCCA 305
3:neutral:2014:bcca:309	2014 BCCA 309
3:neutral:2014:bcca:310	2014 BCCA 310
3:neutral:2014:bcca:311	2014 BCCA 311
3:neutral:2014:bcca:319	2014 BCCA 319
3:neutral:2014:bcca:330	2014 BCCA 330
3:neutral:2014:bcca:331	2014 BCCA 331
3:neutral:2014:bcca:34	2014 BCCA 34
3:neutral:2014:bcca:343	2014 BCCA 343
3:neutral:2014:bcca:35	2014 BCCA 35
3:neutral:2014:bcca:350	2014 BCCA 350
3:neutral:2014:bcca:352	2014 BCCA 352
3:neutral:2014:bcca:353	2014 BCCA 353
3:neutral:2014:bcca:36	2014 BCCA 36
3:neutral:2014:bcca:360	2014 BCCA 360
3:neutral:2014:bcca:366	2014 BCCA 366
3:neutral:2014:bcca:369	2014 BCCA 369
3:neutral:2014:bcca:370	2014 BCCA 370
3:neutral:2014:bcca:38	2014 BCCA 38
3:neutral:2014:bcca:380	2014 BCCA 380
3:neutral:2014:bcca:381	2014 BCCA 381
3:neutral:2014:bcca:382	2014 BCCA 382
3:neutral:2014:bcca:388	2014 BCCA 388
3:neutral:2014:bcca:41	2014 BCCA 41
3:neutral:2014:bcca:414	2014 BCCA 414
3:neutral:2014:bcca:42	2014 BCCA 42
3:neutral:2014:bcca:426	2014 BCCA 426
3:neutral:2014:bcca:43	2014 BCCA 43
3:neutral:2014:bcca:432	2014 BCCA 432
3:neutral:2014:bcca:451	2014 BCCA 451
3:neutral:2014:bcca:464	2014 BCCA 464
3:neutral:2014:bcca:471	2014 BCCA 471
3:neutral:2014:bcca:480	2014 BCCA 480
3:neutral:2014:bcca:482	2014 BCCA 482
3:neutral:2014:bcca:483	2014 BCCA 483
3:neutral:2014:bcca:484	2014 BCCA 484
3:neutral:2014:bcca:485	2014 BCCA 485
3:neutral:2014:bcca:493	2014 BCCA 493
3:neutral:2014:bcca:496	2014 BCCA 496
3:neutral:2014:bcca:499	2014 BCCA 499
3:neutral:2014:bcca:501	2014 BCCA 501
3:neutral:2014:bcca:52	2014 BCCA 52
3:neutral:2014:bcca:61	2014 BCCA 61
3:neutral:2014:bcca:63	2014 BCCA 63
3:neutral:2014:bcca:65	2014 BCCA 65
3:neutral:2014:bcca:71	2014 BCCA 71
3:neutral:2014:bcca:72	2014 BCCA 72
3:neutral:2014:bcca:79	2014 BCCA 79
3:neutral:2014:bcca:80	2014 BCCA 80
3:neutral:2014:bcca:95	2014 BCCA 95
3:neutral:2014:bcsc:1002	2014 BCSC 1002
3:neutral:2014:bcsc:1013	2014 BCSC 1013
3:neutral:2014:bcsc:1063	2014 BCSC 1063
3:neutral:2014:bcsc:121	2014 BCSC 121
3:neutral:2014:bcsc:1228	2014 BCSC 1228
3:neutral:2014:bcsc:123	2014 BCSC 123
3:neutral:2014:bcsc:1280	2014 BCSC 1280
3:neutral:2014:bcsc:1563	2014 BCSC 1563
3:neutral:2014:bcsc:2112	2014 BCSC 2112
3:neutral:2014:bcsc:2172	2014 BCSC 2172
3:neutral:2014:bcsc:2187	2014 BCSC 2187
3:neutral:2014:bcsc:2328	2014 BCSC 2328
3:neutral:2014:bcsc:305	2014 BCSC 305
3:neutral:2014:bcsc:320	2014 BCSC 320
3:neutral:2014:bcsc:416	2014 BCSC 416
3:neutral:2014:bcsc:568	2014 BCSC 568
3:neutral:2014:bcsc:660	2014 BCSC 660
3:neutral:2014:bcsc:849	2014 BCSC 849
3:neutral:2014:bcsc:917	2014 BCSC 917
3:neutral:2014:bcsc:924	2014 BCSC 924
3:neutral:2014:bcsc:953	2014 BCSC 953
3:neutral:2014:bcsc:991	2014 BCSC 991
3:neutral:2014:bcsc:993	2014 BCSC 993
3:neutral:2014:fc:1002	2014 FC 1002
3:neutral:2014:fc:1022	2014 FC 1022
3:neutral:2014:fc:1040	2014 FC 1040
3:neutral:2014:fc:1047	2014 FC 1047
3:neutral:2014:fc:1052	2014 FC 1052
3:neutral:2014:fc:1054	2014 FC 1054
3:neutral:2014:fc:1063	2014 FC 1063
3:neutral:2014:fc:1066	2014 FC 1066
3:neutral:2014:fc:107	2014 FC 107
3:neutral:2014:fc:1073	2014 FC 1073
3:neutral:2014:fc:1077	2014 FC 1077
3:neutral:2014:fc:1078	2014 FC 1078
3:neutral:2014:fc:1098	2014 FC 1098
3:neutral:2014:fc:1100	2014 FC 1100
3:neutral:2014:fc:1128	2014 FC 1128
3:neutral:2014:fc:1130	2014 FC 1130
3:neutral:2014:fc:1136	2014 FC 1136
3:neutral:2014:fc:114	2014 FC 114
3:neutral:2014:fc:115	2014 FC 115
3:neutral:2014:fc:1153	2014 FC 1153
3:neutral:2014:fc:1154	2014 FC 1154
3:neutral:2014:fc:116	2014 FC 116
3:neutral:2014:fc:118	2014 FC 118
3:neutral:2014:fc:119	2014 FC 119
3:neutral:2014:fc:1219	2014 FC 1219
3:neutral:2014:fc:1244	2014 FC 1244
3:neutral:2014:fc:1246	2014 FC 1246
3:neutral:2014:fc:1247	2014 FC 1247
3:neutral:2014:fc:1251	2014 FC 1251
3:neutral:2014:fc:1253	2014 FC 1253
3:neutral:2014:fc:1254	2014 FC 1254
3:neutral:2014:fc:149	2014 FC 149
3:neutral:2014:fc:158	2014 FC 158
3:neutral:2014:fc:161	2014 FC 161
3:neutral:2014:fc:188	2014 FC 188
3:neutral:2014:fc:19	2014 FC 19
3:neutral:2014:fc:218	2014 FC 218
3:neutral:2014:fc:230	2014 FC 230
3:neutral:2014:fc:237	2014 FC 237
3:neutral:2014:fc:243	2014 FC 243
3:neutral:2014:fc:252	2014 FC 252
3:neutral:2014:fc:255	2014 FC 255
3:neutral:2014:fc:258	2014 FC 258
3:neutral:2014:fc:274	2014 FC 274
3:neutral:2014:fc:280	2014 FC 280
3:neutral:2014:fc:287	2014 FC 287
3:neutral:2014:fc:295	2014 FC 295
3:neutral:2014:fc:299	2014 FC 299
3:neutral:2014:fc:303	2014 FC 303
3:neutral:2014:fc:307	2014 FC 307
3:neutral:2014:fc:32	2014 FC 32
3:neutral:2014:fc:323	2014 FC 323
3:neutral:2014:fc:354	2014 FC 354
3:neutral:2014:fc:376	2014 FC 376
3:neutral:2014:fc:392	2014 FC 392
3:neutral:2014:fc:400	2014 FC 400
3:neutral:2014:fc:409	2014 FC 409
3:neutral:2014:fc:419	2014 FC 419
3:neutral:2014:fc:421	2014 FC 421
3:neutral:2014:fc:426	2014 FC 426
3:neutral:2014:fc:436	2014 FC 436
3:neutral:2014:fc:442	2014 FC 442
3:neutral:2014:fc:45	2014 FC 45
3:neutral:2014:fc:450	2014 FC 450
3:neutral:2014:fc:461	2014 FC 461
3:neutral:2014:fc:463	2014 FC 463
3:neutral:2014:fc:48	2014 FC 48
3:neutral:2014:fc:49	2014 FC 49
3:neutral:2014:fc:494	2014 FC 494
3:neutral:2014:fc:5	2014 FC 5
3:neutral:2014:fc:55	2014 FC 55
3:neutral:2014:fc:562	2014 FC 562
3:neutral:2014:fc:595	2014 FC 595
3:neutral:2014:fc:596	2014 FC 596
3:neutral:2014:fc:607	2014 FC 607
3:neutral:2014:fc:622	2014 FC 622
3:neutral:2014:fc:629	2014 FC 629
3:neutral:2014:fc:638	2014 FC 638
3:neutral:2014:fc:64	2014 FC 64
3:neutral:2014:fc:643	2014 FC 643
3:neutral:2014:fc:644	2014 FC 644
3:neutral:2014:fc:651	2014 FC 651
3:neutral:2014:fc:654	2014 FC 654
3:neutral:2014:fc:656	2014 FC 656
3:neutral:2014:fc:657	2014 FC 657
3:neutral:2014:fc:671	2014 FC 671
3:neutral:2014:fc:672	2014 FC 672
3:neutral:2014:fc:699	2014 FC 699
3:neutral:2014:fc:74	2014 FC 74
3:neutral:2014:fc:742	2014 FC 742
3:neutral:2014:fc:750	2014 FC 750
3:neutral:2014:fc:763	2014 FC 763
3:neutral:2014:fc:771	2014 FC 771
3:neutral:2014:fc:799	2014 FC 799
3:neutral:2014:fc:829	2014 FC 829
3:neutral:2014:fc:84	2014 FC 84
3:neutral:2014:fc:844	2014 FC 844
3:neutral:2014:fc:849	2014 FC 849
3:neutral:2014:fc:85	2014 FC 85
3:neutral:2014:fc:874	2014 FC 874
3:neutral:2014:fc:883	2014 FC 883
3:neutral:2014:fc:896	2014 FC 896
3:neutral:2014:fc:908	2014 FC 908
3:neutral:2014:fc:910	2014 FC 910
3:neutral:2014:fc:977	2014 FC 977
3:neutral:2014:fc:991	2014 FC 991
3:neutral:2014:fc:998	2014 FC 998
3:neutral:2014:fca:1	2014 FCA 1
3:neutral:2014:fca:101	2014 FCA 101
3:neutral:2014:fca:102	2014 FCA 102
3:neutral:2014:fca:103	2014 FCA 103
3:neutral:2014:fca:110	2014 FCA 110
3:neutral:2014:fca:111	2014 FCA 111
3:neutral:2014:fca:112	2014 FCA 112
3:neutral:2014:fca:113	2014 FCA 113
3:neutral:2014:fca:114	2014 FCA 114
3:neutral:2014:fca:126	2014 FCA 126
3:neutral:2014:fca:129	2014 FCA 129
3:neutral:2014:fca:130	2014 FCA 130
3:neutral:2014:fca:131	2014 FCA 131
3:neutral:2014:fca:133	2014 FCA 133
3:neutral:2014:fca:14	2014 FCA 14
3:neutral:2014:fca:140	2014 FCA 140
3:neutral:2014:fca:144	2014 FCA 144
3:neutral:2014:fca:145	2014 FCA 145
3:neutral:2014:fca:150	2014 FCA 150
3:neutral:2014:fca:157	2014 FCA 157
3:neutral:2014:fca:158	2014 FCA 158
3:neutral:2014:fca:161	2014 FCA 161
3:neutral:2014:fca:17	2014 FCA 17
3:neutral:2014:fca:170	2014 FCA 170
3:neutral:2014:fca:173	2014 FCA 173
3:neutral:2014:fca:174	2014 FCA 174
3:neutral:2014:fca:180	2014 FCA 180
3:neutral:2014:fca:187	2014 FCA 187
3:neutral:2014:fca:189	2014 FCA 189
3:neutral:2014:fca:191	2014 FCA 191
3:neutral:2014:fca:203	2014 FCA 203
3:neutral:2014:fca:21	2014 FCA 21
3:neutral:2014:fca:213	2014 FCA 213
3:neutral:2014:fca:228	2014 FCA 228
3:neutral:2014:fca:231	2014 FCA 231
3:neutral:2014:fca:235	2014 FCA 235
3:neutral:2014:fca:237	2014 FCA 237
3:neutral:2014:fca:240	2014 FCA 240
3:neutral:2014:fca:242	2014 FCA 242
3:neutral:2014:fca:243	2014 FCA 243
3:neutral:2014:fca:245	2014 FCA 245
3:neutral:2014:fca:249	2014 FCA 249
3:neutral:2014:fca:25	2014 FCA 25
3:neutral:2014:fca:250	2014 FCA 250
3:neutral:2014:fca:251	2014 FCA 251
3:neutral:2014:fca:257	2014 FCA 257
3:neutral:2014:fca:262	2014 FCA 262
3:neutral:2014:fca:267	2014 FCA 267
3:neutral:2014:fca:27	2014 FCA 27
3:neutral:2014:fca:28	2014 FCA 28
3:neutral:2014:fca:287	2014 FCA 287
3:neutral:2014:fca:288	2014 FCA 288
3:neutral:2014:fca:29	2014 FCA 29
3:neutral:2014:fca:290	2014 FCA 290
3:neutral:2014:fca:294	2014 FCA 294
3:neutral:2014:fca:296	2014 FCA 296
3:neutral:2014:fca:297	2014 FCA 297
3:neutral:2014:fca:298	2014 FCA 298
3:neutral:2014:fca:3	2014 FCA 3
3:neutral:2014:fca:30	2014 FCA 30
3:neutral:2014:fca:301	2014 FCA 301
3:neutral:2014:fca:302	2014 FCA 302
3:neutral:2014:fca:33	2014 FCA 33
3:neutral:2014:fca:36	2014 FCA 36
3:neutral:2014:fca:42	2014 FCA 42
3:neutral:2014:fca:48	2014 FCA 48
3:neutral:2014:fca:54	2014 FCA 54
3:neutral:2014:fca:55	2014 FCA 55
3:neutral:2014:fca:56	2014 FCA 56
3:neutral:2014:fca:59	2014 FCA 59
3:neutral:2014:fca:61	2014 FCA 61
3:neutral:2014:fca:67	2014 FCA 67
3:neutral:2014:fca:68	2014 FCA 68
3:neutral:2014:fca:7	2014 FCA 7
3:neutral:2014:fca:71	2014 FCA 71
3:neutral:2014:fca:76	2014 FCA 76
3:neutral:2014:fca:81	2014 FCA 81
3:neutral:2014:fca:84	2014 FCA 84
3:neutral:2014:fca:85	2014 FCA 85
3:neutral:2014:fca:86	2014 FCA 86
3:neutral:2014:fca:89	2014 FCA 89
3:neutral:2014:fca:92	2014 FCA 92
3:neutral:2014:fca:95	2014 FCA 95
3:neutral:2014:fca:97	2014 FCA 97
3:neutral:2014:fca:98	2014 FCA 98
3:neutral:2014:nsca:106	2014 NSCA 106
3:neutral:2014:nsca:109	2014 NSCA 109
3:neutral:2014:nsca:28	2014 NSCA 28
3:neutral:2014:nsca:52	2014 NSCA 52
3:neutral:2014:nsca:6	2014 NSCA 6
3:neutral:2014:nsca:63	2014 NSCA 63
3:neutral:2014:nsca:76	2014 NSCA 76
3:neutral:2014:nsca:78	2014 NSCA 78
3:neutral:2014:nsca:95	2014 NSCA 95
3:neutral:2014:nspc:62	2014 NSPC 62
3:neutral:2014:nspc:95	2014 NSPC 95
3:neutral:2014:nssc:171	2014 NSSC 171
3:neutral:2014:nssc:180	2014 NSSC 180
3:neutral:2014:nssc:279	2014 NSSC 279
3:neutral:2014:nssc:97	2014 NSSC 97
3:neutral:2014:onca:1	2014 ONCA 1
3:neutral:2014:onca:101	2014 ONCA 101
3:neutral:2014:onca:109	2014 ONCA 109
3:neutral:2014:onca:111	2014 ONCA 111
3:neutral:2014:onca:116	2014 ONCA 116
3:neutral:2014:onca:125	2014 ONCA 125
3:neutral:2014:onca:130	2014 ONCA 130
3:neutral:2014:onca:14	2014 ONCA 14
3:neutral:2014:onca:141	2014 ONCA 141
3:neutral:2014:onca:145	2014 ONCA 145
3:neutral:2014:onca:147	2014 ONCA 147
3:neutral:2014:onca:15	2014 ONCA 15
3:neutral:2014:onca:153	2014 ONCA 153
3:neutral:2014:onca:157	2014 ONCA 157
3:neutral:2014:onca:158	2014 ONCA 158
3:neutral:2014:onca:160	2014 ONCA 160
3:neutral:2014:onca:174	2014 ONCA 174
3:neutral:2014:onca:175	2014 ONCA 175
3:neutral:2014:onca:176	2014 ONCA 176
3:neutral:2014:onca:178	2014 ONCA 178
3:neutral:2014:onca:182	2014 ONCA 182
3:neutral:2014:onca:185	2014 ONCA 185
3:neutral:2014:onca:187	2014 ONCA 187
3:neutral:2014:onca:188	2014 ONCA 188
3:neutral:2014:onca:189	2014 ONCA 189
3:neutral:2014:onca:194	2014 ONCA 194
3:neutral:2014:onca:2	2014 ONCA 2
3:neutral:2014:onca:205	2014 ONCA 205
3:neutral:2014:onca:207	2014 ONCA 207
3:neutral:2014:onca:21	2014 ONCA 21
3:neutral:2014:onca:215	2014 ONCA 215
3:neutral:2014:onca:22	2014 ONCA 22
3:neutral:2014:onca:227	2014 ONCA 227
3:neutral:2014:onca:232	2014 ONCA 232
3:neutral:2014:onca:236	2014 ONCA 236
3:neutral:2014:onca:237	2014 ONCA 237
3:neutral:2014:onca:250	2014 ONCA 250
3:neutral:2014:onca:252	2014 ONCA 252
3:neutral:2014:onca:257	2014 ONCA 257
3:neutral:2014:onca:261	2014 ONCA 261
3:neutral:2014:onca:268	2014 ONCA 268
3:neutral:2014:onca:272	2014 ONCA 272
3:neutral:2014:onca:273	2014 ONCA 273
3:neutral:2014:onca:278	2014 ONCA 278
3:neutral:2014:onca:285	2014 ONCA 285
3:neutral:2014:onca:293	2014 ONCA 293
3:neutral:2014:onca:3	2014 ONCA 3
3:neutral:2014:onca:301	2014 ONCA 301
3:neutral:2014:onca:302	2014 ONCA 302
3:neutral:2014:onca:305	2014 ONCA 305
3:neutral:2014:onca:307	2014 ONCA 307
3:neutral:2014:onca:309	2014 ONCA 309
3:neutral:2014:onca:312	2014 ONCA 312
3:neutral:2014:onca:321	2014 ONCA 321
3:neutral:2014:onca:322	2014 ONCA 322
3:neutral:2014:onca:323	2014 ONCA 323
3:neutral:2014:onca:324	2014 ONCA 324
3:neutral:2014:onca:330	2014 ONCA 330
3:neutral:2014:onca:34	2014 ONCA 34
3:neutral:2014:onca:36	2014 ONCA 36
3:neutral:2014:onca:363	2014 ONCA 363
3:neutral:2014:onca:366	2014 ONCA 366
3:neutral:2014:onca:374	2014 ONCA 374
3:neutral:2014:onca:375	2014 ONCA 375
3:neutral:2014:onca:376	2014 ONCA 376
3:neutral:2014:onca:392	2014 ONCA 392
3:neutral:2014:onca:397	2014 ONCA 397
3:neutral:2014:onca:399	2014 ONCA 399
3:neutral:2014:onca:40	2014 ONCA 40
3:neutral:2014:onca:400	2014 ONCA 400
3:neutral:2014:onca:403	2014 ONCA 403
3:neutral:2014:onca:417	2014 ONCA 417
3:neutral:2014:onca:419	2014 ONCA 419
3:neutral:2014:onca:420	2014 ONCA 420
3:neutral:2014:onca:422	2014 ONCA 422
3:neutral:2014:onca:423	2014 ONCA 423
3:neutral:2014:onca:424	2014 ONCA 424
3:neutral:2014:onca:425	2014 ONCA 425
3:neutral:2014:onca:43	2014 ONCA 43
3:neutral:2014:onca:431	2014 ONCA 431
3:neutral:2014:onca:432	2014 ONCA 432
3:neutral:2014:onca:44	2014 ONCA 44
3:neutral:2014:onca:442	2014 ONCA 442
3:neutral:2014:onca:443	2014 ONCA 443
3:neutral:2014:onca:447	2014 ONCA 447
3:neutral:2014:onca:448	2014 ONCA 448
3:neutral:2014:onca:450	2014 ONCA 450
3:neutral:2014:onca:460	2014 ONCA 460
3:neutral:2014:onca:464	2014 ONCA 464
3:neutral:2014:onca:467	2014 ONCA 467
3:neutral:2014:onca:468	2014 ONCA 468
3:neutral:2014:onca:478	2014 ONCA 478
3:neutral:2014:onca:479	2014 ONCA 479
3:neutral:2014:onca:487	2014 ONCA 487
3:neutral:2014:onca:49	2014 ONCA 49
3:neutral:2014:onca:490	2014 ONCA 490
3:neutral:2014:onca:492	2014 ONCA 492
3:neutral:2014:onca:497	2014 ONCA 497
3:neutral:2014:onca:500	2014 ONCA 500
3:neutral:2014:onca:501	2014 ONCA 501
3:neutral:2014:onca:503	2014 ONCA 503
3:neutral:2014:onca:504	2014 ONCA 504
3:neutral:2014:onca:506	2014 ONCA 506
3:neutral:2014:onca:510	2014 ONCA 510
3:neutral:2014:onca:526	2014 ONCA 526
3:neutral:2014:onca:527	2014 ONCA 527
3:neutral:2014:onca:529	2014 ONCA 529
3:neutral:2014:onca:53	2014 ONCA 53
3:neutral:2014:onca:530	2014 ONCA 530
3:neutral:2014:onca:535	2014 ONCA 535
3:neutral:2014:onca:536	2014 ONCA 536
3:neutral:2014:onca:538	2014 ONCA 538
3:neutral:2014:onca:540	2014 ONCA 540
3:neutral:2014:onca:542	2014 ONCA 542
3:neutral:2014:onca:543	2014 ONCA 543
3:neutral:2014:onca:544	2014 ONCA 544
3:neutral:2014:onca:547	2014 ONCA 547
3:neutral:2014:onca:548	2014 ONCA 548
3:neutral:2014:onca:552	2014 ONCA 552
3:neutral:2014:onca:553	2014 ONCA 553
3:neutral:2014:onca:554	2014 ONCA 554
3:neutral:2014:onca:556	2014 ONCA 556
3:neutral:2014:onca:560	2014 ONCA 560
3:neutral:2014:onca:561	2014 ONCA 561
3:neutral:2014:onca:563	2014 ONCA 563
3:neutral:2014:onca:565	2014 ONCA 565
3:neutral:2014:onca:567	2014 ONCA 567
3:neutral:2014:onca:569	2014 ONCA 569
3:neutral:2014:onca:571	2014 ONCA 571
3:neutral:2014:onca:574	2014 ONCA 574
3:neutral:2014:onca:576	2014 ONCA 576
3:neutral:2014:onca:578	2014 ONCA 578
3:neutral:2014:onca:580	2014 ONCA 580
3:neutral:2014:onca:581	2014 ONCA 581
3:neutral:2014:onca:596	2014 ONCA 596
3:neutral:2014:onca:598	2014 ONCA 598
3:neutral:2014:onca:599	2014 ONCA 599
3:neutral:2014:onca:604	2014 ONCA 604
3:neutral:2014:onca:605	2014 ONCA 605
3:neutral:2014:onca:606	2014 ONCA 606
3:neutral:2014:onca:611	2014 ONCA 611
3:neutral:2014:onca:614	2014 ONCA 614
3:neutral:2014:onca:615	2014 ONCA 615
3:neutral:2014:onca:617	2014 ONCA 617
3:neutral:2014:onca:618	2014 ONCA 618
3:neutral:2014:onca:62	2014 ONCA 62
3:neutral:2014:onca:625	2014 ONCA 625
3:neutral:2014:onca:627	2014 ONCA 627
3:neutral:2014:onca:63	2014 ONCA 63
3:neutral:2014:onca:636	2014 ONCA 636
3:neutral:2014:onca:64	2014 ONCA 64
3:neutral:2014:onca:640	2014 ONCA 640
3:neutral:2014:onca:654	2014 ONCA 654
3:neutral:2014:onca:656	2014 ONCA 656
3:neutral:2014:onca:658	2014 ONCA 658
3:neutral:2014:onca:659	2014 ONCA 659
3:neutral:2014:onca:667	2014 ONCA 667
3:neutral:2014:onca:679	2014 ONCA 679
3:neutral:2014:onca:685	2014 ONCA 685
3:neutral:2014:onca:690	2014 ONCA 690
3:neutral:2014:onca:691	2014 ONCA 691
3:neutral:2014:onca:696	2014 ONCA 696
3:neutral:2014:onca:698	2014 ONCA 698
3:neutral:2014:onca:70	2014 ONCA 70
3:neutral:2014:onca:709	2014 ONCA 709
3:neutral:2014:onca:714	2014 ONCA 714
3:neutral:2014:onca:719	2014 ONCA 719
3:neutral:2014:onca:72	2014 ONCA 72
3:neutral:2014:onca:720	2014 ONCA 720
3:neutral:2014:onca:724	2014 ONCA 724
3:neutral:2014:onca:727	2014 ONCA 727
3:neutral:2014:onca:73	2014 ONCA 73
3:neutral:2014:onca:733	2014 ONCA 733
3:neutral:2014:onca:736	2014 ONCA 736
3:neutral:2014:onca:74	2014 ONCA 74
3:neutral:2014:onca:740	2014 ONCA 740
3:neutral:2014:onca:744	2014 ONCA 744
3:neutral:2014:onca:748	2014 ONCA 748
3:neutral:2014:onca:767	2014 ONCA 767
3:neutral:2014:onca:769	2014 ONCA 769
3:neutral:2014:onca:770	2014 ONCA 770
3:neutral:2014:onca:775	2014 ONCA 775
3:neutral:2014:onca:777	2014 ONCA 777
3:neutral:2014:onca:78	2014 ONCA 78
3:neutral:2014:onca:780	2014 ONCA 780
3:neutral:2014:onca:785	2014 ONCA 785
3:neutral:2014:onca:791	2014 ONCA 791
3:neutral:2014:onca:80	2014 ONCA 80
3:neutral:2014:onca:802	2014 ONCA 802
3:neutral:2014:onca:805	2014 ONCA 805
3:neutral:2014:onca:808	2014 ONCA 808
3:neutral:2014:onca:811	2014 ONCA 811
3:neutral:2014:onca:816	2014 ONCA 816
3:neutral:2014:onca:823	2014 ONCA 823
3:neutral:2014:onca:827	2014 ONCA 827
3:neutral:2014:onca:83	2014 ONCA 83
3:neutral:2014:onca:839	2014 ONCA 839
3:neutral:2014:onca:840	2014 ONCA 840
3:neutral:2014:onca:841	2014 ONCA 841
3:neutral:2014:onca:842	2014 ONCA 842
3:neutral:2014:onca:844	2014 ONCA 844
3:neutral:2014:onca:85	2014 ONCA 85
3:neutral:2014:onca:852	2014 ONCA 852
3:neutral:2014:onca:853	2014 ONCA 853
3:neutral:2014:onca:854	2014 ONCA 854
3:neutral:2014:onca:855	2014 ONCA 855
3:neutral:2014:onca:858	2014 ONCA 858
3:neutral:2014:onca:86	2014 ONCA 86
3:neutral:2014:onca:862	2014 ONCA 862
3:neutral:2014:onca:869	2014 ONCA 869
3:neutral:2014:onca:87	2014 ONCA 87
3:neutral:2014:onca:871	2014 ONCA 871
3:neutral:2014:onca:872	2014 ONCA 872
3:neutral:2014:onca:879	2014 ONCA 879
3:neutral:2014:onca:88	2014 ONCA 88
3:neutral:2014:onca:883	2014 ONCA 883
3:neutral:2014:onca:884	2014 ONCA 884
3:neutral:2014:onca:89	2014 ONCA 89
3:neutral:2014:onca:891	2014 ONCA 891
3:neutral:2014:onca:895	2014 ONCA 895
3:neutral:2014:onca:896	2014 ONCA 896
3:neutral:2014:onca:897	2014 ONCA 897
3:neutral:2014:onca:90	2014 ONCA 90
3:neutral:2014:onca:900	2014 ONCA 900
3:neutral:2014:onca:901	2014 ONCA 901
3:neutral:2014:onca:902	2014 ONCA 902
3:neutral:2014:onca:910	2014 ONCA 910
3:neutral:2014:onca:911	2014 ONCA 911
3:neutral:2014:onca:918	2014 ONCA 918
3:neutral:2014:onca:920	2014 ONCA 920
3:neutral:2014:onca:921	2014 ONCA 921
3:neutral:2014:onca:922	2014 ONCA 922
3:neutral:2014:onca:95	2014 ONCA 95
3:neutral:2014:scc:15	2014 SCC 15
3:neutral:2014:scc:16	2014 SCC 16
3:neutral:2014:scc:17	2014 SCC 17
3:neutral:2014:scc:19	2014 SCC 19
3:neutral:2014:scc:20	2014 SCC 20
3:neutral:2014:scc:24	2014 SCC 24
3:neutral:2014:scc:26	2014 SCC 26
3:neutral:2014:scc:27	2014 SCC 27
3:neutral:2014:scc:28	2014 SCC 28
3:neutral:2014:scc:3	2014 SCC 3
3:neutral:2014:scc:36	2014 SCC 36
3:neutral:2014:scc:40	2014 SCC 40
3:neutral:2014:scc:41	2014 SCC 41
3:neutral:2014:scc:43	2014 SCC 43
3:neutral:2014:scc:44	2014 SCC 44
3:neutral:2014:scc:48	2014 SCC 48
3:neutral:2014:scc:50	2014 SCC 50
3:neutral:2014:scc:52	2014 SCC 52
3:neutral:2014:scc:53	2014 SCC 53
3:neutral:2014:scc:54	2014 SCC 54
3:neutral:2014:scc:55	2014 SCC 55
3:neutral:2014:scc:56	2014 SCC 56
3:neutral:2014:scc:57	2014 SCC 57
3:neutral:2014:scc:61	2014 SCC 61
3:neutral:2014:scc:67	2014 SCC 67
3:neutral:2014:scc:68	2014 SCC 68
3:neutral:2014:scc:7	2014 SCC 7
3:neutral:2014:scc:71	2014 SCC 71
3:neutral:2014:scc:77	2014 SCC 77
3:neutral:2014:tcc:1	2014 TCC 1
3:neutral:2014:tcc:108	2014 TCC 108
3:neutral:2014:tcc:111	2014 TCC 111
3:neutral:2014:tcc:117	2014 TCC 117
3:neutral:2014:tcc:142	2014 TCC 142
3:neutral:2014:tcc:174	2014 TCC 174
3:neutral:2014:tcc:179	2014 TCC 179
3:neutral:2014:tcc:207	2014 TCC 207
3:neutral:2014:tcc:208	2014 TCC 208
3:neutral:2014:tcc:244	2014 TCC 244
3:neutral:2014:tcc:245	2014 TCC 245
3:neutral:2014:tcc:250	2014 TCC 250
3:neutral:2014:tcc:27	2014 TCC 27
3:neutral:2014:tcc:278	2014 TCC 278
3:neutral:2014:tcc:30	2014 TCC 30
3:neutral:2014:tcc:309	2014 TCC 309
3:neutral:2014:tcc:313	2014 TCC 313
3:neutral:2014:tcc:316	2014 TCC 316
3:neutral:2014:tcc:35	2014 TCC 35
3:neutral:2014:tcc:362	2014 TCC 362
3:neutral:2014:tcc:369	2014 TCC 369
3:neutral:2014:tcc:42	2014 TCC 42
3:neutral:2014:tcc:49	2014 TCC 49
3:neutral:2014:tcc:50	2014 TCC 50
3:neutral:2014:tcc:60	2014 TCC 60
3:neutral:2014:tcc:75	2014 TCC 75
3:neutral:2014:tcc:94	2014 TCC 94
3:neutral:2014:ykca:13	2014 YKCA 13
3:neutral:2015:bcca:117	2015 BCCA 117
3:neutral:2015:bcca:121	2015 BCCA 121
3:neutral:2015:bcca:126	2015 BCCA 126
3:neutral:2015:bcca:140	2015 BCCA 140
3:neutral:2015:bcca:142	2015 BCCA 142
3:neutral:2015:bcca:145	2015 BCCA 145
3:neutral:2015:bcca:15	2015 BCCA 15
3:neutral:2015:bcca:158	2015 BCCA 158
3:neutral:2015:bcca:164	2015 BCCA 164
3:neutral:2015:bcca:165	2015 BCCA 165
3:neutral:2015:bcca:167	2015 BCCA 167
3:neutral:2015:bcca:169	2015 BCCA 169
3:neutral:2015:bcca:172	2015 BCCA 172
3:neutral:2015:bcca:18	2015 BCCA 18
3:neutral:2015:bcca:184	2015 BCCA 184
3:neutral:2015:bcca:185	2015 BCCA 185
3:neutral:2015:bcca:190	2015 BCCA 190
3:neutral:2015:bcca:192	2015 BCCA 192
3:neutral:2015:bcca:195	2015 BCCA 195
3:neutral:2015:bcca:200	2015 BCCA 200
3:neutral:2015:bcca:203	2015 BCCA 203
3:neutral:2015:bcca:212	2015 BCCA 212
3:neutral:2015:bcca:216	2015 BCCA 216
3:neutral:2015:bcca:22	2015 BCCA 22
3:neutral:2015:bcca:222	2015 BCCA 222
3:neutral:2015:bcca:246	2015 BCCA 246
3:neutral:2015:bcca:256	2015 BCCA 256
3:neutral:2015:bcca:263	2015 BCCA 263
3:neutral:2015:bcca:264	2015 BCCA 264
3:neutral:2015:bcca:265	2015 BCCA 265
3:neutral:2015:bcca:271	2015 BCCA 271
3:neutral:2015:bcca:277	2015 BCCA 277
3:neutral:2015:bcca:279	2015 BCCA 279
3:neutral:2015:bcca:28	2015 BCCA 28
3:neutral:2015:bcca:283	2015 BCCA 283
3:neutral:2015:bcca:285	2015 BCCA 285
3:neutral:2015:bcca:286	2015 BCCA 286
3:neutral:2015:bcca:289	2015 BCCA 289
3:neutral:2015:bcca:291	2015 BCCA 291
3:neutral:2015:bcca:338	2015 BCCA 338
3:neutral:2015:bcca:34	2015 BCCA 34
3:neutral:2015:bcca:345	2015 BCCA 345
3:neutral:2015:bcca:346	2015 BCCA 346
3:neutral:2015:bcca:347	2015 BCCA 347
3:neutral:2015:bcca:349	2015 BCCA 349
3:neutral:2015:bcca:350	2015 BCCA 350
3:neutral:2015:bcca:352	2015 BCCA 352
3:neutral:2015:bcca:359	2015 BCCA 359
3:neutral:2015:bcca:362	2015 BCCA 362
3:neutral:2015:bcca:363	2015 BCCA 363
3:neutral:2015:bcca:370	2015 BCCA 370
3:neutral:2015:bcca:373	2015 BCCA 373
3:neutral:2015:bcca:374	2015 BCCA 374
3:neutral:2015:bcca:376	2015 BCCA 376
3:neutral:2015:bcca:39	2015 BCCA 39
3:neutral:2015:bcca:390	2015 BCCA 390
3:neutral:2015:bcca:393	2015 BCCA 393
3:neutral:2015:bcca:412	2015 BCCA 412
3:neutral:2015:bcca:417	2015 BCCA 417
3:neutral:2015:bcca:426	2015 BCCA 426
3:neutral:2015:bcca:428	2015 BCCA 428
3:neutral:2015:bcca:435	2015 BCCA 435
3:neutral:2015:bcca:452	2015 BCCA 452
3:neutral:2015:bcca:455	2015 BCCA 455
3:neutral:2015:bcca:457	2015 BCCA 457
3:neutral:2015:bcca:46	2015 BCCA 46
3:neutral:2015:bcca:466	2015 BCCA 466
3:neutral:2015:bcca:479	2015 BCCA 479
3:neutral:2015:bcca:485	2015 BCCA 485
3:neutral:2015:bcca:488	2015 BCCA 488
3:neutral:2015:bcca:489	2015 BCCA 489
3:neutral:2015:bcca:495	2015 BCCA 495
3:neutral:2015:bcca:496	2015 BCCA 496
3:neutral:2015:bcca:498	2015 BCCA 498
3:neutral:2015:bcca:499	2015 BCCA 499
3:neutral:2015:bcca:500	2015 BCCA 500
3:neutral:2015:bcca:52	2015 BCCA 52
3:neutral:2015:bcca:522	2015 BCCA 522
3:neutral:2015:bcca:54	2015 BCCA 54
3:neutral:2015:bcca:63	2015 BCCA 63
3:neutral:2015:bcca:83	2015 BCCA 83
3:neutral:2015:bcca:89	2015 BCCA 89
3:neutral:2015:bcca:94	2015 BCCA 94
3:neutral:2015:bcca:95	2015 BCCA 95
3:neutral:2015:bcsc:1099	2015 BCSC 1099
3:neutral:2015:bcsc:1170	2015 BCSC 1170
3:neutral:2015:bcsc:1230	2015 BCSC 1230
3:neutral:2015:bcsc:1256	2015 BCSC 1256
3:neutral:2015:bcsc:1382	2015 BCSC 1382
3:neutral:2015:bcsc:1682	2015 BCSC 1682
3:neutral:2015:bcsc:1777	2015 BCSC 1777
3:neutral:2015:bcsc:1797	2015 BCSC 1797
3:neutral:2015:bcsc:2326	2015 BCSC 2326
3:neutral:2015:bcsc:318	2015 BCSC 318
3:neutral:2015:bcsc:5	2015 BCSC 5
3:neutral:2015:bcsc:561	2015 BCSC 561
3:neutral:2015:bcsc:705	2015 BCSC 705
3:neutral:2015:bcsc:901	2015 BCSC 901
3:neutral:2015:cirb:792	2015 CIRB 792
3:neutral:2015:fc:1042	2015 FC 1042
3:neutral:2015:fc:1082	2015 FC 1082
3:neutral:2015:fc:1093	2015 FC 1093
3:neutral:2015:fc:116	2015 FC 116
3:neutral:2015:fc:1198	2015 FC 1198
3:neutral:2015:fc:1230	2015 FC 1230
3:neutral:2015:fc:1261	2015 FC 1261
3:neutral:2015:fc:1298	2015 FC 1298
3:neutral:2015:fc:1332	2015 FC 1332
3:neutral:2015:fc:156	2015 FC 156
3:neutral:2015:fc:18	2015 FC 18
3:neutral:2015:fc:184	2015 FC 184
3:neutral:2015:fc:185	2015 FC 185
3:neutral:2015:fc:213	2015 FC 213
3:neutral:2015:fc:240	2015 FC 240
3:neutral:2015:fc:267	2015 FC 267
3:neutral:2015:fc:27	2015 FC 27
3:neutral:2015:fc:294	2015 FC 294
3:neutral:2015:fc:302	2015 FC 302
3:neutral:2015:fc:321	2015 FC 321
3:neutral:2015:fc:322	2015 FC 322
3:neutral:2015:fc:338	2015 FC 338
3:neutral:2015:fc:345	2015 FC 345
3:neutral:2015:fc:366	2015 FC 366
3:neutral:2015:fc:382	2015 FC 382
3:neutral:2015:fc:402	2015 FC 402
3:neutral:2015:fc:423	2015 FC 423
3:neutral:2015:fc:443	2015 FC 443
3:neutral:2015:fc:455	2015 FC 455
3:neutral:2015:fc:46	2015 FC 46
3:neutral:2015:fc:464	2015 FC 464
3:neutral:2015:fc:493	2015 FC 493
3:neutral:2015:fc:50	2015 FC 50
3:neutral:2015:fc:51	2015 FC 51
3:neutral:2015:fc:549	2015 FC 549
3:neutral:2015:fc:617	2015 FC 617
3:neutral:2015:fc:619	2015 FC 619
3:neutral:2015:fc:622	2015 FC 622
3:neutral:2015:fc:642	2015 FC 642
3:neutral:2015:fc:721	2015 FC 721
3:neutral:2015:fc:767	2015 FC 767
3:neutral:2015:fc:770	2015 FC 770
3:neutral:2015:fc:773	2015 FC 773
3:neutral:2015:fc:837	2015 FC 837
3:neutral:2015:fc:875	2015 FC 875
3:neutral:2015:fc:892	2015 FC 892
3:neutral:2015:fc:896	2015 FC 896
3:neutral:2015:fc:900	2015 FC 900
3:neutral:2015:fc:91	2015 FC 91
3:neutral:2015:fc:919	2015 FC 919
3:neutral:2015:fc:960	2015 FC 960
3:neutral:2015:fca:1	2015 FCA 1
3:neutral:2015:fca:100	2015 FCA 100
3:neutral:2015:fca:102	2015 FCA 102
3:neutral:2015:fca:104	2015 FCA 104
3:neutral:2015:fca:105	2015 FCA 105
3:neutral:2015:fca:114	2015 FCA 114
3:neutral:2015:fca:115	2015 FCA 115
3:neutral:2015:fca:116	2015 FCA 116
3:neutral:2015:fca:117	2015 FCA 117
3:neutral:2015:fca:119	2015 FCA 119
3:neutral:2015:fca:125	2015 FCA 125
3:neutral:2015:fca:126	2015 FCA 126
3:neutral:2015:fca:129	2015 FCA 129
3:neutral:2015:fca:134	2015 FCA 134
3:neutral:2015:fca:139	2015 FCA 139
3:neutral:2015:fca:141	2015 FCA 141
3:neutral:2015:fca:143	2015 FCA 143
3:neutral:2015:fca:148	2015 FCA 148
3:neutral:2015:fca:150	2015 FCA 150
3:neutral:2015:fca:151	2015 FCA 151
3:neutral:2015:fca:153	2015 FCA 153
3:neutral:2015:fca:154	2015 FCA 154
3:neutral:2015:fca:158	2015 FCA 158
3:neutral:2015:fca:159	2015 FCA 159
3:neutral:2015:fca:160	2015 FCA 160
3:neutral:2015:fca:163	2015 FCA 163
3:neutral:2015:fca:167	2015 FCA 167
3:neutral:2015:fca:17	2015 FCA 17
3:neutral:2015:fca:171	2015 FCA 171
3:neutral:2015:fca:173	2015 FCA 173
3:neutral:2015:fca:174	2015 FCA 174
3:neutral:2015:fca:177	2015 FCA 177
3:neutral:2015:fca:178	2015 FCA 178
3:neutral:2015:fca:179	2015 FCA 179
3:neutral:2015:fca:180	2015 FCA 180
3:neutral:2015:fca:181	2015 FCA 181
3:neutral:2015:fca:186	2015 FCA 186
3:neutral:2015:fca:198	2015 FCA 198
3:neutral:2015:fca:21	2015 FCA 21
3:neutral:2015:fca:211	2015 FCA 211
3:neutral:2015:fca:215	2015 FCA 215
3:neutral:2015:fca:216	2015 FCA 216
3:neutral:2015:fca:222	2015 FCA 222
3:neutral:2015:fca:225	2015 FCA 225
3:neutral:2015:fca:227	2015 FCA 227
3:neutral:2015:fca:236	2015 FCA 236
3:neutral:2015:fca:237	2015 FCA 237
3:neutral:2015:fca:241	2015 FCA 241
3:neutral:2015:fca:248	2015 FCA 248
3:neutral:2015:fca:249	2015 FCA 249
3:neutral:2015:fca:250	2015 FCA 250
3:neutral:2015:fca:257	2015 FCA 257
3:neutral:2015:fca:263	2015 FCA 263
3:neutral:2015:fca:268	2015 FCA 268
3:neutral:2015:fca:272	2015 FCA 272
3:neutral:2015:fca:273	2015 FCA 273
3:neutral:2015:fca:279	2015 FCA 279
3:neutral:2015:fca:281	2015 FCA 281
3:neutral:2015:fca:289	2015 FCA 289
3:neutral:2015:fca:29	2015 FCA 29
3:neutral:2015:fca:291	2015 FCA 291
3:neutral:2015:fca:30	2015 FCA 30
3:neutral:2015:fca:33	2015 FCA 33
3:neutral:2015:fca:34	2015 FCA 34
3:neutral:2015:fca:37	2015 FCA 37
3:neutral:2015:fca:4	2015 FCA 4
3:neutral:2015:fca:40	2015 FCA 40
3:neutral:2015:fca:43	2015 FCA 43
3:neutral:2015:fca:45	2015 FCA 45
3:neutral:2015:fca:46	2015 FCA 46
3:neutral:2015:fca:47	2015 FCA 47
3:neutral:2015:fca:51	2015 FCA 51
3:neutral:2015:fca:52	2015 FCA 52
3:neutral:2015:fca:57	2015 FCA 57
3:neutral:2015:fca:58	2015 FCA 58
3:neutral:2015:fca:60	2015 FCA 60
3:neutral:2015:fca:85	2015 FCA 85
3:neutral:2015:fca:86	2015 FCA 86
3:neutral:2015:fca:88	2015 FCA 88
3:neutral:2015:fca:89	2015 FCA 89
3:neutral:2015:fca:9	2015 FCA 9
3:neutral:2015:fca:93	2015 FCA 93
3:neutral:2015:fca:94	2015 FCA 94
3:neutral:2015:fca:95	2015 FCA 95
3:neutral:2015:nsca:104	2015 NSCA 104
3:neutral:2015:nsca:107	2015 NSCA 107
3:neutral:2015:nsca:12	2015 NSCA 12
3:neutral:2015:nsca:13	2015 NSCA 13
3:neutral:2015:nsca:27	2015 NSCA 27
3:neutral:2015:nsca:30	2015 NSCA 30
3:neutral:2015:nsca:32	2015 NSCA 32
3:neutral:2015:nsca:40	2015 NSCA 40
3:neutral:2015:nsca:41	2015 NSCA 41
3:neutral:2015:nsca:47	2015 NSCA 47
3:neutral:2015:nsca:5	2015 NSCA 5
3:neutral:2015:nsca:53	2015 NSCA 53
3:neutral:2015:nsca:6	2015 NSCA 6
3:neutral:2015:nsca:63	2015 NSCA 63
3:neutral:2015:nsca:72	2015 NSCA 72
3:neutral:2015:nsca:8	2015 NSCA 8
3:neutral:2015:nsca:95	2015 NSCA 95
3:neutral:2015:nspc:49	2015 NSPC 49
3:neutral:2015:nssc:199	2015 NSSC 199
3:neutral:2015:nssc:219	2015 NSSC 219
3:neutral:2015:nssc:224	2015 NSSC 224
3:neutral:2015:nssc:25	2015 NSSC 25
3:neutral:2015:nssc:274	2015 NSSC 274
3:neutral:2015:nssc:318	2015 NSSC 318
3:neutral:2015:nssc:331	2015 NSSC 331
3:neutral:2015:onca:102	2015 ONCA 102
3:neutral:2015:onca:104	2015 ONCA 104
3:neutral:2015:onca:110	2015 ONCA 110
3:neutral:2015:onca:111	2015 ONCA 111
3:neutral:2015:onca:112	2015 ONCA 112
3:neutral:2015:onca:113	2015 ONCA 113
3:neutral:2015:onca:114	2015 ONCA 114
3:neutral:2015:onca:115	2015 ONCA 115
3:neutral:2015:onca:13	2015 ONCA 13
3:neutral:2015:onca:131	2015 ONCA 131
3:neutral:2015:onca:152	2015 ONCA 152
3:neutral:2015:onca:158	2015 ONCA 158
3:neutral:2015:onca:159	2015 ONCA 159
3:neutral:2015:onca:165	2015 ONCA 165
3:neutral:2015:onca:168	2015 ONCA 168
3:neutral:2015:onca:171	2015 ONCA 171
3:neutral:2015:onca:173	2015 ONCA 173
3:neutral:2015:onca:182	2015 ONCA 182
3:neutral:2015:onca:185	2015 ONCA 185
3:neutral:2015:onca:189	2015 ONCA 189
3:neutral:2015:onca:190	2015 ONCA 190
3:neutral:2015:onca:205	2015 ONCA 205
3:neutral:2015:onca:206	2015 ONCA 206
3:neutral:2015:onca:208	2015 ONCA 208
3:neutral:2015:onca:21	2015 ONCA 21
3:neutral:2015:onca:212	2015 ONCA 212
3:neutral:2015:onca:227	2015 ONCA 227
3:neutral:2015:onca:23	2015 ONCA 23
3:neutral:2015:onca:233	2015 ONCA 233
3:neutral:2015:onca:236	2015 ONCA 236
3:neutral:2015:onca:237	2015 ONCA 237
3:neutral:2015:onca:242	2015 ONCA 242
3:neutral:2015:onca:247	2015 ONCA 247
3:neutral:2015:onca:248	2015 ONCA 248
3:neutral:2015:onca:249	2015 ONCA 249
3:neutral:2015:onca:25	2015 ONCA 25
3:neutral:2015:onca:250	2015 ONCA 250
3:neutral:2015:onca:258	2015 ONCA 258
3:neutral:2015:onca:259	2015 ONCA 259
3:neutral:2015:onca:260	2015 ONCA 260
3:neutral:2015:onca:269	2015 ONCA 269
3:neutral:2015:onca:27	2015 ONCA 27
3:neutral:2015:onca:270	2015 ONCA 270
3:neutral:2015:onca:276	2015 ONCA 276
3:neutral:2015:onca:278	2015 ONCA 278
3:neutral:2015:onca:28	2015 ONCA 28
3:neutral:2015:onca:280	2015 ONCA 280
3:neutral:2015:onca:281	2015 ONCA 281
3:neutral:2015:onca:282	2015 ONCA 282
3:neutral:2015:onca:285	2015 ONCA 285
3:neutral:2015:onca:286	2015 ONCA 286
3:neutral:2015:onca:290	2015 ONCA 290
3:neutral:2015:onca:291	2015 ONCA 291
3:neutral:2015:onca:294	2015 ONCA 294
3:neutral:2015:onca:3	2015 ONCA 3
3:neutral:2015:onca:30	2015 ONCA 30
3:neutral:2015:onca:305	2015 ONCA 305
3:neutral:2015:onca:309	2015 ONCA 309
3:neutral:2015:onca:31	2015 ONCA 31
3:neutral:2015:onca:316	2015 ONCA 316
3:neutral:2015:onca:317	2015 ONCA 317
3:neutral:2015:onca:318	2015 ONCA 318
3:neutral:2015:onca:320	2015 ONCA 320
3:neutral:2015:onca:321	2015 ONCA 321
3:neutral:2015:onca:330	2015 ONCA 330
3:neutral:2015:onca:331	2015 ONCA 331
3:neutral:2015:onca:347	2015 ONCA 347
3:neutral:2015:onca:348	2015 ONCA 348
3:neutral:2015:onca:349	2015 ONCA 349
3:neutral:2015:onca:350	2015 ONCA 350
3:neutral:2015:onca:352	2015 ONCA 352
3:neutral:2015:onca:354	2015 ONCA 354
3:neutral:2015:onca:355	2015 ONCA 355
3:neutral:2015:onca:36	2015 ONCA 36
3:neutral:2015:onca:360	2015 ONCA 360
3:neutral:2015:onca:361	2015 ONCA 361
3:neutral:2015:onca:368	2015 ONCA 368
3:neutral:2015:onca:37	2015 ONCA 37
3:neutral:2015:onca:373	2015 ONCA 373
3:neutral:2015:onca:377	2015 ONCA 377
3:neutral:2015:onca:379	2015 ONCA 379
3:neutral:2015:onca:381	2015 ONCA 381
3:neutral:2015:onca:382	2015 ONCA 382
3:neutral:2015:onca:39	2015 ONCA 39
3:neutral:2015:onca:392	2015 ONCA 392
3:neutral:2015:onca:394	2015 ONCA 394
3:neutral:2015:onca:396	2015 ONCA 396
3:neutral:2015:onca:397	2015 ONCA 397
3:neutral:2015:onca:398	2015 ONCA 398
3:neutral:2015:onca:4	2015 ONCA 4
3:neutral:2015:onca:400	2015 ONCA 400
3:neutral:2015:onca:406	2015 ONCA 406
3:neutral:2015:onca:409	2015 ONCA 409
3:neutral:2015:onca:412	2015 ONCA 412
3:neutral:2015:onca:414	2015 ONCA 414
3:neutral:2015:onca:426	2015 ONCA 426
3:neutral:2015:onca:441	2015 ONCA 441
3:neutral:2015:onca:442	2015 ONCA 442
3:neutral:2015:onca:444	2015 ONCA 444
3:neutral:2015:onca:447	2015 ONCA 447
3:neutral:2015:onca:448	2015 ONCA 448
3:neutral:2015:onca:449	2015 ONCA 449
3:neutral:2015:onca:45	2015 ONCA 45
3:neutral:2015:onca:450	2015 ONCA 450
3:neutral:2015:onca:462	2015 ONCA 462
3:neutral:2015:onca:463	2015 ONCA 463
3:neutral:2015:onca:465	2015 ONCA 465
3:neutral:2015:onca:466	2015 ONCA 466
3:neutral:2015:onca:471	2015 ONCA 471
3:neutral:2015:onca:477	2015 ONCA 477
3:neutral:2015:onca:481	2015 ONCA 481
3:neutral:2015:onca:484	2015 ONCA 484
3:neutral:2015:onca:488	2015 ONCA 488
3:neutral:2015:onca:494	2015 ONCA 494
3:neutral:2015:onca:495	2015 ONCA 495
3:neutral:2015:onca:498	2015 ONCA 498
3:neutral:2015:onca:50	2015 ONCA 50
3:neutral:2015:onca:508	2015 ONCA 508
3:neutral:2015:onca:513	2015 ONCA 513
3:neutral:2015:onca:514	2015 ONCA 514
3:neutral:2015:onca:516	2015 ONCA 516
3:neutral:2015:onca:517	2015 ONCA 517
3:neutral:2015:onca:519	2015 ONCA 519
3:neutral:2015:onca:520	2015 ONCA 520
3:neutral:2015:onca:53	2015 ONCA 53
3:neutral:2015:onca:531	2015 ONCA 531
3:neutral:2015:onca:535	2015 ONCA 535
3:neutral:2015:onca:536	2015 ONCA 536
3:neutral:2015:onca:54	2015 ONCA 54
3:neutral:2015:onca:541	2015 ONCA 541
3:neutral:2015:onca:543	2015 ONCA 543
3:neutral:2015:onca:55	2015 ONCA 55
3:neutral:2015:onca:553	2015 ONCA 553
3:neutral:2015:onca:557	2015 ONCA 557
3:neutral:2015:onca:558	2015 ONCA 558
3:neutral:2015:onca:56	2015 ONCA 56
3:neutral:2015:onca:567	2015 ONCA 567
3:neutral:2015:onca:568	2015 ONCA 568
3:neutral:2015:onca:569	2015 ONCA 569
3:neutral:2015:onca:570	2015 ONCA 570
3:neutral:2015:onca:571	2015 ONCA 571
3:neutral:2015:onca:572	2015 ONCA 572
3:neutral:2015:onca:575	2015 ONCA 575
3:neutral:2015:onca:576	2015 ONCA 576
3:neutral:2015:onca:577	2015 ONCA 577
3:neutral:2015:onca:578	2015 ONCA 578
3:neutral:2015:onca:579	2015 ONCA 579
3:neutral:2015:onca:580	2015 ONCA 580
3:neutral:2015:onca:581	2015 ONCA 581
3:neutral:2015:onca:583	2015 ONCA 583
3:neutral:2015:onca:585	2015 ONCA 585
3:neutral:2015:onca:587	2015 ONCA 587
3:neutral:2015:onca:592	2015 ONCA 592
3:neutral:2015:onca:596	2015 ONCA 596
3:neutral:2015:onca:597	2015 ONCA 597
3:neutral:2015:onca:6	2015 ONCA 6
3:neutral:2015:onca:602	2015 ONCA 602
3:neutral:2015:onca:603	2015 ONCA 603
3:neutral:2015:onca:609	2015 ONCA 609
3:neutral:2015:onca:616	2015 ONCA 616
3:neutral:2015:onca:619	2015 ONCA 619
3:neutral:2015:onca:623	2015 ONCA 623
3:neutral:2015:onca:626	2015 ONCA 626
3:neutral:2015:onca:63	2015 ONCA 63
3:neutral:2015:onca:631	2015 ONCA 631
3:neutral:2015:onca:639	2015 ONCA 639
3:neutral:2015:onca:641	2015 ONCA 641
3:neutral:2015:onca:644	2015 ONCA 644
3:neutral:2015:onca:65	2015 ONCA 65
3:neutral:2015:onca:652	2015 ONCA 652
3:neutral:2015:onca:654	2015 ONCA 654
3:neutral:2015:onca:655	2015 ONCA 655
3:neutral:2015:onca:656	2015 ONCA 656
3:neutral:2015:onca:657	2015 ONCA 657
3:neutral:2015:onca:658	2015 ONCA 658
3:neutral:2015:onca:661	2015 ONCA 661
3:neutral:2015:onca:663	2015 ONCA 663
3:neutral:2015:onca:664	2015 ONCA 664
3:neutral:2015:onca:67	2015 ONCA 67
3:neutral:2015:onca:670	2015 ONCA 670
3:neutral:2015:onca:677	2015 ONCA 677
3:neutral:2015:onca:681	2015 ONCA 681
3:neutral:2015:onca:684	2015 ONCA 684
3:neutral:2015:onca:69	2015 ONCA 69
3:neutral:2015:onca:692	2015 ONCA 692
3:neutral:2015:onca:695	2015 ONCA 695
3:neutral:2015:onca:699	2015 ONCA 699
3:neutral:2015:onca:700	2015 ONCA 700
3:neutral:2015:onca:702	2015 ONCA 702
3:neutral:2015:onca:705	2015 ONCA 705
3:neutral:2015:onca:71	2015 ONCA 71
3:neutral:2015:onca:712	2015 ONCA 712
3:neutral:2015:onca:713	2015 ONCA 713
3:neutral:2015:onca:716	2015 ONCA 716
3:neutral:2015:onca:718	2015 ONCA 718
3:neutral:2015:onca:722	2015 ONCA 722
3:neutral:2015:onca:725	2015 ONCA 725
3:neutral:2015:onca:726	2015 ONCA 726
3:neutral:2015:onca:729	2015 ONCA 729
3:neutral:2015:onca:732	2015 ONCA 732
3:neutral:2015:onca:733	2015 ONCA 733
3:neutral:2015:onca:734	2015 ONCA 734
3:neutral:2015:onca:738	2015 ONCA 738
3:neutral:2015:onca:746	2015 ONCA 746
3:neutral:2015:onca:747	2015 ONCA 747
3:neutral:2015:onca:750	2015 ONCA 750
3:neutral:2015:onca:751	2015 ONCA 751
3:neutral:2015:onca:752	2015 ONCA 752
3:neutral:2015:onca:756	2015 ONCA 756
3:neutral:2015:onca:758	2015 ONCA 758
3:neutral:2015:onca:759	2015 ONCA 759
3:neutral:2015:onca:760	2015 ONCA 760
3:neutral:2015:onca:762	2015 ONCA 762
3:neutral:2015:onca:764	2015 ONCA 764
3:neutral:2015:onca:768	2015 ONCA 768
3:neutral:2015:onca:770	2015 ONCA 770
3:neutral:2015:onca:771	2015 ONCA 771
3:neutral:2015:onca:774	2015 ONCA 774
3:neutral:2015:onca:777	2015 ONCA 777
3:neutral:2015:onca:778	2015 ONCA 778
3:neutral:2015:onca:780	2015 ONCA 780
3:neutral:2015:onca:781	2015 ONCA 781
3:neutral:2015:onca:784	2015 ONCA 784
3:neutral:2015:onca:8	2015 ONCA 8
3:neutral:2015:onca:800	2015 ONCA 800
3:neutral:2015:onca:801	2015 ONCA 801
3:neutral:2015:onca:803	2015 ONCA 803
3:neutral:2015:onca:806	2015 ONCA 806
3:neutral:2015:onca:810	2015 ONCA 810
3:neutral:2015:onca:813	2015 ONCA 813
3:neutral:2015:onca:814	2015 ONCA 814
3:neutral:2015:onca:818	2015 ONCA 818
3:neutral:2015:onca:819	2015 ONCA 819
3:neutral:2015:onca:827	2015 ONCA 827
3:neutral:2015:onca:828	2015 ONCA 828
3:neutral:2015:onca:830	2015 ONCA 830
3:neutral:2015:onca:831	2015 ONCA 831
3:neutral:2015:onca:832	2015 ONCA 832
3:neutral:2015:onca:842	2015 ONCA 842
3:neutral:2015:onca:846	2015 ONCA 846
3:neutral:2015:onca:847	2015 ONCA 847
3:neutral:2015:onca:854	2015 ONCA 854
3:neutral:2015:onca:857	2015 ONCA 857
3:neutral:2015:onca:86	2015 ONCA 86
3:neutral:2015:onca:866	2015 ONCA 866
3:neutral:2015:onca:88	2015 ONCA 88
3:neutral:2015:onca:880	2015 ONCA 880
3:neutral:2015:onca:885	2015 ONCA 885
3:neutral:2015:onca:887	2015 ONCA 887
3:neutral:2015:onca:889	2015 ONCA 889
3:neutral:2015:onca:891	2015 ONCA 891
3:neutral:2015:onca:900	2015 ONCA 900
3:neutral:2015:onca:901	2015 ONCA 901
3:neutral:2015:onca:903	2015 ONCA 903
3:neutral:2015:onca:905	2015 ONCA 905
3:neutral:2015:onca:906	2015 ONCA 906
3:neutral:2015:onca:909	2015 ONCA 909
3:neutral:2015:onca:911	2015 ONCA 911
3:neutral:2015:onca:912	2015 ONCA 912
3:neutral:2015:onca:918	2015 ONCA 918
3:neutral:2015:onca:919	2015 ONCA 919
3:neutral:2015:onca:920	2015 ONCA 920
3:neutral:2015:onca:921	2015 ONCA 921
3:neutral:2015:onca:927	2015 ONCA 927
3:neutral:2015:onca:928	2015 ONCA 928
3:neutral:2015:onca:929	2015 ONCA 929
3:neutral:2015:onca:93	2015 ONCA 93
3:neutral:2015:onca:94	2015 ONCA 94
3:neutral:2015:onca:97	2015 ONCA 97
3:neutral:2015:onca:98	2015 ONCA 98
3:neutral:2015:scc:1	2015 SCC 1
3:neutral:2015:scc:10	2015 SCC 10
3:neutral:2015:scc:11	2015 SCC 11
3:neutral:2015:scc:12	2015 SCC 12
3:neutral:2015:scc:15	2015 SCC 15
3:neutral:2015:scc:16	2015 SCC 16
3:neutral:2015:scc:17	2015 SCC 17
3:neutral:2015:scc:18	2015 SCC 18
3:neutral:2015:scc:2	2015 SCC 2
3:neutral:2015:scc:23	2015 SCC 23
3:neutral:2015:scc:24	2015 SCC 24
3:neutral:2015:scc:25	2015 SCC 25
3:neutral:2015:scc:26	2015 SCC 26
3:neutral:2015:scc:30	2015 SCC 30
3:neutral:2015:scc:31	2015 SCC 31
3:neutral:2015:scc:32	2015 SCC 32
3:neutral:2015:scc:38	2015 SCC 38
3:neutral:2015:scc:4	2015 SCC 4
3:neutral:2015:scc:41	2015 SCC 41
3:neutral:2015:scc:42	2015 SCC 42
3:neutral:2015:scc:47	2015 SCC 47
3:neutral:2015:scc:5	2015 SCC 5
3:neutral:2015:scc:53	2015 SCC 53
3:neutral:2015:scc:55	2015 SCC 55
3:neutral:2015:scc:56	2015 SCC 56
3:neutral:2015:scc:59	2015 SCC 59
3:neutral:2015:scc:60	2015 SCC 60
3:neutral:2015:scc:61	2015 SCC 61
3:neutral:2015:scc:64	2015 SCC 64
3:neutral:2015:scc:7	2015 SCC 7
3:neutral:2015:tcc:123	2015 TCC 123
3:neutral:2015:tcc:137	2015 TCC 137
3:neutral:2015:tcc:14	2015 TCC 14
3:neutral:2015:tcc:157	2015 TCC 157
3:neutral:2015:tcc:178	2015 TCC 178
3:neutral:2015:tcc:186	2015 TCC 186
3:neutral:2015:tcc:244	2015 TCC 244
3:neutral:2015:tcc:263	2015 TCC 263
3:neutral:2015:tcc:274	2015 TCC 274
3:neutral:2015:tcc:32	2015 TCC 32
3:neutral:2015:tcc:42	2015 TCC 42
3:neutral:2015:tcc:44	2015 TCC 44
3:neutral:2015:tcc:65	2015 TCC 65
3:neutral:2015:tcc:71	2015 TCC 71
3:neutral:2015:ykca:13	2015 YKCA 13
3:neutral:2016:bcca:113	2016 BCCA 113
3:neutral:2016:bcca:115	2016 BCCA 115
3:neutral:2016:bcca:119	2016 BCCA 119
3:neutral:2016:bcca:127	2016 BCCA 127
3:neutral:2016:bcca:129	2016 BCCA 129
3:neutral:2016:bcca:140	2016 BCCA 140
3:neutral:2016:bcca:146	2016 BCCA 146
3:neutral:2016:bcca:151	2016 BCCA 151
3:neutral:2016:bcca:154	2016 BCCA 154
3:neutral:2016:bcca:155	2016 BCCA 155
3:neutral:2016:bcca:156	2016 BCCA 156
3:neutral:2016:bcca:161	2016 BCCA 161
3:neutral:2016:bcca:165	2016 BCCA 165
3:neutral:2016:bcca:173	2016 BCCA 173
3:neutral:2016:bcca:177	2016 BCCA 177
3:neutral:2016:bcca:186	2016 BCCA 186
3:neutral:2016:bcca:190	2016 BCCA 190
3:neutral:2016:bcca:220	2016 BCCA 220
3:neutral:2016:bcca:234	2016 BCCA 234
3:neutral:2016:bcca:235	2016 BCCA 235
3:neutral:2016:bcca:24	2016 BCCA 24
3:neutral:2016:bcca:240	2016 BCCA 240
3:neutral:2016:bcca:256	2016 BCCA 256
3:neutral:2016:bcca:26	2016 BCCA 26
3:neutral:2016:bcca:282	2016 BCCA 282
3:neutral:2016:bcca:288	2016 BCCA 288
3:neutral:2016:bcca:3	2016 BCCA 3
3:neutral:2016:bcca:307	2016 BCCA 307
3:neutral:2016:bcca:310	2016 BCCA 310
3:neutral:2016:bcca:332	2016 BCCA 332
3:neutral:2016:bcca:350	2016 BCCA 350
3:neutral:2016:bcca:352	2016 BCCA 352
3:neutral:2016:bcca:355	2016 BCCA 355
3:neutral:2016:bcca:371	2016 BCCA 371
3:neutral:2016:bcca:372	2016 BCCA 372
3:neutral:2016:bcca:376	2016 BCCA 376
3:neutral:2016:bcca:379	2016 BCCA 379
3:neutral:2016:bcca:391	2016 BCCA 391
3:neutral:2016:bcca:393	2016 BCCA 393
3:neutral:2016:bcca:41	2016 BCCA 41
3:neutral:2016:bcca:416	2016 BCCA 416
3:neutral:2016:bcca:423	2016 BCCA 423
3:neutral:2016:bcca:424	2016 BCCA 424
3:neutral:2016:bcca:427	2016 BCCA 427
3:neutral:2016:bcca:467	2016 BCCA 467
3:neutral:2016:bcca:471	2016 BCCA 471
3:neutral:2016:bcca:5	2016 BCCA 5
3:neutral:2016:bcca:63	2016 BCCA 63
3:neutral:2016:bcca:7	2016 BCCA 7
3:neutral:2016:bcca:71	2016 BCCA 71
3:neutral:2016:bcca:88	2016 BCCA 88
3:neutral:2016:bcca:96	2016 BCCA 96
3:neutral:2016:bcca:99	2016 BCCA 99
3:neutral:2016:bcsc:1170	2016 BCSC 1170
3:neutral:2016:bcsc:1321	2016 BCSC 1321
3:neutral:2016:bcsc:1435	2016 BCSC 1435
3:neutral:2016:bcsc:1474	2016 BCSC 1474
3:neutral:2016:bcsc:1551	2016 BCSC 1551
3:neutral:2016:bcsc:1712	2016 BCSC 1712
3:neutral:2016:bcsc:1803	2016 BCSC 1803
3:neutral:2016:bcsc:1847	2016 BCSC 1847
3:neutral:2016:bcsc:2148	2016 BCSC 2148
3:neutral:2016:bcsc:2218	2016 BCSC 2218
3:neutral:2016:bcsc:2416	2016 BCSC 2416
3:neutral:2016:bcsc:34	2016 BCSC 34
3:neutral:2016:bcsc:636	2016 BCSC 636
3:neutral:2016:bcsc:68	2016 BCSC 68
3:neutral:2016:chrt:2	2016 CHRT 2
3:neutral:2016:cirb:831	2016 CIRB 831
3:neutral:2016:cmac:1	2016 CMAC 1
3:neutral:2016:cmac:2	2016 CMAC 2
3:neutral:2016:fc:1013	2016 FC 1013
3:neutral:2016:fc:1019	2016 FC 1019
3:neutral:2016:fc:1040	2016 FC 1040
3:neutral:2016:fc:1105	2016 FC 1105
3:neutral:2016:fc:1159	2016 FC 1159
3:neutral:2016:fc:1192	2016 FC 1192
3:neutral:2016:fc:1199	2016 FC 1199
3:neutral:2016:fc:1253	2016 FC 1253
3:neutral:2016:fc:1255	2016 FC 1255
3:neutral:2016:fc:1329	2016 FC 1329
3:neutral:2016:fc:136	2016 FC 136
3:neutral:2016:fc:1363	2016 FC 1363
3:neutral:2016:fc:1389	2016 FC 1389
3:neutral:2016:fc:152	2016 FC 152
3:neutral:2016:fc:190	2016 FC 190
3:neutral:2016:fc:216	2016 FC 216
3:neutral:2016:fc:236	2016 FC 236
3:neutral:2016:fc:315	2016 FC 315
3:neutral:2016:fc:437	2016 FC 437
3:neutral:2016:fc:464	2016 FC 464
3:neutral:2016:fc:509	2016 FC 509
3:neutral:2016:fc:522	2016 FC 522
3:neutral:2016:fc:537	2016 FC 537
3:neutral:2016:fc:580	2016 FC 580
3:neutral:2016:fc:595	2016 FC 595
3:neutral:2016:fc:600	2016 FC 600
3:neutral:2016:fc:670	2016 FC 670
3:neutral:2016:fc:881	2016 FC 881
3:neutral:2016:fc:883	2016 FC 883
3:neutral:2016:fc:933	2016 FC 933
3:neutral:2016:fc:934	2016 FC 934
3:neutral:2016:fca:107	2016 FCA 107
3:neutral:2016:fca:112	2016 FCA 112
3:neutral:2016:fca:114	2016 FCA 114
3:neutral:2016:fca:115	2016 FCA 115
3:neutral:2016:fca:117	2016 FCA 117
3:neutral:2016:fca:119	2016 FCA 119
3:neutral:2016:fca:123	2016 FCA 123
3:neutral:2016:fca:124	2016 FCA 124
3:neutral:2016:fca:126	2016 FCA 126
3:neutral:2016:fca:130	2016 FCA 130
3:neutral:2016:fca:131	2016 FCA 131
3:neutral:2016:fca:133	2016 FCA 133
3:neutral:2016:fca:137	2016 FCA 137
3:neutral:2016:fca:139	2016 FCA 139
3:neutral:2016:fca:143	2016 FCA 143
3:neutral:2016:fca:144	2016 FCA 144
3:neutral:2016:fca:149	2016 FCA 149
3:neutral:2016:fca:150	2016 FCA 150
3:neutral:2016:fca:151	2016 FCA 151
3:neutral:2016:fca:152	2016 FCA 152
3:neutral:2016:fca:155	2016 FCA 155
3:neutral:2016:fca:157	2016 FCA 157
3:neutral:2016:fca:160	2016 FCA 160
3:neutral:2016:fca:161	2016 FCA 161
3:neutral:2016:fca:175	2016 FCA 175
3:neutral:2016:fca:176	2016 FCA 176
3:neutral:2016:fca:177	2016 FCA 177
3:neutral:2016:fca:178	2016 FCA 178
3:neutral:2016:fca:179	2016 FCA 179
3:neutral:2016:fca:180	2016 FCA 180
3:neutral:2016:fca:187	2016 FCA 187
3:neutral:2016:fca:189	2016 FCA 189
3:neutral:2016:fca:191	2016 FCA 191
3:neutral:2016:fca:195	2016 FCA 195
3:neutral:2016:fca:196	2016 FCA 196
3:neutral:2016:fca:200	2016 FCA 200
3:neutral:2016:fca:203	2016 FCA 203
3:neutral:2016:fca:211	2016 FCA 211
3:neutral:2016:fca:212	2016 FCA 212
3:neutral:2016:fca:215	2016 FCA 215
3:neutral:2016:fca:216	2016 FCA 216
3:neutral:2016:fca:217	2016 FCA 217
3:neutral:2016:fca:218	2016 FCA 218
3:neutral:2016:fca:220	2016 FCA 220
3:neutral:2016:fca:229	2016 FCA 229
3:neutral:2016:fca:236	2016 FCA 236
3:neutral:2016:fca:237	2016 FCA 237
3:neutral:2016:fca:248	2016 FCA 248
3:neutral:2016:fca:257	2016 FCA 257
3:neutral:2016:fca:259	2016 FCA 259
3:neutral:2016:fca:26	2016 FCA 26
3:neutral:2016:fca:265	2016 FCA 265
3:neutral:2016:fca:267	2016 FCA 267
3:neutral:2016:fca:28	2016 FCA 28
3:neutral:2016:fca:282	2016 FCA 282
3:neutral:2016:fca:3	2016 FCA 3
3:neutral:2016:fca:30	2016 FCA 30
3:neutral:2016:fca:300	2016 FCA 300
3:neutral:2016:fca:303	2016 FCA 303
3:neutral:2016:fca:304	2016 FCA 304
3:neutral:2016:fca:311	2016 FCA 311
3:neutral:2016:fca:319	2016 FCA 319
3:neutral:2016:fca:35	2016 FCA 35
3:neutral:2016:fca:38	2016 FCA 38
3:neutral:2016:fca:39	2016 FCA 39
3:neutral:2016:fca:4	2016 FCA 4
3:neutral:2016:fca:42	2016 FCA 42
3:neutral:2016:fca:44	2016 FCA 44
3:neutral:2016:fca:5	2016 FCA 5
3:neutral:2016:fca:51	2016 FCA 51
3:neutral:2016:fca:52	2016 FCA 52
3:neutral:2016:fca:53	2016 FCA 53
3:neutral:2016:fca:63	2016 FCA 63
3:neutral:2016:fca:64	2016 FCA 64
3:neutral:2016:fca:65	2016 FCA 65
3:neutral:2016:fca:69	2016 FCA 69
3:neutral:2016:fca:7	2016 FCA 7
3:neutral:2016:fca:75	2016 FCA 75
3:neutral:2016:fca:76	2016 FCA 76
3:neutral:2016:fca:79	2016 FCA 79
3:neutral:2016:fca:9	2016 FCA 9
3:neutral:2016:fca:92	2016 FCA 92
3:neutral:2016:fca:93	2016 FCA 93
3:neutral:2016:fca:94	2016 FCA 94
3:neutral:2016:fca:96	2016 FCA 96
3:neutral:2016:fca:99	2016 FCA 99
3:neutral:2016:nsca:1	2016 NSCA 1
3:neutral:2016:nsca:16	2016 NSCA 16
3:neutral:2016:nsca:22	2016 NSCA 22
3:neutral:2016:nsca:34	2016 NSCA 34
3:neutral:2016:nsca:35	2016 NSCA 35
3:neutral:2016:nsca:45	2016 NSCA 45
3:neutral:2016:nsca:67	2016 NSCA 67
3:neutral:2016:nsca:7	2016 NSCA 7
3:neutral:2016:nsca:75	2016 NSCA 75
3:neutral:2016:nsca:89	2016 NSCA 89
3:neutral:2016:nspc:19	2016 NSPC 19
3:neutral:2016:nssc:134	2016 NSSC 134
3:neutral:2016:onca:101	2016 ONCA 101
3:neutral:2016:onca:104	2016 ONCA 104
3:neutral:2016:onca:108	2016 ONCA 108
3:neutral:2016:onca:11	2016 ONCA 11
3:neutral:2016:onca:113	2016 ONCA 113
3:neutral:2016:onca:117	2016 ONCA 117
3:neutral:2016:onca:118	2016 ONCA 118
3:neutral:2016:onca:119	2016 ONCA 119
3:neutral:2016:onca:12	2016 ONCA 12
3:neutral:2016:onca:120	2016 ONCA 120
3:neutral:2016:onca:128	2016 ONCA 128
3:neutral:2016:onca:13	2016 ONCA 13
3:neutral:2016:onca:130	2016 ONCA 130
3:neutral:2016:onca:131	2016 ONCA 131
3:neutral:2016:onca:134	2016 ONCA 134
3:neutral:2016:onca:135	2016 ONCA 135
3:neutral:2016:onca:138	2016 ONCA 138
3:neutral:2016:onca:140	2016 ONCA 140
3:neutral:2016:onca:145	2016 ONCA 145
3:neutral:2016:onca:148	2016 ONCA 148
3:neutral:2016:onca:150	2016 ONCA 150
3:neutral:2016:onca:152	2016 ONCA 152
3:neutral:2016:onca:160	2016 ONCA 160
3:neutral:2016:onca:161	2016 ONCA 161
3:neutral:2016:onca:164	2016 ONCA 164
3:neutral:2016:onca:167	2016 ONCA 167
3:neutral:2016:onca:168	2016 ONCA 168
3:neutral:2016:onca:175	2016 ONCA 175
3:neutral:2016:onca:179	2016 ONCA 179
3:neutral:2016:onca:184	2016 ONCA 184
3:neutral:2016:onca:187	2016 ONCA 187
3:neutral:2016:onca:191	2016 ONCA 191
3:neutral:2016:onca:196	2016 ONCA 196
3:neutral:2016:onca:197	2016 ONCA 197
3:neutral:2016:onca:206	2016 ONCA 206
3:neutral:2016:onca:217	2016 ONCA 217
3:neutral:2016:onca:22	2016 ONCA 22
3:neutral:2016:onca:225	2016 ONCA 225
3:neutral:2016:onca:227	2016 ONCA 227
3:neutral:2016:onca:228	2016 ONCA 228
3:neutral:2016:onca:23	2016 ONCA 23
3:neutral:2016:onca:236	2016 ONCA 236
3:neutral:2016:onca:24	2016 ONCA 24
3:neutral:2016:onca:241	2016 ONCA 241
3:neutral:2016:onca:242	2016 ONCA 242
3:neutral:2016:onca:243	2016 ONCA 243
3:neutral:2016:onca:246	2016 ONCA 246
3:neutral:2016:onca:247	2016 ONCA 247
3:neutral:2016:onca:248	2016 ONCA 248
3:neutral:2016:onca:249	2016 ONCA 249
3:neutral:2016:onca:250	2016 ONCA 250
3:neutral:2016:onca:251	2016 ONCA 251
3:neutral:2016:onca:252	2016 ONCA 252
3:neutral:2016:onca:256	2016 ONCA 256
3:neutral:2016:onca:269	2016 ONCA 269
3:neutral:2016:onca:271	2016 ONCA 271
3:neutral:2016:onca:274	2016 ONCA 274
3:neutral:2016:onca:275	2016 ONCA 275
3:neutral:2016:onca:280	2016 ONCA 280
3:neutral:2016:onca:284	2016 ONCA 284
3:neutral:2016:onca:287	2016 ONCA 287
3:neutral:2016:onca:294	2016 ONCA 294
3:neutral:2016:onca:296	2016 ONCA 296
3:neutral:2016:onca:298	2016 ONCA 298
3:neutral:2016:onca:303	2016 ONCA 303
3:neutral:2016:onca:308	2016 ONCA 308
3:neutral:2016:onca:309	2016 ONCA 309
3:neutral:2016:onca:310	2016 ONCA 310
3:neutral:2016:onca:315	2016 ONCA 315
3:neutral:2016:onca:318	2016 ONCA 318
3:neutral:2016:onca:324	2016 ONCA 324
3:neutral:2016:onca:325	2016 ONCA 325
3:neutral:2016:onca:327	2016 ONCA 327
3:neutral:2016:onca:332	2016 ONCA 332
3:neutral:2016:onca:348	2016 ONCA 348
3:neutral:2016:onca:363	2016 ONCA 363
3:neutral:2016:onca:365	2016 ONCA 365
3:neutral:2016:onca:367	2016 ONCA 367
3:neutral:2016:onca:368	2016 ONCA 368
3:neutral:2016:onca:371	2016 ONCA 371
3:neutral:2016:onca:374	2016 ONCA 374
3:neutral:2016:onca:377	2016 ONCA 377
3:neutral:2016:onca:381	2016 ONCA 381
3:neutral:2016:onca:389	2016 ONCA 389
3:neutral:2016:onca:393	2016 ONCA 393
3:neutral:2016:onca:395	2016 ONCA 395
3:neutral:2016:onca:4	2016 ONCA 4
3:neutral:2016:onca:402	2016 ONCA 402
3:neutral:2016:onca:403	2016 ONCA 403
3:neutral:2016:onca:404	2016 ONCA 404
3:neutral:2016:onca:406	2016 ONCA 406
3:neutral:2016:onca:407	2016 ONCA 407
3:neutral:2016:onca:408	2016 ONCA 408
3:neutral:2016:onca:409	2016 ONCA 409
3:neutral:2016:onca:411	2016 ONCA 411
3:neutral:2016:onca:413	2016 ONCA 413
3:neutral:2016:onca:434	2016 ONCA 434
3:neutral:2016:onca:437	2016 ONCA 437
3:neutral:2016:onca:44	2016 ONCA 44
3:neutral:2016:onca:448	2016 ONCA 448
3:neutral:2016:onca:449	2016 ONCA 449
3:neutral:2016:onca:453	2016 ONCA 453
3:neutral:2016:onca:454	2016 ONCA 454
3:neutral:2016:onca:458	2016 ONCA 458
3:neutral:2016:onca:459	2016 ONCA 459
3:neutral:2016:onca:46	2016 ONCA 46
3:neutral:2016:onca:460	2016 ONCA 460
3:neutral:2016:onca:464	2016 ONCA 464
3:neutral:2016:onca:471	2016 ONCA 471
3:neutral:2016:onca:475	2016 ONCA 475
3:neutral:2016:onca:477	2016 ONCA 477
3:neutral:2016:onca:485	2016 ONCA 485
3:neutral:2016:onca:488	2016 ONCA 488
3:neutral:2016:onca:491	2016 ONCA 491
3:neutral:2016:onca:494	2016 ONCA 494
3:neutral:2016:onca:496	2016 ONCA 496
3:neutral:2016:onca:5	2016 ONCA 5
3:neutral:2016:onca:50	2016 ONCA 50
3:neutral:2016:onca:514	2016 ONCA 514
3:neutral:2016:onca:515	2016 ONCA 515
3:neutral:2016:onca:516	2016 ONCA 516
3:neutral:2016:onca:517	2016 ONCA 517
3:neutral:2016:onca:518	2016 ONCA 518
3:neutral:2016:onca:520	2016 ONCA 520
3:neutral:2016:onca:521	2016 ONCA 521
3:neutral:2016:onca:524	2016 ONCA 524
3:neutral:2016:onca:531	2016 ONCA 531
3:neutral:2016:onca:533	2016 ONCA 533
3:neutral:2016:onca:542	2016 ONCA 542
3:neutral:2016:onca:550	2016 ONCA 550
3:neutral:2016:onca:566	2016 ONCA 566
3:neutral:2016:onca:569	2016 ONCA 569
3:neutral:2016:onca:57	2016 ONCA 57
3:neutral:2016:onca:571	2016 ONCA 571
3:neutral:2016:onca:572	2016 ONCA 572
3:neutral:2016:onca:574	2016 ONCA 574
3:neutral:2016:onca:575	2016 ONCA 575
3:neutral:2016:onca:576	2016 ONCA 576
3:neutral:2016:onca:577	2016 ONCA 577
3:neutral:2016:onca:579	2016 ONCA 579
3:neutral:2016:onca:582	2016 ONCA 582
3:neutral:2016:onca:585	2016 ONCA 585
3:neutral:2016:onca:586	2016 ONCA 586
3:neutral:2016:onca:588	2016 ONCA 588
3:neutral:2016:onca:597	2016 ONCA 597
3:neutral:2016:onca:598	2016 ONCA 598
3:neutral:2016:onca:599	2016 ONCA 599
3:neutral:2016:onca:6	2016 ONCA 6
3:neutral:2016:onca:60	2016 ONCA 60
3:neutral:2016:onca:601	2016 ONCA 601
3:neutral:2016:onca:609	2016 ONCA 609
3:neutral:2016:onca:61	2016 ONCA 61
3:neutral:2016:onca:610	2016 ONCA 610
3:neutral:2016:onca:611	2016 ONCA 611
3:neutral:2016:onca:614	2016 ONCA 614
3:neutral:2016:onca:615	2016 ONCA 615
3:neutral:2016:onca:618	2016 ONCA 618
3:neutral:2016:onca:619	2016 ONCA 619
3:neutral:2016:onca:621	2016 ONCA 621
3:neutral:2016:onca:622	2016 ONCA 622
3:neutral:2016:onca:625	2016 ONCA 625
3:neutral:2016:onca:626	2016 ONCA 626
3:neutral:2016:onca:627	2016 ONCA 627
3:neutral:2016:onca:630	2016 ONCA 630
3:neutral:2016:onca:633	2016 ONCA 633
3:neutral:2016:onca:637	2016 ONCA 637
3:neutral:2016:onca:639	2016 ONCA 639
3:neutral:2016:onca:641	2016 ONCA 641
3:neutral:2016:onca:646	2016 ONCA 646
3:neutral:2016:onca:648	2016 ONCA 648
3:neutral:2016:onca:650	2016 ONCA 650
3:neutral:2016:onca:651	2016 ONCA 651
3:neutral:2016:onca:653	2016 ONCA 653
3:neutral:2016:onca:655	2016 ONCA 655
3:neutral:2016:onca:656	2016 ONCA 656
3:neutral:2016:onca:660	2016 ONCA 660
3:neutral:2016:onca:662	2016 ONCA 662
3:neutral:2016:onca:663	2016 ONCA 663
3:neutral:2016:onca:666	2016 ONCA 666
3:neutral:2016:onca:673	2016 ONCA 673
3:neutral:2016:onca:674	2016 ONCA 674
3:neutral:2016:onca:675	2016 ONCA 675
3:neutral:2016:onca:676	2016 ONCA 676
3:neutral:2016:onca:680	2016 ONCA 680
3:neutral:2016:onca:684	2016 ONCA 684
3:neutral:2016:onca:70	2016 ONCA 70
3:neutral:2016:onca:702	2016 ONCA 702
3:neutral:2016:onca:703	2016 ONCA 703
3:neutral:2016:onca:704	2016 ONCA 704
3:neutral:2016:onca:709	2016 ONCA 709
3:neutral:2016:onca:71	2016 ONCA 71
3:neutral:2016:onca:715	2016 ONCA 715
3:neutral:2016:onca:718	2016 ONCA 718
3:neutral:2016:onca:72	2016 ONCA 72
3:neutral:2016:onca:720	2016 ONCA 720
3:neutral:2016:onca:723	2016 ONCA 723
3:neutral:2016:onca:724	2016 ONCA 724
3:neutral:2016:onca:725	2016 ONCA 725
3:neutral:2016:onca:730	2016 ONCA 730
3:neutral:2016:onca:731	2016 ONCA 731
3:neutral:2016:onca:732	2016 ONCA 732
3:neutral:2016:onca:736	2016 ONCA 736
3:neutral:2016:onca:741	2016 ONCA 741
3:neutral:2016:onca:744	2016 ONCA 744
3:neutral:2016:onca:745	2016 ONCA 745
3:neutral:2016:onca:747	2016 ONCA 747
3:neutral:2016:onca:749	2016 ONCA 749
3:neutral:2016:onca:75	2016 ONCA 75
3:neutral:2016:onca:753	2016 ONCA 753
3:neutral:2016:onca:759	2016 ONCA 759
3:neutral:2016:onca:767	2016 ONCA 767
3:neutral:2016:onca:771	2016 ONCA 771
3:neutral:2016:onca:775	2016 ONCA 775
3:neutral:2016:onca:782	2016 ONCA 782
3:neutral:2016:onca:789	2016 ONCA 789
3:neutral:2016:onca:79	2016 ONCA 79
3:neutral:2016:onca:793	2016 ONCA 793
3:neutral:2016:onca:798	2016 ONCA 798
3:neutral:2016:onca:799	2016 ONCA 799
3:neutral:2016:onca:801	2016 ONCA 801
3:neutral:2016:onca:806	2016 ONCA 806
3:neutral:2016:onca:812	2016 ONCA 812
3:neutral:2016:onca:814	2016 ONCA 814
3:neutral:2016:onca:816	2016 ONCA 816
3:neutral:2016:onca:825	2016 ONCA 825
3:neutral:2016:onca:832	2016 ONCA 832
3:neutral:2016:onca:833	2016 ONCA 833
3:neutral:2016:onca:840	2016 ONCA 840
3:neutral:2016:onca:841	2016 ONCA 841
3:neutral:2016:onca:847	2016 ONCA 847
3:neutral:2016:onca:848	2016 ONCA 848
3:neutral:2016:onca:85	2016 ONCA 85
3:neutral:2016:onca:852	2016 ONCA 852
3:neutral:2016:onca:857	2016 ONCA 857
3:neutral:2016:onca:859	2016 ONCA 859
3:neutral:2016:onca:87	2016 ONCA 87
3:neutral:2016:onca:879	2016 ONCA 879
3:neutral:2016:onca:880	2016 ONCA 880
3:neutral:2016:onca:884	2016 ONCA 884
3:neutral:2016:onca:89	2016 ONCA 89
3:neutral:2016:onca:896	2016 ONCA 896
3:neutral:2016:onca:902	2016 ONCA 902
3:neutral:2016:onca:903	2016 ONCA 903
3:neutral:2016:onca:907	2016 ONCA 907
3:neutral:2016:onca:909	2016 ONCA 909
3:neutral:2016:onca:910	2016 ONCA 910
3:neutral:2016:onca:912	2016 ONCA 912
3:neutral:2016:onca:915	2016 ONCA 915
3:neutral:2016:onca:916	2016 ONCA 916
3:neutral:2016:onca:917	2016 ONCA 917
3:neutral:2016:onca:922	2016 ONCA 922
3:neutral:2016:onca:923	2016 ONCA 923
3:neutral:2016:onca:93	2016 ONCA 93
3:neutral:2016:onca:930	2016 ONCA 930
3:neutral:2016:onca:933	2016 ONCA 933
3:neutral:2016:onca:934	2016 ONCA 934
3:neutral:2016:onca:942	2016 ONCA 942
3:neutral:2016:onca:943	2016 ONCA 943
3:neutral:2016:onca:944	2016 ONCA 944
3:neutral:2016:onca:949	2016 ONCA 949
3:neutral:2016:onca:95	2016 ONCA 95
3:neutral:2016:onca:951	2016 ONCA 951
3:neutral:2016:onca:953	2016 ONCA 953
3:neutral:2016:onca:957	2016 ONCA 957
3:neutral:2016:onca:960	2016 ONCA 960
3:neutral:2016:onca:968	2016 ONCA 968
3:neutral:2016:onca:973	2016 ONCA 973
3:neutral:2016:onca:977	2016 ONCA 977
3:neutral:2016:onca:978	2016 ONCA 978
3:neutral:2016:onca:98	2016 ONCA 98
3:neutral:2016:onca:981	2016 ONCA 981
3:neutral:2016:onca:986	2016 ONCA 986
3:neutral:2016:onca:988	2016 ONCA 988
3:neutral:2016:onca:989	2016 ONCA 989
3:neutral:2016:onca:996	2016 ONCA 996
3:neutral:2016:scc:12	2016 SCC 12
3:neutral:2016:scc:13	2016 SCC 13
3:neutral:2016:scc:14	2016 SCC 14
3:neutral:2016:scc:15	2016 SCC 15
3:neutral:2016:scc:19	2016 SCC 19
3:neutral:2016:scc:22	2016 SCC 22
3:neutral:2016:scc:23	2016 SCC 23
3:neutral:2016:scc:26	2016 SCC 26
3:neutral:2016:scc:27	2016 SCC 27
3:neutral:2016:scc:28	2016 SCC 28
3:neutral:2016:scc:29	2016 SCC 29
3:neutral:2016:scc:31	2016 SCC 31
3:neutral:2016:scc:32	2016 SCC 32
3:neutral:2016:scc:33	2016 SCC 33
3:neutral:2016:scc:37	2016 SCC 37
3:neutral:2016:scc:42	2016 SCC 42
3:neutral:2016:scc:47	2016 SCC 47
3:neutral:2016:scc:48	2016 SCC 48
3:neutral:2016:scc:52	2016 SCC 52
3:neutral:2016:scc:53	2016 SCC 53
3:neutral:2016:scc:8	2016 SCC 8
3:neutral:2016:tcc:108	2016 TCC 108
3:neutral:2016:tcc:139	2016 TCC 139
3:neutral:2016:tcc:161	2016 TCC 161
3:neutral:2016:tcc:163	2016 TCC 163
3:neutral:2016:tcc:171	2016 TCC 171
3:neutral:2016:tcc:173	2016 TCC 173
3:neutral:2016:tcc:178	2016 TCC 178
3:neutral:2016:tcc:215	2016 TCC 215
3:neutral:2016:tcc:239	2016 TCC 239
3:neutral:2016:tcc:255	2016 TCC 255
3:neutral:2016:tcc:280	2016 TCC 280
3:neutral:2016:tcc:31	2016 TCC 31
3:neutral:2016:tcc:5	2016 TCC 5
3:neutral:2016:tcc:50	2016 TCC 50
3:neutral:2016:tcc:54	2016 TCC 54
3:neutral:2016:ykca:10	2016 YKCA 10
3:neutral:2017:bcca:102	2017 BCCA 102
3:neutral:2017:bcca:105	2017 BCCA 105
3:neutral:2017:bcca:109	2017 BCCA 109
3:neutral:2017:bcca:117	2017 BCCA 117
3:neutral:2017:bcca:119	2017 BCCA 119
3:neutral:2017:bcca:129	2017 BCCA 129
3:neutral:2017:bcca:131	2017 BCCA 131
3:neutral:2017:bcca:151	2017 BCCA 151
3:neutral:2017:bcca:153	2017 BCCA 153
3:neutral:2017:bcca:160	2017 BCCA 160
3:neutral:2017:bcca:161	2017 BCCA 161
3:neutral:2017:bcca:163	2017 BCCA 163
3:neutral:2017:bcca:171	2017 BCCA 171
3:neutral:2017:bcca:186	2017 BCCA 186
3:neutral:2017:bcca:191	2017 BCCA 191
3:neutral:2017:bcca:195	2017 BCCA 195
3:neutral:2017:bcca:207	2017 BCCA 207
3:neutral:2017:bcca:214	2017 BCCA 214
3:neutral:2017:bcca:238	2017 BCCA 238
3:neutral:2017:bcca:253	2017 BCCA 253
3:neutral:2017:bcca:258	2017 BCCA 258
3:neutral:2017:bcca:264	2017 BCCA 264
3:neutral:2017:bcca:287	2017 BCCA 287
3:neutral:2017:bcca:290	2017 BCCA 290
3:neutral:2017:bcca:30	2017 BCCA 30
3:neutral:2017:bcca:302	2017 BCCA 302
3:neutral:2017:bcca:311	2017 BCCA 311
3:neutral:2017:bcca:363	2017 BCCA 363
3:neutral:2017:bcca:37	2017 BCCA 37
3:neutral:2017:bcca:374	2017 BCCA 374
3:neutral:2017:bcca:381	2017 BCCA 381
3:neutral:2017:bcca:39	2017 BCCA 39
3:neutral:2017:bcca:401	2017 BCCA 401
3:neutral:2017:bcca:415	2017 BCCA 415
3:neutral:2017:bcca:418	2017 BCCA 418
3:neutral:2017:bcca:422	2017 BCCA 422
3:neutral:2017:bcca:434	2017 BCCA 434
3:neutral:2017:bcca:448	2017 BCCA 448
3:neutral:2017:bcca:453	2017 BCCA 453
3:neutral:2017:bcca:48	2017 BCCA 48
3:neutral:2017:bcca:58	2017 BCCA 58
3:neutral:2017:bcca:59	2017 BCCA 59
3:neutral:2017:bcca:97	2017 BCCA 97
3:neutral:2017:bcca:99	2017 BCCA 99
3:neutral:2017:bcsc:1556	2017 BCSC 1556
3:neutral:2017:bcsc:1575	2017 BCSC 1575
3:neutral:2017:bcsc:158	2017 BCSC 158
3:neutral:2017:bcsc:1608	2017 BCSC 1608
3:neutral:2017:bcsc:1644	2017 BCSC 1644
3:neutral:2017:bcsc:1665	2017 BCSC 1665
3:neutral:2017:bcsc:1700	2017 BCSC 1700
3:neutral:2017:bcsc:1892	2017 BCSC 1892
3:neutral:2017:bcsc:1988	2017 BCSC 1988
3:neutral:2017:bcsc:2063	2017 BCSC 2063
3:neutral:2017:bcsc:2389	2017 BCSC 2389
3:neutral:2017:bcsc:630	2017 BCSC 630
3:neutral:2017:bcsc:676	2017 BCSC 676
3:neutral:2017:bcsc:71	2017 BCSC 71
3:neutral:2017:cirb:861	2017 CIRB 861
3:neutral:2017:cmac:2	2017 CMAC 2
3:neutral:2017:fc:1026	2017 FC 1026
3:neutral:2017:fc:1100	2017 FC 1100
3:neutral:2017:fc:121	2017 FC 121
3:neutral:2017:fc:136	2017 FC 136
3:neutral:2017:fc:139	2017 FC 139
3:neutral:2017:fc:142	2017 FC 142
3:neutral:2017:fc:199	2017 FC 199
3:neutral:2017:fc:288	2017 FC 288
3:neutral:2017:fc:292	2017 FC 292
3:neutral:2017:fc:327	2017 FC 327
3:neutral:2017:fc:350	2017 FC 350
3:neutral:2017:fc:409	2017 FC 409
3:neutral:2017:fc:446	2017 FC 446
3:neutral:2017:fc:473	2017 FC 473
3:neutral:2017:fc:482	2017 FC 482
3:neutral:2017:fc:508	2017 FC 508
3:neutral:2017:fc:526	2017 FC 526
3:neutral:2017:fc:57	2017 FC 57
3:neutral:2017:fc:571	2017 FC 571
3:neutral:2017:fc:604	2017 FC 604
3:neutral:2017:fc:669	2017 FC 669
3:neutral:2017:fc:710	2017 FC 710
3:neutral:2017:fc:72	2017 FC 72
3:neutral:2017:fc:763	2017 FC 763
3:neutral:2017:fc:861	2017 FC 861
3:neutral:2017:fc:872	2017 FC 872
3:neutral:2017:fc:905	2017 FC 905
3:neutral:2017:fc:906	2017 FC 906
3:neutral:2017:fc:91	2017 FC 91
3:neutral:2017:fc:932	2017 FC 932
3:neutral:2017:fca:1	2017 FCA 1
3:neutral:2017:fca:101	2017 FCA 101
3:neutral:2017:fca:106	2017 FCA 106
3:neutral:2017:fca:113	2017 FCA 113
3:neutral:2017:fca:114	2017 FCA 114
3:neutral:2017:fca:118	2017 FCA 118
3:neutral:2017:fca:126	2017 FCA 126
3:neutral:2017:fca:130	2017 FCA 130
3:neutral:2017:fca:131	2017 FCA 131
3:neutral:2017:fca:132	2017 FCA 132
3:neutral:2017:fca:133	2017 FCA 133
3:neutral:2017:fca:135	2017 FCA 135
3:neutral:2017:fca:136	2017 FCA 136
3:neutral:2017:fca:138	2017 FCA 138
3:neutral:2017:fca:15	2017 FCA 15
3:neutral:2017:fca:157	2017 FCA 157
3:neutral:2017:fca:16	2017 FCA 16
3:neutral:2017:fca:160	2017 FCA 160
3:neutral:2017:fca:174	2017 FCA 174
3:neutral:2017:fca:195	2017 FCA 195
3:neutral:2017:fca:205	2017 FCA 205
3:neutral:2017:fca:207	2017 FCA 207
3:neutral:2017:fca:21	2017 FCA 21
3:neutral:2017:fca:22	2017 FCA 22
3:neutral:2017:fca:225	2017 FCA 225
3:neutral:2017:fca:229	2017 FCA 229
3:neutral:2017:fca:23	2017 FCA 23
3:neutral:2017:fca:232	2017 FCA 232
3:neutral:2017:fca:236	2017 FCA 236
3:neutral:2017:fca:241	2017 FCA 241
3:neutral:2017:fca:243	2017 FCA 243
3:neutral:2017:fca:248	2017 FCA 248
3:neutral:2017:fca:249	2017 FCA 249
3:neutral:2017:fca:252	2017 FCA 252
3:neutral:2017:fca:33	2017 FCA 33
3:neutral:2017:fca:37	2017 FCA 37
3:neutral:2017:fca:39	2017 FCA 39
3:neutral:2017:fca:42	2017 FCA 42
3:neutral:2017:fca:43	2017 FCA 43
3:neutral:2017:fca:44	2017 FCA 44
3:neutral:2017:fca:45	2017 FCA 45
3:neutral:2017:fca:48	2017 FCA 48
3:neutral:2017:fca:50	2017 FCA 50
3:neutral:2017:fca:61	2017 FCA 61
3:neutral:2017:fca:65	2017 FCA 65
3:neutral:2017:fca:73	2017 FCA 73
3:neutral:2017:fca:76	2017 FCA 76
3:neutral:2017:fca:79	2017 FCA 79
3:neutral:2017:fca:80	2017 FCA 80
3:neutral:2017:fca:83	2017 FCA 83
3:neutral:2017:fca:88	2017 FCA 88
3:neutral:2017:fca:92	2017 FCA 92
3:neutral:2017:fca:96	2017 FCA 96
3:neutral:2017:fca:97	2017 FCA 97
3:neutral:2017:nsca:10	2017 NSCA 10
3:neutral:2017:nsca:34	2017 NSCA 34
3:neutral:2017:nsca:41	2017 NSCA 41
3:neutral:2017:nsca:43	2017 NSCA 43
3:neutral:2017:nsca:45	2017 NSCA 45
3:neutral:2017:nsca:49	2017 NSCA 49
3:neutral:2017:nsca:5	2017 NSCA 5
3:neutral:2017:nsca:6	2017 NSCA 6
3:neutral:2017:nsca:71	2017 NSCA 71
3:neutral:2017:nsca:8	2017 NSCA 8
3:neutral:2017:nsca:89	2017 NSCA 89
3:neutral:2017:nssc:11	2017 NSSC 11
3:neutral:2017:nssc:17	2017 NSSC 17
3:neutral:2017:nssc:90	2017 NSSC 90
3:neutral:2017:onca:100	2017 ONCA 100
3:neutral:2017:onca:1007	2017 ONCA 1007
3:neutral:2017:onca:1010	2017 ONCA 1010
3:neutral:2017:onca:1017	2017 ONCA 1017
3:neutral:2017:onca:102	2017 ONCA 102
3:neutral:2017:onca:1024	2017 ONCA 1024
3:neutral:2017:onca:104	2017 ONCA 104
3:neutral:2017:onca:108	2017 ONCA 108
3:neutral:2017:onca:114	2017 ONCA 114
3:neutral:2017:onca:115	2017 ONCA 115
3:neutral:2017:onca:116	2017 ONCA 116
3:neutral:2017:onca:12	2017 ONCA 12
3:neutral:2017:onca:121	2017 ONCA 121
3:neutral:2017:onca:128	2017 ONCA 128
3:neutral:2017:onca:129	2017 ONCA 129
3:neutral:2017:onca:130	2017 ONCA 130
3:neutral:2017:onca:142	2017 ONCA 142
3:neutral:2017:onca:148	2017 ONCA 148
3:neutral:2017:onca:152	2017 ONCA 152
3:neutral:2017:onca:158	2017 ONCA 158
3:neutral:2017:onca:159	2017 ONCA 159
3:neutral:2017:onca:16	2017 ONCA 16
3:neutral:2017:onca:164	2017 ONCA 164
3:neutral:2017:onca:17	2017 ONCA 17
3:neutral:2017:onca:172	2017 ONCA 172
3:neutral:2017:onca:175	2017 ONCA 175
3:neutral:2017:onca:176	2017 ONCA 176
3:neutral:2017:onca:178	2017 ONCA 178
3:neutral:2017:onca:179	2017 ONCA 179
3:neutral:2017:onca:180	2017 ONCA 180
3:neutral:2017:onca:182	2017 ONCA 182
3:neutral:2017:onca:184	2017 ONCA 184
3:neutral:2017:onca:188	2017 ONCA 188
3:neutral:2017:onca:196	2017 ONCA 196
3:neutral:2017:onca:197	2017 ONCA 197
3:neutral:2017:onca:2	2017 ONCA 2
3:neutral:2017:onca:21	2017 ONCA 21
3:neutral:2017:onca:216	2017 ONCA 216
3:neutral:2017:onca:22	2017 ONCA 22
3:neutral:2017:onca:221	2017 ONCA 221
3:neutral:2017:onca:23	2017 ONCA 23
3:neutral:2017:onca:230	2017 ONCA 230
3:neutral:2017:onca:231	2017 ONCA 231
3:neutral:2017:onca:243	2017 ONCA 243
3:neutral:2017:onca:247	2017 ONCA 247
3:neutral:2017:onca:252	2017 ONCA 252
3:neutral:2017:onca:257	2017 ONCA 257
3:neutral:2017:onca:26	2017 ONCA 26
3:neutral:2017:onca:265	2017 ONCA 265
3:neutral:2017:onca:267	2017 ONCA 267
3:neutral:2017:onca:268	2017 ONCA 268
3:neutral:2017:onca:272	2017 ONCA 272
3:neutral:2017:onca:273	2017 ONCA 273
3:neutral:2017:onca:282	2017 ONCA 282
3:neutral:2017:onca:284	2017 ONCA 284
3:neutral:2017:onca:290	2017 ONCA 290
3:neutral:2017:onca:292	2017 ONCA 292
3:neutral:2017:onca:293	2017 ONCA 293
3:neutral:2017:onca:295	2017 ONCA 295
3:neutral:2017:onca:301	2017 ONCA 301
3:neutral:2017:onca:308	2017 ONCA 308
3:neutral:2017:onca:309	2017 ONCA 309
3:neutral:2017:onca:312	2017 ONCA 312
3:neutral:2017:onca:319	2017 ONCA 319
3:neutral:2017:onca:32	2017 ONCA 32
3:neutral:2017:onca:320	2017 ONCA 320
3:neutral:2017:onca:321	2017 ONCA 321
3:neutral:2017:onca:323	2017 ONCA 323
3:neutral:2017:onca:324	2017 ONCA 324
3:neutral:2017:onca:325	2017 ONCA 325
3:neutral:2017:onca:326	2017 ONCA 326
3:neutral:2017:onca:333	2017 ONCA 333
3:neutral:2017:onca:337	2017 ONCA 337
3:neutral:2017:onca:343	2017 ONCA 343
3:neutral:2017:onca:345	2017 ONCA 345
3:neutral:2017:onca:349	2017 ONCA 349
3:neutral:2017:onca:350	2017 ONCA 350
3:neutral:2017:onca:351	2017 ONCA 351
3:neutral:2017:onca:356	2017 ONCA 356
3:neutral:2017:onca:362	2017 ONCA 362
3:neutral:2017:onca:365	2017 ONCA 365
3:neutral:2017:onca:366	2017 ONCA 366
3:neutral:2017:onca:374	2017 ONCA 374
3:neutral:2017:onca:38	2017 ONCA 38
3:neutral:2017:onca:381	2017 ONCA 381
3:neutral:2017:onca:384	2017 ONCA 384
3:neutral:2017:onca:385	2017 ONCA 385
3:neutral:2017:onca:386	2017 ONCA 386
3:neutral:2017:onca:388	2017 ONCA 388
3:neutral:2017:onca:389	2017 ONCA 389
3:neutral:2017:onca:39	2017 ONCA 39
3:neutral:2017:onca:390	2017 ONCA 390
3:neutral:2017:onca:393	2017 ONCA 393
3:neutral:2017:onca:396	2017 ONCA 396
3:neutral:2017:onca:397	2017 ONCA 397
3:neutral:2017:onca:402	2017 ONCA 402
3:neutral:2017:onca:41	2017 ONCA 41
3:neutral:2017:onca:42	2017 ONCA 42
3:neutral:2017:onca:420	2017 ONCA 420
3:neutral:2017:onca:424	2017 ONCA 424
3:neutral:2017:onca:426	2017 ONCA 426
3:neutral:2017:onca:432	2017 ONCA 432
3:neutral:2017:onca:433	2017 ONCA 433
3:neutral:2017:onca:434	2017 ONCA 434
3:neutral:2017:onca:436	2017 ONCA 436
3:neutral:2017:onca:44	2017 ONCA 44
3:neutral:2017:onca:443	2017 ONCA 443
3:neutral:2017:onca:448	2017 ONCA 448
3:neutral:2017:onca:450	2017 ONCA 450
3:neutral:2017:onca:451	2017 ONCA 451
3:neutral:2017:onca:452	2017 ONCA 452
3:neutral:2017:onca:455	2017 ONCA 455
3:neutral:2017:onca:468	2017 ONCA 468
3:neutral:2017:onca:470	2017 ONCA 470
3:neutral:2017:onca:471	2017 ONCA 471
3:neutral:2017:onca:476	2017 ONCA 476
3:neutral:2017:onca:478	2017 ONCA 478
3:neutral:2017:onca:480	2017 ONCA 480
3:neutral:2017:onca:484	2017 ONCA 484
3:neutral:2017:onca:486	2017 ONCA 486
3:neutral:2017:onca:491	2017 ONCA 491
3:neutral:2017:onca:494	2017 ONCA 494
3:neutral:2017:onca:496	2017 ONCA 496
3:neutral:2017:onca:5	2017 ONCA 5
3:neutral:2017:onca:502	2017 ONCA 502
3:neutral:2017:onca:515	2017 ONCA 515
3:neutral:2017:onca:519	2017 ONCA 519
3:neutral:2017:onca:52	2017 ONCA 52
3:neutral:2017:onca:522	2017 ONCA 522
3:neutral:2017:onca:525	2017 ONCA 525
3:neutral:2017:onca:53	2017 ONCA 53
3:neutral:2017:onca:532	2017 ONCA 532
3:neutral:2017:onca:533	2017 ONCA 533
3:neutral:2017:onca:543	2017 ONCA 543
3:neutral:2017:onca:544	2017 ONCA 544
3:neutral:2017:onca:549	2017 ONCA 549
3:neutral:2017:onca:552	2017 ONCA 552
3:neutral:2017:onca:560	2017 ONCA 560
3:neutral:2017:onca:561	2017 ONCA 561
3:neutral:2017:onca:562	2017 ONCA 562
3:neutral:2017:onca:563	2017 ONCA 563
3:neutral:2017:onca:566	2017 ONCA 566
3:neutral:2017:onca:567	2017 ONCA 567
3:neutral:2017:onca:568	2017 ONCA 568
3:neutral:2017:onca:574	2017 ONCA 574
3:neutral:2017:onca:575	2017 ONCA 575
3:neutral:2017:onca:576	2017 ONCA 576
3:neutral:2017:onca:579	2017 ONCA 579
3:neutral:2017:onca:582	2017 ONCA 582
3:neutral:2017:onca:590	2017 ONCA 590
3:neutral:2017:onca:593	2017 ONCA 593
3:neutral:2017:onca:596	2017 ONCA 596
3:neutral:2017:onca:601	2017 ONCA 601
3:neutral:2017:onca:605	2017 ONCA 605
3:neutral:2017:onca:606	2017 ONCA 606
3:neutral:2017:onca:607	2017 ONCA 607
3:neutral:2017:onca:618	2017 ONCA 618
3:neutral:2017:onca:619	2017 ONCA 619
3:neutral:2017:onca:621	2017 ONCA 621
3:neutral:2017:onca:622	2017 ONCA 622
3:neutral:2017:onca:623	2017 ONCA 623
3:neutral:2017:onca:625	2017 ONCA 625
3:neutral:2017:onca:626	2017 ONCA 626
3:neutral:2017:onca:627	2017 ONCA 627
3:neutral:2017:onca:628	2017 ONCA 628
3:neutral:2017:onca:632	2017 ONCA 632
3:neutral:2017:onca:635	2017 ONCA 635
3:neutral:2017:onca:64	2017 ONCA 64
3:neutral:2017:onca:640	2017 ONCA 640
3:neutral:2017:onca:644	2017 ONCA 644
3:neutral:2017:onca:645	2017 ONCA 645
3:neutral:2017:onca:646	2017 ONCA 646
3:neutral:2017:onca:648	2017 ONCA 648
3:neutral:2017:onca:649	2017 ONCA 649
3:neutral:2017:onca:650	2017 ONCA 650
3:neutral:2017:onca:653	2017 ONCA 653
3:neutral:2017:onca:654	2017 ONCA 654
3:neutral:2017:onca:660	2017 ONCA 660
3:neutral:2017:onca:663	2017 ONCA 663
3:neutral:2017:onca:667	2017 ONCA 667
3:neutral:2017:onca:668	2017 ONCA 668
3:neutral:2017:onca:669	2017 ONCA 669
3:neutral:2017:onca:670	2017 ONCA 670
3:neutral:2017:onca:671	2017 ONCA 671
3:neutral:2017:onca:677	2017 ONCA 677
3:neutral:2017:onca:685	2017 ONCA 685
3:neutral:2017:onca:686	2017 ONCA 686
3:neutral:2017:onca:692	2017 ONCA 692
3:neutral:2017:onca:699	2017 ONCA 699
3:neutral:2017:onca:701	2017 ONCA 701
3:neutral:2017:onca:702	2017 ONCA 702
3:neutral:2017:onca:71	2017 ONCA 71
3:neutral:2017:onca:713	2017 ONCA 713
3:neutral:2017:onca:714	2017 ONCA 714
3:neutral:2017:onca:716	2017 ONCA 716
3:neutral:2017:onca:717	2017 ONCA 717
3:neutral:2017:onca:718	2017 ONCA 718
3:neutral:2017:onca:719	2017 ONCA 719
3:neutral:2017:onca:720	2017 ONCA 720
3:neutral:2017:onca:722	2017 ONCA 722
3:neutral:2017:onca:728	2017 ONCA 728
3:neutral:2017:onca:73	2017 ONCA 73
3:neutral:2017:onca:736	2017 ONCA 736
3:neutral:2017:onca:741	2017 ONCA 741
3:neutral:2017:onca:748	2017 ONCA 748
3:neutral:2017:onca:752	2017 ONCA 752
3:neutral:2017:onca:753	2017 ONCA 753
3:neutral:2017:onca:754	2017 ONCA 754
3:neutral:2017:onca:756	2017 ONCA 756
3:neutral:2017:onca:759	2017 ONCA 759
3:neutral:2017:onca:76	2017 ONCA 76
3:neutral:2017:onca:765	2017 ONCA 765
3:neutral:2017:onca:766	2017 ONCA 766
3:neutral:2017:onca:769	2017 ONCA 769
3:neutral:2017:onca:770	2017 ONCA 770
3:neutral:2017:onca:772	2017 ONCA 772
3:neutral:2017:onca:773	2017 ONCA 773
3:neutral:2017:onca:778	2017 ONCA 778
3:neutral:2017:onca:780	2017 ONCA 780
3:neutral:2017:onca:781	2017 ONCA 781
3:neutral:2017:onca:783	2017 ONCA 783
3:neutral:2017:onca:784	2017 ONCA 784
3:neutral:2017:onca:790	2017 ONCA 790
3:neutral:2017:onca:792	2017 ONCA 792
3:neutral:2017:onca:799	2017 ONCA 799
3:neutral:2017:onca:803	2017 ONCA 803
3:neutral:2017:onca:805	2017 ONCA 805
3:neutral:2017:onca:807	2017 ONCA 807
3:neutral:2017:onca:819	2017 ONCA 819
3:neutral:2017:onca:82	2017 ONCA 82
3:neutral:2017:onca:827	2017 ONCA 827
3:neutral:2017:onca:834	2017 ONCA 834
3:neutral:2017:onca:837	2017 ONCA 837
3:neutral:2017:onca:839	2017 ONCA 839
3:neutral:2017:onca:85	2017 ONCA 85
3:neutral:2017:onca:850	2017 ONCA 850
3:neutral:2017:onca:854	2017 ONCA 854
3:neutral:2017:onca:856	2017 ONCA 856
3:neutral:2017:onca:863	2017 ONCA 863
3:neutral:2017:onca:87	2017 ONCA 87
3:neutral:2017:onca:874	2017 ONCA 874
3:neutral:2017:onca:875	2017 ONCA 875
3:neutral:2017:onca:879	2017 ONCA 879
3:neutral:2017:onca:891	2017 ONCA 891
3:neutral:2017:onca:892	2017 ONCA 892
3:neutral:2017:onca:893	2017 ONCA 893
3:neutral:2017:onca:895	2017 ONCA 895
3:neutral:2017:onca:897	2017 ONCA 897
3:neutral:2017:onca:9	2017 ONCA 9
3:neutral:2017:onca:90	2017 ONCA 90
3:neutral:2017:onca:900	2017 ONCA 900
3:neutral:2017:onca:902	2017 ONCA 902
3:neutral:2017:onca:906	2017 ONCA 906
3:neutral:2017:onca:913	2017 ONCA 913
3:neutral:2017:onca:920	2017 ONCA 920
3:neutral:2017:onca:926	2017 ONCA 926
3:neutral:2017:onca:931	2017 ONCA 931
3:neutral:2017:onca:932	2017 ONCA 932
3:neutral:2017:onca:939	2017 ONCA 939
3:neutral:2017:onca:94	2017 ONCA 94
3:neutral:2017:onca:940	2017 ONCA 940
3:neutral:2017:onca:947	2017 ONCA 947
3:neutral:2017:onca:95	2017 ONCA 95
3:neutral:2017:onca:959	2017 ONCA 959
3:neutral:2017:onca:962	2017 ONCA 962
3:neutral:2017:onca:970	2017 ONCA 970
3:neutral:2017:onca:978	2017 ONCA 978
3:neutral:2017:onca:980	2017 ONCA 980
3:neutral:2017:scc:12	2017 SCC 12
3:neutral:2017:scc:15	2017 SCC 15
3:neutral:2017:scc:17	2017 SCC 17
3:neutral:2017:scc:20	2017 SCC 20
3:neutral:2017:scc:31	2017 SCC 31
3:neutral:2017:scc:32	2017 SCC 32
3:neutral:2017:scc:34	2017 SCC 34
3:neutral:2017:scc:35	2017 SCC 35
3:neutral:2017:scc:36	2017 SCC 36
3:neutral:2017:scc:38	2017 SCC 38
3:neutral:2017:scc:40	2017 SCC 40
3:neutral:2017:scc:41	2017 SCC 41
3:neutral:2017:scc:42	2017 SCC 42
3:neutral:2017:scc:44	2017 SCC 44
3:neutral:2017:scc:47	2017 SCC 47
3:neutral:2017:scc:55	2017 SCC 55
3:neutral:2017:scc:56	2017 SCC 56
3:neutral:2017:scc:57	2017 SCC 57
3:neutral:2017:scc:58	2017 SCC 58
3:neutral:2017:scc:59	2017 SCC 59
3:neutral:2017:scc:6	2017 SCC 6
3:neutral:2017:scc:61	2017 SCC 61
3:neutral:2017:scc:63	2017 SCC 63
3:neutral:2017:scc:64	2017 SCC 64
3:neutral:2017:scc:7	2017 SCC 7
3:neutral:2017:tcc:118	2017 TCC 118
3:neutral:2017:tcc:131	2017 TCC 131
3:neutral:2017:tcc:18	2017 TCC 18
3:neutral:2017:tcc:222	2017 TCC 222
3:neutral:2017:tcc:37	2017 TCC 37
3:neutral:2017:tcc:42	2017 TCC 42
3:neutral:2017:tcc:62	2017 TCC 62
3:neutral:2017:tcc:84	2017 TCC 84
3:neutral:2017:tcc:86	2017 TCC 86
3:neutral:2017:ykca:12	2017 YKCA 12
3:neutral:2018:bcca:100	2018 BCCA 100
3:neutral:2018:bcca:105	2018 BCCA 105
3:neutral:2018:bcca:110	2018 BCCA 110
3:neutral:2018:bcca:117	2018 BCCA 117
3:neutral:2018:bcca:118	2018 BCCA 118
3:neutral:2018:bcca:132	2018 BCCA 132
3:neutral:2018:bcca:133	2018 BCCA 133
3:neutral:2018:bcca:165	2018 BCCA 165
3:neutral:2018:bcca:177	2018 BCCA 177
3:neutral:2018:bcca:18	2018 BCCA 18
3:neutral:2018:bcca:186	2018 BCCA 186
3:neutral:2018:bcca:188	2018 BCCA 188
3:neutral:2018:bcca:205	2018 BCCA 205
3:neutral:2018:bcca:236	2018 BCCA 236
3:neutral:2018:bcca:242	2018 BCCA 242
3:neutral:2018:bcca:266	2018 BCCA 266
3:neutral:2018:bcca:275	2018 BCCA 275
3:neutral:2018:bcca:276	2018 BCCA 276
3:neutral:2018:bcca:283	2018 BCCA 283
3:neutral:2018:bcca:289	2018 BCCA 289
3:neutral:2018:bcca:305	2018 BCCA 305
3:neutral:2018:bcca:320	2018 BCCA 320
3:neutral:2018:bcca:346	2018 BCCA 346
3:neutral:2018:bcca:354	2018 BCCA 354
3:neutral:2018:bcca:36	2018 BCCA 36
3:neutral:2018:bcca:368	2018 BCCA 368
3:neutral:2018:bcca:379	2018 BCCA 379
3:neutral:2018:bcca:383	2018 BCCA 383
3:neutral:2018:bcca:384	2018 BCCA 384
3:neutral:2018:bcca:387	2018 BCCA 387
3:neutral:2018:bcca:39	2018 BCCA 39
3:neutral:2018:bcca:394	2018 BCCA 394
3:neutral:2018:bcca:416	2018 BCCA 416
3:neutral:2018:bcca:420	2018 BCCA 420
3:neutral:2018:bcca:435	2018 BCCA 435
3:neutral:2018:bcca:440	2018 BCCA 440
3:neutral:2018:bcca:47	2018 BCCA 47
3:neutral:2018:bcca:477	2018 BCCA 477
3:neutral:2018:bcca:478	2018 BCCA 478
3:neutral:2018:bcca:479	2018 BCCA 479
3:neutral:2018:bcca:482	2018 BCCA 482
3:neutral:2018:bcca:56	2018 BCCA 56
3:neutral:2018:bcca:86	2018 BCCA 86
3:neutral:2018:bcca:9	2018 BCCA 9
3:neutral:2018:bcca:93	2018 BCCA 93
3:neutral:2018:bcca:96	2018 BCCA 96
3:neutral:2018:bcsc:1390	2018 BCSC 1390
3:neutral:2018:bcsc:1482	2018 BCSC 1482
3:neutral:2018:bcsc:1523	2018 BCSC 1523
3:neutral:2018:bcsc:1530	2018 BCSC 1530
3:neutral:2018:bcsc:1835	2018 BCSC 1835
3:neutral:2018:bcsc:1859	2018 BCSC 1859
3:neutral:2018:bcsc:513	2018 BCSC 513
3:neutral:2018:bcsc:62	2018 BCSC 62
3:neutral:2018:cirb:873	2018 CIRB 873
3:neutral:2018:cmac:1	2018 CMAC 1
3:neutral:2018:cmac:4	2018 CMAC 4
3:neutral:2018:fc:1039	2018 FC 1039
3:neutral:2018:fc:1080	2018 FC 1080
3:neutral:2018:fc:1112	2018 FC 1112
3:neutral:2018:fc:1145	2018 FC 1145
3:neutral:2018:fc:1180	2018 FC 1180
3:neutral:2018:fc:121	2018 FC 121
3:neutral:2018:fc:272	2018 FC 272
3:neutral:2018:fc:346	2018 FC 346
3:neutral:2018:fc:380	2018 FC 380
3:neutral:2018:fc:422	2018 FC 422
3:neutral:2018:fc:436	2018 FC 436
3:neutral:2018:fc:483	2018 FC 483
3:neutral:2018:fc:530	2018 FC 530
3:neutral:2018:fc:614	2018 FC 614
3:neutral:2018:fc:64	2018 FC 64
3:neutral:2018:fc:641	2018 FC 641
3:neutral:2018:fc:643	2018 FC 643
3:neutral:2018:fc:648	2018 FC 648
3:neutral:2018:fc:736	2018 FC 736
3:neutral:2018:fc:738	2018 FC 738
3:neutral:2018:fc:754	2018 FC 754
3:neutral:2018:fc:778	2018 FC 778
3:neutral:2018:fc:822	2018 FC 822
3:neutral:2018:fc:853	2018 FC 853
3:neutral:2018:fc:865	2018 FC 865
3:neutral:2018:fc:895	2018 FC 895
3:neutral:2018:fc:947	2018 FC 947
3:neutral:2018:fc:956	2018 FC 956
3:neutral:2018:fca:110	2018 FCA 110
3:neutral:2018:fca:112	2018 FCA 112
3:neutral:2018:fca:114	2018 FCA 114
3:neutral:2018:fca:115	2018 FCA 115
3:neutral:2018:fca:127	2018 FCA 127
3:neutral:2018:fca:131	2018 FCA 131
3:neutral:2018:fca:133	2018 FCA 133
3:neutral:2018:fca:136	2018 FCA 136
3:neutral:2018:fca:140	2018 FCA 140
3:neutral:2018:fca:143	2018 FCA 143
3:neutral:2018:fca:147	2018 FCA 147
3:neutral:2018:fca:153	2018 FCA 153
3:neutral:2018:fca:161	2018 FCA 161
3:neutral:2018:fca:166	2018 FCA 166
3:neutral:2018:fca:172	2018 FCA 172
3:neutral:2018:fca:174	2018 FCA 174
3:neutral:2018:fca:181	2018 FCA 181
3:neutral:2018:fca:183	2018 FCA 183
3:neutral:2018:fca:186	2018 FCA 186
3:neutral:2018:fca:194	2018 FCA 194
3:neutral:2018:fca:199	2018 FCA 199
3:neutral:2018:fca:205	2018 FCA 205
3:neutral:2018:fca:209	2018 FCA 209
3:neutral:2018:fca:215	2018 FCA 215
3:neutral:2018:fca:217	2018 FCA 217
3:neutral:2018:fca:22	2018 FCA 22
3:neutral:2018:fca:222	2018 FCA 222
3:neutral:2018:fca:223	2018 FCA 223
3:neutral:2018:fca:230	2018 FCA 230
3:neutral:2018:fca:24	2018 FCA 24
3:neutral:2018:fca:30	2018 FCA 30
3:neutral:2018:fca:32	2018 FCA 32
3:neutral:2018:fca:33	2018 FCA 33
3:neutral:2018:fca:4	2018 FCA 4
3:neutral:2018:fca:42	2018 FCA 42
3:neutral:2018:fca:45	2018 FCA 45
3:neutral:2018:fca:54	2018 FCA 54
3:neutral:2018:fca:55	2018 FCA 55
3:neutral:2018:fca:58	2018 FCA 58
3:neutral:2018:fca:61	2018 FCA 61
3:neutral:2018:fca:62	2018 FCA 62
3:neutral:2018:fca:66	2018 FCA 66
3:neutral:2018:fca:69	2018 FCA 69
3:neutral:2018:fca:74	2018 FCA 74
3:neutral:2018:fca:77	2018 FCA 77
3:neutral:2018:fca:83	2018 FCA 83
3:neutral:2018:fca:89	2018 FCA 89
3:neutral:2018:nsca:10	2018 NSCA 10
3:neutral:2018:nsca:13	2018 NSCA 13
3:neutral:2018:nsca:18	2018 NSCA 18
3:neutral:2018:nsca:25	2018 NSCA 25
3:neutral:2018:nsca:44	2018 NSCA 44
3:neutral:2018:nsca:62	2018 NSCA 62
3:neutral:2018:nsca:65	2018 NSCA 65
3:neutral:2018:nsca:83	2018 NSCA 83
3:neutral:2018:nsca:95	2018 NSCA 95
3:neutral:2018:nssc:13	2018 NSSC 13
3:neutral:2018:onca:1	2018 ONCA 1
3:neutral:2018:onca:10	2018 ONCA 10
3:neutral:2018:onca:1002	2018 ONCA 1002
3:neutral:2018:onca:101	2018 ONCA 101
3:neutral:2018:onca:1016	2018 ONCA 1016
3:neutral:2018:onca:1018	2018 ONCA 1018
3:neutral:2018:onca:1025	2018 ONCA 1025
3:neutral:2018:onca:1026	2018 ONCA 1026
3:neutral:2018:onca:1027	2018 ONCA 1027
3:neutral:2018:onca:1030	2018 ONCA 1030
3:neutral:2018:onca:1034	2018 ONCA 1034
3:neutral:2018:onca:1040	2018 ONCA 1040
3:neutral:2018:onca:1048	2018 ONCA 1048
3:neutral:2018:onca:1050	2018 ONCA 1050
3:neutral:2018:onca:1051	2018 ONCA 1051
3:neutral:2018:onca:1053	2018 ONCA 1053
3:neutral:2018:onca:1055	2018 ONCA 1055
3:neutral:2018:onca:106	2018 ONCA 106
3:neutral:2018:onca:1062	2018 ONCA 1062
3:neutral:2018:onca:1063	2018 ONCA 1063
3:neutral:2018:onca:1067	2018 ONCA 1067
3:neutral:2018:onca:1072	2018 ONCA 1072
3:neutral:2018:onca:1073	2018 ONCA 1073
3:neutral:2018:onca:1081	2018 ONCA 1081
3:neutral:2018:onca:1084	2018 ONCA 1084
3:neutral:2018:onca:110	2018 ONCA 110
3:neutral:2018:onca:114	2018 ONCA 114
3:neutral:2018:onca:12	2018 ONCA 12
3:neutral:2018:onca:139	2018 ONCA 139
3:neutral:2018:onca:14	2018 ONCA 14
3:neutral:2018:onca:140	2018 ONCA 140
3:neutral:2018:onca:147	2018 ONCA 147
3:neutral:2018:onca:16	2018 ONCA 16
3:neutral:2018:onca:168	2018 ONCA 168
3:neutral:2018:onca:17	2018 ONCA 17
3:neutral:2018:onca:170	2018 ONCA 170
3:neutral:2018:onca:171	2018 ONCA 171
3:neutral:2018:onca:172	2018 ONCA 172
3:neutral:2018:onca:174	2018 ONCA 174
3:neutral:2018:onca:176	2018 ONCA 176
3:neutral:2018:onca:177	2018 ONCA 177
3:neutral:2018:onca:185	2018 ONCA 185
3:neutral:2018:onca:187	2018 ONCA 187
3:neutral:2018:onca:190	2018 ONCA 190
3:neutral:2018:onca:192	2018 ONCA 192
3:neutral:2018:onca:2	2018 ONCA 2
3:neutral:2018:onca:202	2018 ONCA 202
3:neutral:2018:onca:218	2018 ONCA 218
3:neutral:2018:onca:222	2018 ONCA 222
3:neutral:2018:onca:239	2018 ONCA 239
3:neutral:2018:onca:24	2018 ONCA 24
3:neutral:2018:onca:244	2018 ONCA 244
3:neutral:2018:onca:246	2018 ONCA 246
3:neutral:2018:onca:252	2018 ONCA 252
3:neutral:2018:onca:253	2018 ONCA 253
3:neutral:2018:onca:255	2018 ONCA 255
3:neutral:2018:onca:259	2018 ONCA 259
3:neutral:2018:onca:26	2018 ONCA 26
3:neutral:2018:onca:260	2018 ONCA 260
3:neutral:2018:onca:261	2018 ONCA 261
3:neutral:2018:onca:263	2018 ONCA 263
3:neutral:2018:onca:27	2018 ONCA 27
3:neutral:2018:onca:276	2018 ONCA 276
3:neutral:2018:onca:282	2018 ONCA 282
3:neutral:2018:onca:288	2018 ONCA 288
3:neutral:2018:onca:291	2018 ONCA 291
3:neutral:2018:onca:303	2018 ONCA 303
3:neutral:2018:onca:304	2018 ONCA 304
3:neutral:2018:onca:307	2018 ONCA 307
3:neutral:2018:onca:309	2018 ONCA 309
3:neutral:2018:onca:313	2018 ONCA 313
3:neutral:2018:onca:32	2018 ONCA 32
3:neutral:2018:onca:321	2018 ONCA 321
3:neutral:2018:onca:322	2018 ONCA 322
3:neutral:2018:onca:324	2018 ONCA 324
3:neutral:2018:onca:333	2018 ONCA 333
3:neutral:2018:onca:337	2018 ONCA 337
3:neutral:2018:onca:363	2018 ONCA 363
3:neutral:2018:onca:364	2018 ONCA 364
3:neutral:2018:onca:369	2018 ONCA 369
3:neutral:2018:onca:372	2018 ONCA 372
3:neutral:2018:onca:374	2018 ONCA 374
3:neutral:2018:onca:375	2018 ONCA 375
3:neutral:2018:onca:381	2018 ONCA 381
3:neutral:2018:onca:383	2018 ONCA 383
3:neutral:2018:onca:384	2018 ONCA 384
3:neutral:2018:onca:39	2018 ONCA 39
3:neutral:2018:onca:401	2018 ONCA 401
3:neutral:2018:onca:402	2018 ONCA 402
3:neutral:2018:onca:407	2018 ONCA 407
3:neutral:2018:onca:411	2018 ONCA 411
3:neutral:2018:onca:420	2018 ONCA 420
3:neutral:2018:onca:424	2018 ONCA 424
3:neutral:2018:onca:425	2018 ONCA 425
3:neutral:2018:onca:427	2018 ONCA 427
3:neutral:2018:onca:428	2018 ONCA 428
3:neutral:2018:onca:429	2018 ONCA 429
3:neutral:2018:onca:436	2018 ONCA 436
3:neutral:2018:onca:438	2018 ONCA 438
3:neutral:2018:onca:449	2018 ONCA 449
3:neutral:2018:onca:450	2018 ONCA 450
3:neutral:2018:onca:454	2018 ONCA 454
3:neutral:2018:onca:456	2018 ONCA 456
3:neutral:2018:onca:461	2018 ONCA 461
3:neutral:2018:onca:467	2018 ONCA 467
3:neutral:2018:onca:469	2018 ONCA 469
3:neutral:2018:onca:472	2018 ONCA 472
3:neutral:2018:onca:474	2018 ONCA 474
3:neutral:2018:onca:479	2018 ONCA 479
3:neutral:2018:onca:481	2018 ONCA 481
3:neutral:2018:onca:484	2018 ONCA 484
3:neutral:2018:onca:489	2018 ONCA 489
3:neutral:2018:onca:494	2018 ONCA 494
3:neutral:2018:onca:495	2018 ONCA 495
3:neutral:2018:onca:497	2018 ONCA 497
3:neutral:2018:onca:498	2018 ONCA 498
3:neutral:2018:onca:5	2018 ONCA 5
3:neutral:2018:onca:504	2018 ONCA 504
3:neutral:2018:onca:51	2018 ONCA 51
3:neutral:2018:onca:510	2018 ONCA 510
3:neutral:2018:onca:515	2018 ONCA 515
3:neutral:2018:onca:517	2018 ONCA 517
3:neutral:2018:onca:520	2018 ONCA 520
3:neutral:2018:onca:521	2018 ONCA 521
3:neutral:2018:onca:523	2018 ONCA 523
3:neutral:2018:onca:53	2018 ONCA 53
3:neutral:2018:onca:534	2018 ONCA 534
3:neutral:2018:onca:535	2018 ONCA 535
3:neutral:2018:onca:540	2018 ONCA 540
3:neutral:2018:onca:544	2018 ONCA 544
3:neutral:2018:onca:547	2018 ONCA 547
3:neutral:2018:onca:551	2018 ONCA 551
3:neutral:2018:onca:555	2018 ONCA 555
3:neutral:2018:onca:556	2018 ONCA 556
3:neutral:2018:onca:559	2018 ONCA 559
3:neutral:2018:onca:56	2018 ONCA 56
3:neutral:2018:onca:562	2018 ONCA 562
3:neutral:2018:onca:564	2018 ONCA 564
3:neutral:2018:onca:565	2018 ONCA 565
3:neutral:2018:onca:570	2018 ONCA 570
3:neutral:2018:onca:571	2018 ONCA 571
3:neutral:2018:onca:576	2018 ONCA 576
3:neutral:2018:onca:578	2018 ONCA 578
3:neutral:2018:onca:581	2018 ONCA 581
3:neutral:2018:onca:582	2018 ONCA 582
3:neutral:2018:onca:587	2018 ONCA 587
3:neutral:2018:onca:589	2018 ONCA 589
3:neutral:2018:onca:594	2018 ONCA 594
3:neutral:2018:onca:597	2018 ONCA 597
3:neutral:2018:onca:598	2018 ONCA 598
3:neutral:2018:onca:60	2018 ONCA 60
3:neutral:2018:onca:608	2018 ONCA 608
3:neutral:2018:onca:614	2018 ONCA 614
3:neutral:2018:onca:62	2018 ONCA 62
3:neutral:2018:onca:622	2018 ONCA 622
3:neutral:2018:onca:623	2018 ONCA 623
3:neutral:2018:onca:625	2018 ONCA 625
3:neutral:2018:onca:626	2018 ONCA 626
3:neutral:2018:onca:649	2018 ONCA 649
3:neutral:2018:onca:65	2018 ONCA 65
3:neutral:2018:onca:650	2018 ONCA 650
3:neutral:2018:onca:656	2018 ONCA 656
3:neutral:2018:onca:66	2018 ONCA 66
3:neutral:2018:onca:661	2018 ONCA 661
3:neutral:2018:onca:665	2018 ONCA 665
3:neutral:2018:onca:667	2018 ONCA 667
3:neutral:2018:onca:669	2018 ONCA 669
3:neutral:2018:onca:670	2018 ONCA 670
3:neutral:2018:onca:672	2018 ONCA 672
3:neutral:2018:onca:673	2018 ONCA 673
3:neutral:2018:onca:674	2018 ONCA 674
3:neutral:2018:onca:675	2018 ONCA 675
3:neutral:2018:onca:677	2018 ONCA 677
3:neutral:2018:onca:678	2018 ONCA 678
3:neutral:2018:onca:681	2018 ONCA 681
3:neutral:2018:onca:685	2018 ONCA 685
3:neutral:2018:onca:686	2018 ONCA 686
3:neutral:2018:onca:687	2018 ONCA 687
3:neutral:2018:onca:688	2018 ONCA 688
3:neutral:2018:onca:689	2018 ONCA 689
3:neutral:2018:onca:69	2018 ONCA 69
3:neutral:2018:onca:690	2018 ONCA 690
3:neutral:2018:onca:695	2018 ONCA 695
3:neutral:2018:onca:698	2018 ONCA 698
3:neutral:2018:onca:7	2018 ONCA 7
3:neutral:2018:onca:702	2018 ONCA 702
3:neutral:2018:onca:703	2018 ONCA 703
3:neutral:2018:onca:705	2018 ONCA 705
3:neutral:2018:onca:71	2018 ONCA 71
3:neutral:2018:onca:710	2018 ONCA 710
3:neutral:2018:onca:713	2018 ONCA 713
3:neutral:2018:onca:717	2018 ONCA 717
3:neutral:2018:onca:718	2018 ONCA 718
3:neutral:2018:onca:719	2018 ONCA 719
3:neutral:2018:onca:721	2018 ONCA 721
3:neutral:2018:onca:725	2018 ONCA 725
3:neutral:2018:onca:727	2018 ONCA 727
3:neutral:2018:onca:729	2018 ONCA 729
3:neutral:2018:onca:730	2018 ONCA 730
3:neutral:2018:onca:743	2018 ONCA 743
3:neutral:2018:onca:745	2018 ONCA 745
3:neutral:2018:onca:748	2018 ONCA 748
3:neutral:2018:onca:750	2018 ONCA 750
3:neutral:2018:onca:753	2018 ONCA 753
3:neutral:2018:onca:756	2018 ONCA 756
3:neutral:2018:onca:761	2018 ONCA 761
3:neutral:2018:onca:773	2018 ONCA 773
3:neutral:2018:onca:790	2018 ONCA 790
3:neutral:2018:onca:798	2018 ONCA 798
3:neutral:2018:onca:80	2018 ONCA 80
3:neutral:2018:onca:807	2018 ONCA 807
3:neutral:2018:onca:809	2018 ONCA 809
3:neutral:2018:onca:811	2018 ONCA 811
3:neutral:2018:onca:816	2018 ONCA 816
3:neutral:2018:onca:819	2018 ONCA 819
3:neutral:2018:onca:83	2018 ONCA 83
3:neutral:2018:onca:830	2018 ONCA 830
3:neutral:2018:onca:837	2018 ONCA 837
3:neutral:2018:onca:840	2018 ONCA 840
3:neutral:2018:onca:851	2018 ONCA 851
3:neutral:2018:onca:853	2018 ONCA 853
3:neutral:2018:onca:869	2018 ONCA 869
3:neutral:2018:onca:870	2018 ONCA 870
3:neutral:2018:onca:871	2018 ONCA 871
3:neutral:2018:onca:88	2018 ONCA 88
3:neutral:2018:onca:887	2018 ONCA 887
3:neutral:2018:onca:888	2018 ONCA 888
3:neutral:2018:onca:890	2018 ONCA 890
3:neutral:2018:onca:891	2018 ONCA 891
3:neutral:2018:onca:893	2018 ONCA 893
3:neutral:2018:onca:896	2018 ONCA 896
3:neutral:2018:onca:901	2018 ONCA 901
3:neutral:2018:onca:902	2018 ONCA 902
3:neutral:2018:onca:903	2018 ONCA 903
3:neutral:2018:onca:906	2018 ONCA 906
3:neutral:2018:onca:912	2018 ONCA 912
3:neutral:2018:onca:915	2018 ONCA 915
3:neutral:2018:onca:918	2018 ONCA 918
3:neutral:2018:onca:923	2018 ONCA 923
3:neutral:2018:onca:925	2018 ONCA 925
3:neutral:2018:onca:927	2018 ONCA 927
3:neutral:2018:onca:929	2018 ONCA 929
3:neutral:2018:onca:942	2018 ONCA 942
3:neutral:2018:onca:947	2018 ONCA 947
3:neutral:2018:onca:954	2018 ONCA 954
3:neutral:2018:onca:959	2018 ONCA 959
3:neutral:2018:onca:96	2018 ONCA 96
3:neutral:2018:onca:962	2018 ONCA 962
3:neutral:2018:onca:965	2018 ONCA 965
3:neutral:2018:onca:966	2018 ONCA 966
3:neutral:2018:onca:971	2018 ONCA 971
3:neutral:2018:onca:975	2018 ONCA 975
3:neutral:2018:onca:979	2018 ONCA 979
3:neutral:2018:onca:98	2018 ONCA 98
3:neutral:2018:onca:989	2018 ONCA 989
3:neutral:2018:pslreb:58	2018 FPSLREB 58
3:neutral:2018:scc:11	2018 SCC 11
3:neutral:2018:scc:13	2018 SCC 13
3:neutral:2018:scc:16	2018 SCC 16
3:neutral:2018:scc:19	2018 SCC 19
3:neutral:2018:scc:2	2018 SCC 2
3:neutral:2018:scc:22	2018 SCC 22
3:neutral:2018:scc:25	2018 SCC 25
3:neutral:2018:scc:27	2018 SCC 27
3:neutral:2018:scc:29	2018 SCC 29
3:neutral:2018:scc:31	2018 SCC 31
3:neutral:2018:scc:37	2018 SCC 37
3:neutral:2018:scc:4	2018 SCC 4
3:neutral:2018:scc:40	2018 SCC 40
3:neutral:2018:scc:43	2018 SCC 43
3:neutral:2018:scc:45	2018 SCC 45
3:neutral:2018:scc:5	2018 SCC 5
3:neutral:2018:scc:56	2018 SCC 56
3:neutral:2018:scc:57	2018 SCC 57
3:neutral:2018:scc:58	2018 SCC 58
3:neutral:2018:scc:6	2018 SCC 6
3:neutral:2018:tcc:149	2018 TCC 149
3:neutral:2018:tcc:152	2018 TCC 152
3:neutral:2018:tcc:182	2018 TCC 182
3:neutral:2018:tcc:193	2018 TCC 193
3:neutral:2018:tcc:195	2018 TCC 195
3:neutral:2018:tcc:200	2018 TCC 200
3:neutral:2018:tcc:202	2018 TCC 202
3:neutral:2018:tcc:214	2018 TCC 214
3:neutral:2018:tcc:71	2018 TCC 71
3:neutral:2018:tcc:99	2018 TCC 99
3:neutral:2018:ykca:12	2018 YKCA 12
3:neutral:2018:ykca:2	2018 YKCA 2
3:neutral:2018:ykca:9	2018 YKCA 9
3:neutral:2019:bcca:1	2019 BCCA 1
3:neutral:2019:bcca:110	2019 BCCA 110
3:neutral:2019:bcca:127	2019 BCCA 127
3:neutral:2019:bcca:129	2019 BCCA 129
3:neutral:2019:bcca:144	2019 BCCA 144
3:neutral:2019:bcca:145	2019 BCCA 145
3:neutral:2019:bcca:151	2019 BCCA 151
3:neutral:2019:bcca:155	2019 BCCA 155
3:neutral:2019:bcca:164	2019 BCCA 164
3:neutral:2019:bcca:168	2019 BCCA 168
3:neutral:2019:bcca:181	2019 BCCA 181
3:neutral:2019:bcca:184	2019 BCCA 184
3:neutral:2019:bcca:187	2019 BCCA 187
3:neutral:2019:bcca:206	2019 BCCA 206
3:neutral:2019:bcca:207	2019 BCCA 207
3:neutral:2019:bcca:209	2019 BCCA 209
3:neutral:2019:bcca:215	2019 BCCA 215
3:neutral:2019:bcca:228	2019 BCCA 228
3:neutral:2019:bcca:236	2019 BCCA 236
3:neutral:2019:bcca:237	2019 BCCA 237
3:neutral:2019:bcca:262	2019 BCCA 262
3:neutral:2019:bcca:27	2019 BCCA 27
3:neutral:2019:bcca:298	2019 BCCA 298
3:neutral:2019:bcca:3	2019 BCCA 3
3:neutral:2019:bcca:308	2019 BCCA 308
3:neutral:2019:bcca:32	2019 BCCA 32
3:neutral:2019:bcca:321	2019 BCCA 321
3:neutral:2019:bcca:344	2019 BCCA 344
3:neutral:2019:bcca:37	2019 BCCA 37
3:neutral:2019:bcca:370	2019 BCCA 370
3:neutral:2019:bcca:376	2019 BCCA 376
3:neutral:2019:bcca:377	2019 BCCA 377
3:neutral:2019:bcca:385	2019 BCCA 385
3:neutral:2019:bcca:449	2019 BCCA 449
3:neutral:2019:bcca:462	2019 BCCA 462
3:neutral:2019:bcca:467	2019 BCCA 467
3:neutral:2019:bcca:468	2019 BCCA 468
3:neutral:2019:bcca:47	2019 BCCA 47
3:neutral:2019:bcca:473	2019 BCCA 473
3:neutral:2019:bcca:60	2019 BCCA 60
3:neutral:2019:bcca:66	2019 BCCA 66
3:neutral:2019:bcca:67	2019 BCCA 67
3:neutral:2019:bcca:74	2019 BCCA 74
3:neutral:2019:bcca:82	2019 BCCA 82
3:neutral:2019:bcca:84	2019 BCCA 84
3:neutral:2019:bcca:95	2019 BCCA 95
3:neutral:2019:bcca:96	2019 BCCA 96
3:neutral:2019:bcca:97	2019 BCCA 97
3:neutral:2019:bcsc:1030	2019 BCSC 1030
3:neutral:2019:bcsc:1093	2019 BCSC 1093
3:neutral:2019:bcsc:1601	2019 BCSC 1601
3:neutral:2019:bcsc:1614	2019 BCSC 1614
3:neutral:2019:bcsc:2028	2019 BCSC 2028
3:neutral:2019:bcsc:2192	2019 BCSC 2192
3:neutral:2019:bcsc:2221	2019 BCSC 2221
3:neutral:2019:bcsc:308	2019 BCSC 308
3:neutral:2019:bcsc:50	2019 BCSC 50
3:neutral:2019:bcsc:531	2019 BCSC 531
3:neutral:2019:fc:1031	2019 FC 1031
3:neutral:2019:fc:1102	2019 FC 1102
3:neutral:2019:fc:1152	2019 FC 1152
3:neutral:2019:fc:1158	2019 FC 1158
3:neutral:2019:fc:1251	2019 FC 1251
3:neutral:2019:fc:1434	2019 FC 1434
3:neutral:2019:fc:145	2019 FC 145
3:neutral:2019:fc:1543	2019 FC 1543
3:neutral:2019:fc:1569	2019 FC 1569
3:neutral:2019:fc:255	2019 FC 255
3:neutral:2019:fc:261	2019 FC 261
3:neutral:2019:fc:282	2019 FC 282
3:neutral:2019:fc:335	2019 FC 335
3:neutral:2019:fc:401	2019 FC 401
3:neutral:2019:fc:451	2019 FC 451
3:neutral:2019:fc:581	2019 FC 581
3:neutral:2019:fc:732	2019 FC 732
3:neutral:2019:fc:734	2019 FC 734
3:neutral:2019:fc:750	2019 FC 750
3:neutral:2019:fc:789	2019 FC 789
3:neutral:2019:fc:798	2019 FC 798
3:neutral:2019:fc:860	2019 FC 860
3:neutral:2019:fc:884	2019 FC 884
3:neutral:2019:fc:905	2019 FC 905
3:neutral:2019:fc:960	2019 FC 960
3:neutral:2019:fc:975	2019 FC 975
3:neutral:2019:fca:120	2019 FCA 120
3:neutral:2019:fca:148	2019 FCA 148
3:neutral:2019:fca:15	2019 FCA 15
3:neutral:2019:fca:151	2019 FCA 151
3:neutral:2019:fca:16	2019 FCA 16
3:neutral:2019:fca:161	2019 FCA 161
3:neutral:2019:fca:169	2019 FCA 169
3:neutral:2019:fca:171	2019 FCA 171
3:neutral:2019:fca:179	2019 FCA 179
3:neutral:2019:fca:188	2019 FCA 188
3:neutral:2019:fca:203	2019 FCA 203
3:neutral:2019:fca:204	2019 FCA 204
3:neutral:2019:fca:206	2019 FCA 206
3:neutral:2019:fca:209	2019 FCA 209
3:neutral:2019:fca:212	2019 FCA 212
3:neutral:2019:fca:223	2019 FCA 223
3:neutral:2019:fca:224	2019 FCA 224
3:neutral:2019:fca:262	2019 FCA 262
3:neutral:2019:fca:263	2019 FCA 263
3:neutral:2019:fca:274	2019 FCA 274
3:neutral:2019:fca:276	2019 FCA 276
3:neutral:2019:fca:295	2019 FCA 295
3:neutral:2019:fca:313	2019 FCA 313
3:neutral:2019:fca:320	2019 FCA 320
3:neutral:2019:fca:33	2019 FCA 33
3:neutral:2019:fca:34	2019 FCA 34
3:neutral:2019:fca:40	2019 FCA 40
3:neutral:2019:fca:41	2019 FCA 41
3:neutral:2019:fca:44	2019 FCA 44
3:neutral:2019:fca:48	2019 FCA 48
3:neutral:2019:fca:5	2019 FCA 5
3:neutral:2019:fca:51	2019 FCA 51
3:neutral:2019:fca:53	2019 FCA 53
3:neutral:2019:fca:67	2019 FCA 67
3:neutral:2019:fca:82	2019 FCA 82
3:neutral:2019:fca:96	2019 FCA 96
3:neutral:2019:nsca:10	2019 NSCA 10
3:neutral:2019:nsca:2	2019 NSCA 2
3:neutral:2019:nsca:38	2019 NSCA 38
3:neutral:2019:nsca:64	2019 NSCA 64
3:neutral:2019:nsca:94	2019 NSCA 94
3:neutral:2019:nssc:271	2019 NSSC 271
3:neutral:2019:nssc:339	2019 NSSC 339
3:neutral:2019:nssc:341	2019 NSSC 341
3:neutral:2019:onca:1	2019 ONCA 1
3:neutral:2019:onca:1000	2019 ONCA 1000
3:neutral:2019:onca:1005	2019 ONCA 1005
3:neutral:2019:onca:1017	2019 ONCA 1017
3:neutral:2019:onca:1023	2019 ONCA 1023
3:neutral:2019:onca:1025	2019 ONCA 1025
3:neutral:2019:onca:1026	2019 ONCA 1026
3:neutral:2019:onca:1028	2019 ONCA 1028
3:neutral:2019:onca:104	2019 ONCA 104
3:neutral:2019:onca:105	2019 ONCA 105
3:neutral:2019:onca:106	2019 ONCA 106
3:neutral:2019:onca:111	2019 ONCA 111
3:neutral:2019:onca:113	2019 ONCA 113
3:neutral:2019:onca:115	2019 ONCA 115
3:neutral:2019:onca:120	2019 ONCA 120
3:neutral:2019:onca:124	2019 ONCA 124
3:neutral:2019:onca:128	2019 ONCA 128
3:neutral:2019:onca:141	2019 ONCA 141
3:neutral:2019:onca:145	2019 ONCA 145
3:neutral:2019:onca:149	2019 ONCA 149
3:neutral:2019:onca:159	2019 ONCA 159
3:neutral:2019:onca:161	2019 ONCA 161
3:neutral:2019:onca:163	2019 ONCA 163
3:neutral:2019:onca:165	2019 ONCA 165
3:neutral:2019:onca:166	2019 ONCA 166
3:neutral:2019:onca:181	2019 ONCA 181
3:neutral:2019:onca:194	2019 ONCA 194
3:neutral:2019:onca:197	2019 ONCA 197
3:neutral:2019:onca:199	2019 ONCA 199
3:neutral:2019:onca:2	2019 ONCA 2
3:neutral:2019:onca:202	2019 ONCA 202
3:neutral:2019:onca:205	2019 ONCA 205
3:neutral:2019:onca:213	2019 ONCA 213
3:neutral:2019:onca:228	2019 ONCA 228
3:neutral:2019:onca:23	2019 ONCA 23
3:neutral:2019:onca:242	2019 ONCA 242
3:neutral:2019:onca:243	2019 ONCA 243
3:neutral:2019:onca:244	2019 ONCA 244
3:neutral:2019:onca:252	2019 ONCA 252
3:neutral:2019:onca:254	2019 ONCA 254
3:neutral:2019:onca:255	2019 ONCA 255
3:neutral:2019:onca:258	2019 ONCA 258
3:neutral:2019:onca:260	2019 ONCA 260
3:neutral:2019:onca:262	2019 ONCA 262
3:neutral:2019:onca:264	2019 ONCA 264
3:neutral:2019:onca:269	2019 ONCA 269
3:neutral:2019:onca:274	2019 ONCA 274
3:neutral:2019:onca:285	2019 ONCA 285
3:neutral:2019:onca:288	2019 ONCA 288
3:neutral:2019:onca:293	2019 ONCA 293
3:neutral:2019:onca:3	2019 ONCA 3
3:neutral:2019:onca:30	2019 ONCA 30
3:neutral:2019:onca:305	2019 ONCA 305
3:neutral:2019:onca:307	2019 ONCA 307
3:neutral:2019:onca:31	2019 ONCA 31
3:neutral:2019:onca:311	2019 ONCA 311
3:neutral:2019:onca:314	2019 ONCA 314
3:neutral:2019:onca:316	2019 ONCA 316
3:neutral:2019:onca:317	2019 ONCA 317
3:neutral:2019:onca:32	2019 ONCA 32
3:neutral:2019:onca:328	2019 ONCA 328
3:neutral:2019:onca:332	2019 ONCA 332
3:neutral:2019:onca:342	2019 ONCA 342
3:neutral:2019:onca:347	2019 ONCA 347
3:neutral:2019:onca:353	2019 ONCA 353
3:neutral:2019:onca:354	2019 ONCA 354
3:neutral:2019:onca:356	2019 ONCA 356
3:neutral:2019:onca:368	2019 ONCA 368
3:neutral:2019:onca:369	2019 ONCA 369
3:neutral:2019:onca:372	2019 ONCA 372
3:neutral:2019:onca:374	2019 ONCA 374
3:neutral:2019:onca:376	2019 ONCA 376
3:neutral:2019:onca:377	2019 ONCA 377
3:neutral:2019:onca:380	2019 ONCA 380
3:neutral:2019:onca:385	2019 ONCA 385
3:neutral:2019:onca:39	2019 ONCA 39
3:neutral:2019:onca:393	2019 ONCA 393
3:neutral:2019:onca:399	2019 ONCA 399
3:neutral:2019:onca:400	2019 ONCA 400
3:neutral:2019:onca:405	2019 ONCA 405
3:neutral:2019:onca:407	2019 ONCA 407
3:neutral:2019:onca:41	2019 ONCA 41
3:neutral:2019:onca:410	2019 ONCA 410
3:neutral:2019:onca:413	2019 ONCA 413
3:neutral:2019:onca:416	2019 ONCA 416
3:neutral:2019:onca:420	2019 ONCA 420
3:neutral:2019:onca:431	2019 ONCA 431
3:neutral:2019:onca:439	2019 ONCA 439
3:neutral:2019:onca:44	2019 ONCA 44
3:neutral:2019:onca:443	2019 ONCA 443
3:neutral:2019:onca:453	2019 ONCA 453
3:neutral:2019:onca:454	2019 ONCA 454
3:neutral:2019:onca:455	2019 ONCA 455
3:neutral:2019:onca:458	2019 ONCA 458
3:neutral:2019:onca:46	2019 ONCA 46
3:neutral:2019:onca:47	2019 ONCA 47
3:neutral:2019:onca:490	2019 ONCA 490
3:neutral:2019:onca:493	2019 ONCA 493
3:neutral:2019:onca:502	2019 ONCA 502
3:neutral:2019:onca:504	2019 ONCA 504
3:neutral:2019:onca:505	2019 ONCA 505
3:neutral:2019:onca:506	2019 ONCA 506
3:neutral:2019:onca:508	2019 ONCA 508
3:neutral:2019:onca:511	2019 ONCA 511
3:neutral:2019:onca:512	2019 ONCA 512
3:neutral:2019:onca:515	2019 ONCA 515
3:neutral:2019:onca:524	2019 ONCA 524
3:neutral:2019:onca:525	2019 ONCA 525
3:neutral:2019:onca:527	2019 ONCA 527
3:neutral:2019:onca:531	2019 ONCA 531
3:neutral:2019:onca:540	2019 ONCA 540
3:neutral:2019:onca:541	2019 ONCA 541
3:neutral:2019:onca:544	2019 ONCA 544
3:neutral:2019:onca:545	2019 ONCA 545
3:neutral:2019:onca:548	2019 ONCA 548
3:neutral:2019:onca:55	2019 ONCA 55
3:neutral:2019:onca:556	2019 ONCA 556
3:neutral:2019:onca:557	2019 ONCA 557
3:neutral:2019:onca:561	2019 ONCA 561
3:neutral:2019:onca:565	2019 ONCA 565
3:neutral:2019:onca:569	2019 ONCA 569
3:neutral:2019:onca:575	2019 ONCA 575
3:neutral:2019:onca:576	2019 ONCA 576
3:neutral:2019:onca:578	2019 ONCA 578
3:neutral:2019:onca:588	2019 ONCA 588
3:neutral:2019:onca:591	2019 ONCA 591
3:neutral:2019:onca:599	2019 ONCA 599
3:neutral:2019:onca:6	2019 ONCA 6
3:neutral:2019:onca:600	2019 ONCA 600
3:neutral:2019:onca:609	2019 ONCA 609
3:neutral:2019:onca:615	2019 ONCA 615
3:neutral:2019:onca:616	2019 ONCA 616
3:neutral:2019:onca:619	2019 ONCA 619
3:neutral:2019:onca:622	2019 ONCA 622
3:neutral:2019:onca:624	2019 ONCA 624
3:neutral:2019:onca:625	2019 ONCA 625
3:neutral:2019:onca:627	2019 ONCA 627
3:neutral:2019:onca:629	2019 ONCA 629
3:neutral:2019:onca:630	2019 ONCA 630
3:neutral:2019:onca:631	2019 ONCA 631
3:neutral:2019:onca:633	2019 ONCA 633
3:neutral:2019:onca:634	2019 ONCA 634
3:neutral:2019:onca:635	2019 ONCA 635
3:neutral:2019:onca:636	2019 ONCA 636
3:neutral:2019:onca:646	2019 ONCA 646
3:neutral:2019:onca:647	2019 ONCA 647
3:neutral:2019:onca:648	2019 ONCA 648
3:neutral:2019:onca:649	2019 ONCA 649
3:neutral:2019:onca:651	2019 ONCA 651
3:neutral:2019:onca:652	2019 ONCA 652
3:neutral:2019:onca:657	2019 ONCA 657
3:neutral:2019:onca:658	2019 ONCA 658
3:neutral:2019:onca:66	2019 ONCA 66
3:neutral:2019:onca:663	2019 ONCA 663
3:neutral:2019:onca:664	2019 ONCA 664
3:neutral:2019:onca:665	2019 ONCA 665
3:neutral:2019:onca:668	2019 ONCA 668
3:neutral:2019:onca:672	2019 ONCA 672
3:neutral:2019:onca:676	2019 ONCA 676
3:neutral:2019:onca:679	2019 ONCA 679
3:neutral:2019:onca:680	2019 ONCA 680
3:neutral:2019:onca:682	2019 ONCA 682
3:neutral:2019:onca:686	2019 ONCA 686
3:neutral:2019:onca:687	2019 ONCA 687
3:neutral:2019:onca:690	2019 ONCA 690
3:neutral:2019:onca:694	2019 ONCA 694
3:neutral:2019:onca:70	2019 ONCA 70
3:neutral:2019:onca:700	2019 ONCA 700
3:neutral:2019:onca:71	2019 ONCA 71
3:neutral:2019:onca:710	2019 ONCA 710
3:neutral:2019:onca:715	2019 ONCA 715
3:neutral:2019:onca:716	2019 ONCA 716
3:neutral:2019:onca:726	2019 ONCA 726
3:neutral:2019:onca:732	2019 ONCA 732
3:neutral:2019:onca:738	2019 ONCA 738
3:neutral:2019:onca:74	2019 ONCA 74
3:neutral:2019:onca:746	2019 ONCA 746
3:neutral:2019:onca:753	2019 ONCA 753
3:neutral:2019:onca:757	2019 ONCA 757
3:neutral:2019:onca:761	2019 ONCA 761
3:neutral:2019:onca:764	2019 ONCA 764
3:neutral:2019:onca:765	2019 ONCA 765
3:neutral:2019:onca:768	2019 ONCA 768
3:neutral:2019:onca:774	2019 ONCA 774
3:neutral:2019:onca:775	2019 ONCA 775
3:neutral:2019:onca:776	2019 ONCA 776
3:neutral:2019:onca:777	2019 ONCA 777
3:neutral:2019:onca:789	2019 ONCA 789
3:neutral:2019:onca:79	2019 ONCA 79
3:neutral:2019:onca:799	2019 ONCA 799
3:neutral:2019:onca:80	2019 ONCA 80
3:neutral:2019:onca:800	2019 ONCA 800
3:neutral:2019:onca:805	2019 ONCA 805
3:neutral:2019:onca:806	2019 ONCA 806
3:neutral:2019:onca:807	2019 ONCA 807
3:neutral:2019:onca:819	2019 ONCA 819
3:neutral:2019:onca:820	2019 ONCA 820
3:neutral:2019:onca:821	2019 ONCA 821
3:neutral:2019:onca:822	2019 ONCA 822
3:neutral:2019:onca:826	2019 ONCA 826
3:neutral:2019:onca:827	2019 ONCA 827
3:neutral:2019:onca:830	2019 ONCA 830
3:neutral:2019:onca:839	2019 ONCA 839
3:neutral:2019:onca:840	2019 ONCA 840
3:neutral:2019:onca:841	2019 ONCA 841
3:neutral:2019:onca:842	2019 ONCA 842
3:neutral:2019:onca:85	2019 ONCA 85
3:neutral:2019:onca:854	2019 ONCA 854
3:neutral:2019:onca:862	2019 ONCA 862
3:neutral:2019:onca:865	2019 ONCA 865
3:neutral:2019:onca:873	2019 ONCA 873
3:neutral:2019:onca:876	2019 ONCA 876
3:neutral:2019:onca:882	2019 ONCA 882
3:neutral:2019:onca:884	2019 ONCA 884
3:neutral:2019:onca:890	2019 ONCA 890
3:neutral:2019:onca:895	2019 ONCA 895
3:neutral:2019:onca:898	2019 ONCA 898
3:neutral:2019:onca:9	2019 ONCA 9
3:neutral:2019:onca:91	2019 ONCA 91
3:neutral:2019:onca:915	2019 ONCA 915
3:neutral:2019:onca:925	2019 ONCA 925
3:neutral:2019:onca:929	2019 ONCA 929
3:neutral:2019:onca:932	2019 ONCA 932
3:neutral:2019:onca:938	2019 ONCA 938
3:neutral:2019:onca:94	2019 ONCA 94
3:neutral:2019:onca:940	2019 ONCA 940
3:neutral:2019:onca:942	2019 ONCA 942
3:neutral:2019:onca:945	2019 ONCA 945
3:neutral:2019:onca:951	2019 ONCA 951
3:neutral:2019:onca:952	2019 ONCA 952
3:neutral:2019:onca:961	2019 ONCA 961
3:neutral:2019:onca:963	2019 ONCA 963
3:neutral:2019:onca:968	2019 ONCA 968
3:neutral:2019:onca:969	2019 ONCA 969
3:neutral:2019:onca:970	2019 ONCA 970
3:neutral:2019:onca:972	2019 ONCA 972
3:neutral:2019:onca:978	2019 ONCA 978
3:neutral:2019:onca:98	2019 ONCA 98
3:neutral:2019:onca:983	2019 ONCA 983
3:neutral:2019:onca:992	2019 ONCA 992
3:neutral:2019:onca:999	2019 ONCA 999
3:neutral:2019:scc:1	2019 SCC 1
3:neutral:2019:scc:10	2019 SCC 10
3:neutral:2019:scc:14	2019 SCC 14
3:neutral:2019:scc:15	2019 SCC 15
3:neutral:2019:scc:17	2019 SCC 17
3:neutral:2019:scc:18	2019 SCC 18
3:neutral:2019:scc:19	2019 SCC 19
3:neutral:2019:scc:20	2019 SCC 20
3:neutral:2019:scc:22	2019 SCC 22
3:neutral:2019:scc:28	2019 SCC 28
3:neutral:2019:scc:29	2019 SCC 29
3:neutral:2019:scc:30	2019 SCC 30
3:neutral:2019:scc:31	2019 SCC 31
3:neutral:2019:scc:33	2019 SCC 33
3:neutral:2019:scc:34	2019 SCC 34
3:neutral:2019:scc:35	2019 SCC 35
3:neutral:2019:scc:38	2019 SCC 38
3:neutral:2019:scc:39	2019 SCC 39
3:neutral:2019:scc:4	2019 SCC 4
3:neutral:2019:scc:40	2019 SCC 40
3:neutral:2019:scc:41	2019 SCC 41
3:neutral:2019:scc:42	2019 SCC 42
3:neutral:2019:scc:43	2019 SCC 43
3:neutral:2019:scc:45	2019 SCC 45
3:neutral:2019:scc:5	2019 SCC 5
3:neutral:2019:scc:51	2019 SCC 51
3:neutral:2019:scc:52	2019 SCC 52
3:neutral:2019:scc:54	2019 SCC 54
3:neutral:2019:scc:55	2019 SCC 55
3:neutral:2019:scc:57	2019 SCC 57
3:neutral:2019:scc:58	2019 SCC 58
3:neutral:2019:scc:59	2019 SCC 59
3:neutral:2019:scc:6	2019 SCC 6
3:neutral:2019:scc:60	2019 SCC 60
3:neutral:2019:scc:63	2019 SCC 63
3:neutral:2019:scc:65	2019 SCC 65
3:neutral:2019:scc:66	2019 SCC 66
3:neutral:2019:scc:67	2019 SCC 67
3:neutral:2019:tcc:23	2019 TCC 23
3:neutral:2019:tcc:39	2019 TCC 39
3:neutral:2019:tcc:48	2019 TCC 48
3:neutral:2019:tcc:62	2019 TCC 62
3:neutral:2019:tcc:76	2019 TCC 76
3:neutral:2019:tcc:81	2019 TCC 81
3:neutral:2019:tcc:92	2019 TCC 92
3:neutral:2019:ykca:9	2019 YKCA 9
3:neutral:2020:bcca:1	2020 BCCA 1
3:neutral:2020:bcca:101	2020 BCCA 101
3:neutral:2020:bcca:103	2020 BCCA 103
3:neutral:2020:bcca:104	2020 BCCA 104
3:neutral:2020:bcca:110	2020 BCCA 110
3:neutral:2020:bcca:117	2020 BCCA 117
3:neutral:2020:bcca:12	2020 BCCA 12
3:neutral:2020:bcca:130	2020 BCCA 130
3:neutral:2020:bcca:136	2020 BCCA 136
3:neutral:2020:bcca:138	2020 BCCA 138
3:neutral:2020:bcca:140	2020 BCCA 140
3:neutral:2020:bcca:156	2020 BCCA 156
3:neutral:2020:bcca:160	2020 BCCA 160
3:neutral:2020:bcca:18	2020 BCCA 18
3:neutral:2020:bcca:181	2020 BCCA 181
3:neutral:2020:bcca:196	2020 BCCA 196
3:neutral:2020:bcca:204	2020 BCCA 204
3:neutral:2020:bcca:221	2020 BCCA 221
3:neutral:2020:bcca:23	2020 BCCA 23
3:neutral:2020:bcca:240	2020 BCCA 240
3:neutral:2020:bcca:241	2020 BCCA 241
3:neutral:2020:bcca:246	2020 BCCA 246
3:neutral:2020:bcca:251	2020 BCCA 251
3:neutral:2020:bcca:258	2020 BCCA 258
3:neutral:2020:bcca:277	2020 BCCA 277
3:neutral:2020:bcca:286	2020 BCCA 286
3:neutral:2020:bcca:302	2020 BCCA 302
3:neutral:2020:bcca:305	2020 BCCA 305
3:neutral:2020:bcca:330	2020 BCCA 330
3:neutral:2020:bcca:339	2020 BCCA 339
3:neutral:2020:bcca:361	2020 BCCA 361
3:neutral:2020:bcca:369	2020 BCCA 369
3:neutral:2020:bcca:58	2020 BCCA 58
3:neutral:2020:bcca:76	2020 BCCA 76
3:neutral:2020:bcca:78	2020 BCCA 78
3:neutral:2020:bcca:82	2020 BCCA 82
3:neutral:2020:bcca:99	2020 BCCA 99
3:neutral:2020:bcsc:1233	2020 BCSC 1233
3:neutral:2020:bcsc:1731	2020 BCSC 1731
3:neutral:2020:bcsc:196	2020 BCSC 196
3:neutral:2020:bcsc:547	2020 BCSC 547
3:neutral:2020:bcsc:621	2020 BCSC 621
3:neutral:2020:cirb:927	2020 CIRB 927
3:neutral:2020:fc:1065	2020 FC 1065
3:neutral:2020:fc:1159	2020 FC 1159
3:neutral:2020:fc:330	2020 FC 330
3:neutral:2020:fc:393	2020 FC 393
3:neutral:2020:fc:505	2020 FC 505
3:neutral:2020:fc:506	2020 FC 506
3:neutral:2020:fc:570	2020 FC 570
3:neutral:2020:fc:631	2020 FC 631
3:neutral:2020:fc:644	2020 FC 644
3:neutral:2020:fc:712	2020 FC 712
3:neutral:2020:fc:725	2020 FC 725
3:neutral:2020:fc:761	2020 FC 761
3:neutral:2020:fc:770	2020 FC 770
3:neutral:2020:fc:837	2020 FC 837
3:neutral:2020:fc:862	2020 FC 862
3:neutral:2020:fc:865	2020 FC 865
3:neutral:2020:fc:867	2020 FC 867
3:neutral:2020:fc:917	2020 FC 917
3:neutral:2020:fc:946	2020 FC 946
3:neutral:2020:fc:968	2020 FC 968
3:neutral:2020:fc:97	2020 FC 97
3:neutral:2020:fca:1	2020 FCA 1
3:neutral:2020:fca:10	2020 FCA 10
3:neutral:2020:fca:100	2020 FCA 100
3:neutral:2020:fca:103	2020 FCA 103
3:neutral:2020:fca:108	2020 FCA 108
3:neutral:2020:fca:112	2020 FCA 112
3:neutral:2020:fca:116	2020 FCA 116
3:neutral:2020:fca:125	2020 FCA 125
3:neutral:2020:fca:129	2020 FCA 129
3:neutral:2020:fca:130	2020 FCA 130
3:neutral:2020:fca:134	2020 FCA 134
3:neutral:2020:fca:137	2020 FCA 137
3:neutral:2020:fca:140	2020 FCA 140
3:neutral:2020:fca:141	2020 FCA 141
3:neutral:2020:fca:142	2020 FCA 142
3:neutral:2020:fca:146	2020 FCA 146
3:neutral:2020:fca:174	2020 FCA 174
3:neutral:2020:fca:187	2020 FCA 187
3:neutral:2020:fca:196	2020 FCA 196
3:neutral:2020:fca:20	2020 FCA 20
3:neutral:2020:fca:22	2020 FCA 22
3:neutral:2020:fca:222	2020 FCA 222
3:neutral:2020:fca:223	2020 FCA 223
3:neutral:2020:fca:224	2020 FCA 224
3:neutral:2020:fca:3	2020 FCA 3
3:neutral:2020:fca:34	2020 FCA 34
3:neutral:2020:fca:43	2020 FCA 43
3:neutral:2020:fca:45	2020 FCA 45
3:neutral:2020:fca:5	2020 FCA 5
3:neutral:2020:fca:54	2020 FCA 54
3:neutral:2020:fca:60	2020 FCA 60
3:neutral:2020:fca:61	2020 FCA 61
3:neutral:2020:fca:63	2020 FCA 63
3:neutral:2020:fca:64	2020 FCA 64
3:neutral:2020:fca:67	2020 FCA 67
3:neutral:2020:fca:69	2020 FCA 69
3:neutral:2020:fca:76	2020 FCA 76
3:neutral:2020:fca:77	2020 FCA 77
3:neutral:2020:fca:79	2020 FCA 79
3:neutral:2020:fca:80	2020 FCA 80
3:neutral:2020:fca:85	2020 FCA 85
3:neutral:2020:fca:88	2020 FCA 88
3:neutral:2020:fca:97	2020 FCA 97
3:neutral:2020:nsca:11	2020 NSCA 11
3:neutral:2020:nsca:12	2020 NSCA 12
3:neutral:2020:nsca:33	2020 NSCA 33
3:neutral:2020:nsca:50	2020 NSCA 50
3:neutral:2020:nsca:9	2020 NSCA 9
3:neutral:2020:nspc:37	2020 NSPC 37
3:neutral:2020:nssc:105	2020 NSSC 105
3:neutral:2020:nssc:22	2020 NSSC 22
3:neutral:2020:nssc:58	2020 NSSC 58
3:neutral:2020:nssc:87	2020 NSSC 87
3:neutral:2020:onca:1	2020 ONCA 1
3:neutral:2020:onca:10	2020 ONCA 10
3:neutral:2020:onca:102	2020 ONCA 102
3:neutral:2020:onca:104	2020 ONCA 104
3:neutral:2020:onca:106	2020 ONCA 106
3:neutral:2020:onca:11	2020 ONCA 11
3:neutral:2020:onca:110	2020 ONCA 110
3:neutral:2020:onca:12	2020 ONCA 12
3:neutral:2020:onca:124	2020 ONCA 124
3:neutral:2020:onca:128	2020 ONCA 128
3:neutral:2020:onca:134	2020 ONCA 134
3:neutral:2020:onca:142	2020 ONCA 142
3:neutral:2020:onca:151	2020 ONCA 151
3:neutral:2020:onca:154	2020 ONCA 154
3:neutral:2020:onca:160	2020 ONCA 160
3:neutral:2020:onca:179	2020 ONCA 179
3:neutral:2020:onca:18	2020 ONCA 18
3:neutral:2020:onca:184	2020 ONCA 184
3:neutral:2020:onca:185	2020 ONCA 185
3:neutral:2020:onca:197	2020 ONCA 197
3:neutral:2020:onca:198	2020 ONCA 198
3:neutral:2020:onca:2	2020 ONCA 2
3:neutral:2020:onca:202	2020 ONCA 202
3:neutral:2020:onca:216	2020 ONCA 216
3:neutral:2020:onca:217	2020 ONCA 217
3:neutral:2020:onca:218	2020 ONCA 218
3:neutral:2020:onca:22	2020 ONCA 22
3:neutral:2020:onca:220	2020 ONCA 220
3:neutral:2020:onca:221	2020 ONCA 221
3:neutral:2020:onca:222	2020 ONCA 222
3:neutral:2020:onca:231	2020 ONCA 231
3:neutral:2020:onca:235	2020 ONCA 235
3:neutral:2020:onca:238	2020 ONCA 238
3:neutral:2020:onca:239	2020 ONCA 239
3:neutral:2020:onca:240	2020 ONCA 240
3:neutral:2020:onca:243	2020 ONCA 243
3:neutral:2020:onca:245	2020 ONCA 245
3:neutral:2020:onca:246	2020 ONCA 246
3:neutral:2020:onca:247	2020 ONCA 247
3:neutral:2020:onca:25	2020 ONCA 25
3:neutral:2020:onca:251	2020 ONCA 251
3:neutral:2020:onca:252	2020 ONCA 252
3:neutral:2020:onca:254	2020 ONCA 254
3:neutral:2020:onca:257	2020 ONCA 257
3:neutral:2020:onca:258	2020 ONCA 258
3:neutral:2020:onca:259	2020 ONCA 259
3:neutral:2020:onca:26	2020 ONCA 26
3:neutral:2020:onca:264	2020 ONCA 264
3:neutral:2020:onca:267	2020 ONCA 267
3:neutral:2020:onca:272	2020 ONCA 272
3:neutral:2020:onca:273	2020 ONCA 273
3:neutral:2020:onca:282	2020 ONCA 282
3:neutral:2020:onca:283	2020 ONCA 283
3:neutral:2020:onca:284	2020 ONCA 284
3:neutral:2020:onca:287	2020 ONCA 287
3:neutral:2020:onca:288	2020 ONCA 288
3:neutral:2020:onca:289	2020 ONCA 289
3:neutral:2020:onca:290	2020 ONCA 290
3:neutral:2020:onca:291	2020 ONCA 291
3:neutral:2020:onca:298	2020 ONCA 298
3:neutral:2020:onca:3	2020 ONCA 3
3:neutral:2020:onca:30	2020 ONCA 30
3:neutral:2020:onca:304	2020 ONCA 304
3:neutral:2020:onca:307	2020 ONCA 307
3:neutral:2020:onca:314	2020 ONCA 314
3:neutral:2020:onca:320	2020 ONCA 320
3:neutral:2020:onca:322	2020 ONCA 322
3:neutral:2020:onca:326	2020 ONCA 326
3:neutral:2020:onca:329	2020 ONCA 329
3:neutral:2020:onca:33	2020 ONCA 33
3:neutral:2020:onca:330	2020 ONCA 330
3:neutral:2020:onca:333	2020 ONCA 333
3:neutral:2020:onca:334	2020 ONCA 334
3:neutral:2020:onca:337	2020 ONCA 337
3:neutral:2020:onca:340	2020 ONCA 340
3:neutral:2020:onca:343	2020 ONCA 343
3:neutral:2020:onca:347	2020 ONCA 347
3:neutral:2020:onca:350	2020 ONCA 350
3:neutral:2020:onca:357	2020 ONCA 357
3:neutral:2020:onca:359	2020 ONCA 359
3:neutral:2020:onca:362	2020 ONCA 362
3:neutral:2020:onca:373	2020 ONCA 373
3:neutral:2020:onca:38	2020 ONCA 38
3:neutral:2020:onca:381	2020 ONCA 381
3:neutral:2020:onca:382	2020 ONCA 382
3:neutral:2020:onca:383	2020 ONCA 383
3:neutral:2020:onca:386	2020 ONCA 386
3:neutral:2020:onca:391	2020 ONCA 391
3:neutral:2020:onca:392	2020 ONCA 392
3:neutral:2020:onca:394	2020 ONCA 394
3:neutral:2020:onca:398	2020 ONCA 398
3:neutral:2020:onca:4	2020 ONCA 4
3:neutral:2020:onca:40	2020 ONCA 40
3:neutral:2020:onca:402	2020 ONCA 402
3:neutral:2020:onca:403	2020 ONCA 403
3:neutral:2020:onca:405	2020 ONCA 405
3:neutral:2020:onca:412	2020 ONCA 412
3:neutral:2020:onca:413	2020 ONCA 413
3:neutral:2020:onca:415	2020 ONCA 415
3:neutral:2020:onca:428	2020 ONCA 428
3:neutral:2020:onca:431	2020 ONCA 431
3:neutral:2020:onca:436	2020 ONCA 436
3:neutral:2020:onca:438	2020 ONCA 438
3:neutral:2020:onca:439	2020 ONCA 439
3:neutral:2020:onca:44	2020 ONCA 44
3:neutral:2020:onca:440	2020 ONCA 440
3:neutral:2020:onca:446	2020 ONCA 446
3:neutral:2020:onca:447	2020 ONCA 447
3:neutral:2020:onca:449	2020 ONCA 449
3:neutral:2020:onca:453	2020 ONCA 453
3:neutral:2020:onca:46	2020 ONCA 46
3:neutral:2020:onca:464	2020 ONCA 464
3:neutral:2020:onca:466	2020 ONCA 466
3:neutral:2020:onca:471	2020 ONCA 471
3:neutral:2020:onca:472	2020 ONCA 472
3:neutral:2020:onca:473	2020 ONCA 473
3:neutral:2020:onca:476	2020 ONCA 476
3:neutral:2020:onca:478	2020 ONCA 478
3:neutral:2020:onca:481	2020 ONCA 481
3:neutral:2020:onca:485	2020 ONCA 485
3:neutral:2020:onca:486	2020 ONCA 486
3:neutral:2020:onca:487	2020 ONCA 487
3:neutral:2020:onca:49	2020 ONCA 49
3:neutral:2020:onca:492	2020 ONCA 492
3:neutral:2020:onca:494	2020 ONCA 494
3:neutral:2020:onca:5	2020 ONCA 5
3:neutral:2020:onca:507	2020 ONCA 507
3:neutral:2020:onca:510	2020 ONCA 510
3:neutral:2020:onca:511	2020 ONCA 511
3:neutral:2020:onca:527	2020 ONCA 527
3:neutral:2020:onca:528	2020 ONCA 528
3:neutral:2020:onca:529	2020 ONCA 529
3:neutral:2020:onca:534	2020 ONCA 534
3:neutral:2020:onca:536	2020 ONCA 536
3:neutral:2020:onca:537	2020 ONCA 537
3:neutral:2020:onca:545	2020 ONCA 545
3:neutral:2020:onca:548	2020 ONCA 548
3:neutral:2020:onca:551	2020 ONCA 551
3:neutral:2020:onca:554	2020 ONCA 554
3:neutral:2020:onca:558	2020 ONCA 558
3:neutral:2020:onca:570	2020 ONCA 570
3:neutral:2020:onca:585	2020 ONCA 585
3:neutral:2020:onca:587	2020 ONCA 587
3:neutral:2020:onca:59	2020 ONCA 59
3:neutral:2020:onca:602	2020 ONCA 602
3:neutral:2020:onca:606	2020 ONCA 606
3:neutral:2020:onca:607	2020 ONCA 607
3:neutral:2020:onca:608	2020 ONCA 608
3:neutral:2020:onca:61	2020 ONCA 61
3:neutral:2020:onca:612	2020 ONCA 612
3:neutral:2020:onca:622	2020 ONCA 622
3:neutral:2020:onca:623	2020 ONCA 623
3:neutral:2020:onca:63	2020 ONCA 63
3:neutral:2020:onca:635	2020 ONCA 635
3:neutral:2020:onca:645	2020 ONCA 645
3:neutral:2020:onca:646	2020 ONCA 646
3:neutral:2020:onca:651	2020 ONCA 651
3:neutral:2020:onca:652	2020 ONCA 652
3:neutral:2020:onca:654	2020 ONCA 654
3:neutral:2020:onca:657	2020 ONCA 657
3:neutral:2020:onca:664	2020 ONCA 664
3:neutral:2020:onca:667	2020 ONCA 667
3:neutral:2020:onca:678	2020 ONCA 678
3:neutral:2020:onca:681	2020 ONCA 681
3:neutral:2020:onca:684	2020 ONCA 684
3:neutral:2020:onca:691	2020 ONCA 691
3:neutral:2020:onca:692	2020 ONCA 692
3:neutral:2020:onca:699	2020 ONCA 699
3:neutral:2020:onca:708	2020 ONCA 708
3:neutral:2020:onca:71	2020 ONCA 71
3:neutral:2020:onca:710	2020 ONCA 710
3:neutral:2020:onca:714	2020 ONCA 714
3:neutral:2020:onca:727	2020 ONCA 727
3:neutral:2020:onca:729	2020 ONCA 729
3:neutral:2020:onca:73	2020 ONCA 73
3:neutral:2020:onca:730	2020 ONCA 730
3:neutral:2020:onca:731	2020 ONCA 731
3:neutral:2020:onca:733	2020 ONCA 733
3:neutral:2020:onca:738	2020 ONCA 738
3:neutral:2020:onca:743	2020 ONCA 743
3:neutral:2020:onca:748	2020 ONCA 748
3:neutral:2020:onca:750	2020 ONCA 750
3:neutral:2020:onca:755	2020 ONCA 755
3:neutral:2020:onca:757	2020 ONCA 757
3:neutral:2020:onca:759	2020 ONCA 759
3:neutral:2020:onca:763	2020 ONCA 763
3:neutral:2020:onca:765	2020 ONCA 765
3:neutral:2020:onca:768	2020 ONCA 768
3:neutral:2020:onca:776	2020 ONCA 776
3:neutral:2020:onca:782	2020 ONCA 782
3:neutral:2020:onca:787	2020 ONCA 787
3:neutral:2020:onca:788	2020 ONCA 788
3:neutral:2020:onca:79	2020 ONCA 79
3:neutral:2020:onca:795	2020 ONCA 795
3:neutral:2020:onca:807	2020 ONCA 807
3:neutral:2020:onca:810	2020 ONCA 810
3:neutral:2020:onca:812	2020 ONCA 812
3:neutral:2020:onca:815	2020 ONCA 815
3:neutral:2020:onca:816	2020 ONCA 816
3:neutral:2020:onca:824	2020 ONCA 824
3:neutral:2020:onca:827	2020 ONCA 827
3:neutral:2020:onca:830	2020 ONCA 830
3:neutral:2020:onca:84	2020 ONCA 84
3:neutral:2020:onca:842	2020 ONCA 842
3:neutral:2020:onca:844	2020 ONCA 844
3:neutral:2020:onca:847	2020 ONCA 847
3:neutral:2020:onca:88	2020 ONCA 88
3:neutral:2020:onca:92	2020 ONCA 92
3:neutral:2020:scc:10	2020 SCC 10
3:neutral:2020:scc:11	2020 SCC 11
3:neutral:2020:scc:13	2020 SCC 13
3:neutral:2020:scc:14	2020 SCC 14
3:neutral:2020:scc:16	2020 SCC 16
3:neutral:2020:scc:18	2020 SCC 18
3:neutral:2020:scc:19	2020 SCC 19
3:neutral:2020:scc:22	2020 SCC 22
3:neutral:2020:scc:23	2020 SCC 23
3:neutral:2020:scc:24	2020 SCC 24
3:neutral:2020:scc:25	2020 SCC 25
3:neutral:2020:scc:26	2020 SCC 26
3:neutral:2020:scc:28	2020 SCC 28
3:neutral:2020:scc:29	2020 SCC 29
3:neutral:2020:scc:30	2020 SCC 30
3:neutral:2020:scc:31	2020 SCC 31
3:neutral:2020:scc:32	2020 SCC 32
3:neutral:2020:scc:33	2020 SCC 33
3:neutral:2020:scc:35	2020 SCC 35
3:neutral:2020:scc:36	2020 SCC 36
3:neutral:2020:scc:37	2020 SCC 37
3:neutral:2020:scc:38	2020 SCC 38
3:neutral:2020:scc:39	2020 SCC 39
3:neutral:2020:scc:4	2020 SCC 4
3:neutral:2020:scc:40	2020 SCC 40
3:neutral:2020:scc:45	2020 SCC 45
3:neutral:2020:scc:5	2020 SCC 5
3:neutral:2020:scc:6	2020 SCC 6
3:neutral:2020:scc:7	2020 SCC 7
3:neutral:2020:scc:8	2020 SCC 8
3:neutral:2020:scc:9	2020 SCC 9
3:neutral:2020:tcc:104	2020 TCC 104
3:neutral:2020:tcc:139	2020 TCC 139
3:neutral:2020:tcc:72	2020 TCC 72
3:neutral:2021:bcca:10	2021 BCCA 10
3:neutral:2021:bcca:105	2021 BCCA 105
3:neutral:2021:bcca:106	2021 BCCA 106
3:neutral:2021:bcca:11	2021 BCCA 11
3:neutral:2021:bcca:13	2021 BCCA 13
3:neutral:2021:bcca:140	2021 BCCA 140
3:neutral:2021:bcca:149	2021 BCCA 149
3:neutral:2021:bcca:162	2021 BCCA 162
3:neutral:2021:bcca:182	2021 BCCA 182
3:neutral:2021:bcca:190	2021 BCCA 190
3:neutral:2021:bcca:197	2021 BCCA 197
3:neutral:2021:bcca:222	2021 BCCA 222
3:neutral:2021:bcca:226	2021 BCCA 226
3:neutral:2021:bcca:24	2021 BCCA 24
3:neutral:2021:bcca:279	2021 BCCA 279
3:neutral:2021:bcca:285	2021 BCCA 285
3:neutral:2021:bcca:290	2021 BCCA 290
3:neutral:2021:bcca:307	2021 BCCA 307
3:neutral:2021:bcca:31	2021 BCCA 31
3:neutral:2021:bcca:316	2021 BCCA 316
3:neutral:2021:bcca:34	2021 BCCA 34
3:neutral:2021:bcca:41	2021 BCCA 41
3:neutral:2021:bcca:42	2021 BCCA 42
3:neutral:2021:bcca:432	2021 BCCA 432
3:neutral:2021:bcca:450	2021 BCCA 450
3:neutral:2021:bcca:466	2021 BCCA 466
3:neutral:2021:bcca:53	2021 BCCA 53
3:neutral:2021:bcca:58	2021 BCCA 58
3:neutral:2021:bcca:70	2021 BCCA 70
3:neutral:2021:bcca:96	2021 BCCA 96
3:neutral:2021:bcsc:1287	2021 BCSC 1287
3:neutral:2021:bcsc:1396	2021 BCSC 1396
3:neutral:2021:bcsc:1883	2021 BCSC 1883
3:neutral:2021:bcsc:222	2021 BCSC 222
3:neutral:2021:bcsc:387	2021 BCSC 387
3:neutral:2021:bcsc:987	2021 BCSC 987
3:neutral:2021:fc:1031	2021 FC 1031
3:neutral:2021:fc:1185	2021 FC 1185
3:neutral:2021:fc:1193	2021 FC 1193
3:neutral:2021:fc:186	2021 FC 186
3:neutral:2021:fc:29	2021 FC 29
3:neutral:2021:fc:361	2021 FC 361
3:neutral:2021:fc:378	2021 FC 378
3:neutral:2021:fc:384	2021 FC 384
3:neutral:2021:fc:501	2021 FC 501
3:neutral:2021:fc:507	2021 FC 507
3:neutral:2021:fc:518	2021 FC 518
3:neutral:2021:fc:597	2021 FC 597
3:neutral:2021:fc:621	2021 FC 621
3:neutral:2021:fc:63	2021 FC 63
3:neutral:2021:fc:637	2021 FC 637
3:neutral:2021:fc:693	2021 FC 693
3:neutral:2021:fc:721	2021 FC 721
3:neutral:2021:fc:735	2021 FC 735
3:neutral:2021:fc:758	2021 FC 758
3:neutral:2021:fc:770	2021 FC 770
3:neutral:2021:fc:831	2021 FC 831
3:neutral:2021:fc:851	2021 FC 851
3:neutral:2021:fc:892	2021 FC 892
3:neutral:2021:fc:990	2021 FC 990
3:neutral:2021:fca:10	2021 FCA 10
3:neutral:2021:fca:100	2021 FCA 100
3:neutral:2021:fca:101	2021 FCA 101
3:neutral:2021:fca:113	2021 FCA 113
3:neutral:2021:fca:122	2021 FCA 122
3:neutral:2021:fca:13	2021 FCA 13
3:neutral:2021:fca:153	2021 FCA 153
3:neutral:2021:fca:154	2021 FCA 154
3:neutral:2021:fca:156	2021 FCA 156
3:neutral:2021:fca:157	2021 FCA 157
3:neutral:2021:fca:159	2021 FCA 159
3:neutral:2021:fca:160	2021 FCA 160
3:neutral:2021:fca:171	2021 FCA 171
3:neutral:2021:fca:176	2021 FCA 176
3:neutral:2021:fca:182	2021 FCA 182
3:neutral:2021:fca:184	2021 FCA 184
3:neutral:2021:fca:186	2021 FCA 186
3:neutral:2021:fca:187	2021 FCA 187
3:neutral:2021:fca:189	2021 FCA 189
3:neutral:2021:fca:24	2021 FCA 24
3:neutral:2021:fca:31	2021 FCA 31
3:neutral:2021:fca:45	2021 FCA 45
3:neutral:2021:fca:52	2021 FCA 52
3:neutral:2021:fca:6	2021 FCA 6
3:neutral:2021:fca:7	2021 FCA 7
3:neutral:2021:fca:72	2021 FCA 72
3:neutral:2021:fca:84	2021 FCA 84
3:neutral:2021:fca:86	2021 FCA 86
3:neutral:2021:fca:88	2021 FCA 88
3:neutral:2021:fca:95	2021 FCA 95
3:neutral:2021:fca:96	2021 FCA 96
3:neutral:2021:nsca:3	2021 NSCA 3
3:neutral:2021:nsca:34	2021 NSCA 34
3:neutral:2021:nsca:35	2021 NSCA 35
3:neutral:2021:nsca:37	2021 NSCA 37
3:neutral:2021:nsca:52	2021 NSCA 52
3:neutral:2021:nsca:62	2021 NSCA 62
3:neutral:2021:nsca:86	2021 NSCA 86
3:neutral:2021:onca:1	2021 ONCA 1
3:neutral:2021:onca:100	2021 ONCA 100
3:neutral:2021:onca:103	2021 ONCA 103
3:neutral:2021:onca:105	2021 ONCA 105
3:neutral:2021:onca:112	2021 ONCA 112
3:neutral:2021:onca:113	2021 ONCA 113
3:neutral:2021:onca:116	2021 ONCA 116
3:neutral:2021:onca:119	2021 ONCA 119
3:neutral:2021:onca:126	2021 ONCA 126
3:neutral:2021:onca:130	2021 ONCA 130
3:neutral:2021:onca:131	2021 ONCA 131
3:neutral:2021:onca:134	2021 ONCA 134
3:neutral:2021:onca:135	2021 ONCA 135
3:neutral:2021:onca:137	2021 ONCA 137
3:neutral:2021:onca:141	2021 ONCA 141
3:neutral:2021:onca:148	2021 ONCA 148
3:neutral:2021:onca:150	2021 ONCA 150
3:neutral:2021:onca:151	2021 ONCA 151
3:neutral:2021:onca:157	2021 ONCA 157
3:neutral:2021:onca:159	2021 ONCA 159
3:neutral:2021:onca:16	2021 ONCA 16
3:neutral:2021:onca:161	2021 ONCA 161
3:neutral:2021:onca:162	2021 ONCA 162
3:neutral:2021:onca:18	2021 ONCA 18
3:neutral:2021:onca:186	2021 ONCA 186
3:neutral:2021:onca:188	2021 ONCA 188
3:neutral:2021:onca:190	2021 ONCA 190
3:neutral:2021:onca:191	2021 ONCA 191
3:neutral:2021:onca:197	2021 ONCA 197
3:neutral:2021:onca:199	2021 ONCA 199
3:neutral:2021:onca:200	2021 ONCA 200
3:neutral:2021:onca:201	2021 ONCA 201
3:neutral:2021:onca:202	2021 ONCA 202
3:neutral:2021:onca:207	2021 ONCA 207
3:neutral:2021:onca:214	2021 ONCA 214
3:neutral:2021:onca:216	2021 ONCA 216
3:neutral:2021:onca:224	2021 ONCA 224
3:neutral:2021:onca:226	2021 ONCA 226
3:neutral:2021:onca:229	2021 ONCA 229
3:neutral:2021:onca:239	2021 ONCA 239
3:neutral:2021:onca:249	2021 ONCA 249
3:neutral:2021:onca:251	2021 ONCA 251
3:neutral:2021:onca:252	2021 ONCA 252
3:neutral:2021:onca:253	2021 ONCA 253
3:neutral:2021:onca:255	2021 ONCA 255
3:neutral:2021:onca:256	2021 ONCA 256
3:neutral:2021:onca:258	2021 ONCA 258
3:neutral:2021:onca:26	2021 ONCA 26
3:neutral:2021:onca:261	2021 ONCA 261
3:neutral:2021:onca:263	2021 ONCA 263
3:neutral:2021:onca:266	2021 ONCA 266
3:neutral:2021:onca:267	2021 ONCA 267
3:neutral:2021:onca:28	2021 ONCA 28
3:neutral:2021:onca:298	2021 ONCA 298
3:neutral:2021:onca:302	2021 ONCA 302
3:neutral:2021:onca:303	2021 ONCA 303
3:neutral:2021:onca:305	2021 ONCA 305
3:neutral:2021:onca:309	2021 ONCA 309
3:neutral:2021:onca:311	2021 ONCA 311
3:neutral:2021:onca:314	2021 ONCA 314
3:neutral:2021:onca:324	2021 ONCA 324
3:neutral:2021:onca:325	2021 ONCA 325
3:neutral:2021:onca:326	2021 ONCA 326
3:neutral:2021:onca:327	2021 ONCA 327
3:neutral:2021:onca:332	2021 ONCA 332
3:neutral:2021:onca:335	2021 ONCA 335
3:neutral:2021:onca:34	2021 ONCA 34
3:neutral:2021:onca:345	2021 ONCA 345
3:neutral:2021:onca:346	2021 ONCA 346
3:neutral:2021:onca:352	2021 ONCA 352
3:neutral:2021:onca:353	2021 ONCA 353
3:neutral:2021:onca:36	2021 ONCA 36
3:neutral:2021:onca:362	2021 ONCA 362
3:neutral:2021:onca:364	2021 ONCA 364
3:neutral:2021:onca:365	2021 ONCA 365
3:neutral:2021:onca:367	2021 ONCA 367
3:neutral:2021:onca:369	2021 ONCA 369
3:neutral:2021:onca:375	2021 ONCA 375
3:neutral:2021:onca:376	2021 ONCA 376
3:neutral:2021:onca:379	2021 ONCA 379
3:neutral:2021:onca:38	2021 ONCA 38
3:neutral:2021:onca:382	2021 ONCA 382
3:neutral:2021:onca:385	2021 ONCA 385
3:neutral:2021:onca:392	2021 ONCA 392
3:neutral:2021:onca:396	2021 ONCA 396
3:neutral:2021:onca:4	2021 ONCA 4
3:neutral:2021:onca:401	2021 ONCA 401
3:neutral:2021:onca:408	2021 ONCA 408
3:neutral:2021:onca:410	2021 ONCA 410
3:neutral:2021:onca:416	2021 ONCA 416
3:neutral:2021:onca:418	2021 ONCA 418
3:neutral:2021:onca:424	2021 ONCA 424
3:neutral:2021:onca:425	2021 ONCA 425
3:neutral:2021:onca:43	2021 ONCA 43
3:neutral:2021:onca:434	2021 ONCA 434
3:neutral:2021:onca:44	2021 ONCA 44
3:neutral:2021:onca:442	2021 ONCA 442
3:neutral:2021:onca:445	2021 ONCA 445
3:neutral:2021:onca:447	2021 ONCA 447
3:neutral:2021:onca:451	2021 ONCA 451
3:neutral:2021:onca:461	2021 ONCA 461
3:neutral:2021:onca:462	2021 ONCA 462
3:neutral:2021:onca:463	2021 ONCA 463
3:neutral:2021:onca:467	2021 ONCA 467
3:neutral:2021:onca:474	2021 ONCA 474
3:neutral:2021:onca:479	2021 ONCA 479
3:neutral:2021:onca:48	2021 ONCA 48
3:neutral:2021:onca:482	2021 ONCA 482
3:neutral:2021:onca:49	2021 ONCA 49
3:neutral:2021:onca:498	2021 ONCA 498
3:neutral:2021:onca:506	2021 ONCA 506
3:neutral:2021:onca:513	2021 ONCA 513
3:neutral:2021:onca:515	2021 ONCA 515
3:neutral:2021:onca:516	2021 ONCA 516
3:neutral:2021:onca:517	2021 ONCA 517
3:neutral:2021:onca:518	2021 ONCA 518
3:neutral:2021:onca:52	2021 ONCA 52
3:neutral:2021:onca:525	2021 ONCA 525
3:neutral:2021:onca:529	2021 ONCA 529
3:neutral:2021:onca:530	2021 ONCA 530
3:neutral:2021:onca:533	2021 ONCA 533
3:neutral:2021:onca:534	2021 ONCA 534
3:neutral:2021:onca:535	2021 ONCA 535
3:neutral:2021:onca:541	2021 ONCA 541
3:neutral:2021:onca:543	2021 ONCA 543
3:neutral:2021:onca:544	2021 ONCA 544
3:neutral:2021:onca:545	2021 ONCA 545
3:neutral:2021:onca:551	2021 ONCA 551
3:neutral:2021:onca:552	2021 ONCA 552
3:neutral:2021:onca:553	2021 ONCA 553
3:neutral:2021:onca:555	2021 ONCA 555
3:neutral:2021:onca:567	2021 ONCA 567
3:neutral:2021:onca:568	2021 ONCA 568
3:neutral:2021:onca:569	2021 ONCA 569
3:neutral:2021:onca:57	2021 ONCA 57
3:neutral:2021:onca:578	2021 ONCA 578
3:neutral:2021:onca:579	2021 ONCA 579
3:neutral:2021:onca:581	2021 ONCA 581
3:neutral:2021:onca:584	2021 ONCA 584
3:neutral:2021:onca:589	2021 ONCA 589
3:neutral:2021:onca:590	2021 ONCA 590
3:neutral:2021:onca:594	2021 ONCA 594
3:neutral:2021:onca:597	2021 ONCA 597
3:neutral:2021:onca:605	2021 ONCA 605
3:neutral:2021:onca:612	2021 ONCA 612
3:neutral:2021:onca:614	2021 ONCA 614
3:neutral:2021:onca:625	2021 ONCA 625
3:neutral:2021:onca:629	2021 ONCA 629
3:neutral:2021:onca:636	2021 ONCA 636
3:neutral:2021:onca:64	2021 ONCA 64
3:neutral:2021:onca:643	2021 ONCA 643
3:neutral:2021:onca:650	2021 ONCA 650
3:neutral:2021:onca:669	2021 ONCA 669
3:neutral:2021:onca:674	2021 ONCA 674
3:neutral:2021:onca:678	2021 ONCA 678
3:neutral:2021:onca:68	2021 ONCA 68
3:neutral:2021:onca:680	2021 ONCA 680
3:neutral:2021:onca:681	2021 ONCA 681
3:neutral:2021:onca:688	2021 ONCA 688
3:neutral:2021:onca:69	2021 ONCA 69
3:neutral:2021:onca:71	2021 ONCA 71
3:neutral:2021:onca:722	2021 ONCA 722
3:neutral:2021:onca:728	2021 ONCA 728
3:neutral:2021:onca:735	2021 ONCA 735
3:neutral:2021:onca:74	2021 ONCA 74
3:neutral:2021:onca:745	2021 ONCA 745
3:neutral:2021:onca:755	2021 ONCA 755
3:neutral:2021:onca:758	2021 ONCA 758
3:neutral:2021:onca:759	2021 ONCA 759
3:neutral:2021:onca:77	2021 ONCA 77
3:neutral:2021:onca:771	2021 ONCA 771
3:neutral:2021:onca:773	2021 ONCA 773
3:neutral:2021:onca:779	2021 ONCA 779
3:neutral:2021:onca:781	2021 ONCA 781
3:neutral:2021:onca:783	2021 ONCA 783
3:neutral:2021:onca:784	2021 ONCA 784
3:neutral:2021:onca:785	2021 ONCA 785
3:neutral:2021:onca:787	2021 ONCA 787
3:neutral:2021:onca:79	2021 ONCA 79
3:neutral:2021:onca:790	2021 ONCA 790
3:neutral:2021:onca:791	2021 ONCA 791
3:neutral:2021:onca:805	2021 ONCA 805
3:neutral:2021:onca:809	2021 ONCA 809
3:neutral:2021:onca:81	2021 ONCA 81
3:neutral:2021:onca:810	2021 ONCA 810
3:neutral:2021:onca:815	2021 ONCA 815
3:neutral:2021:onca:82	2021 ONCA 82
3:neutral:2021:onca:825	2021 ONCA 825
3:neutral:2021:onca:826	2021 ONCA 826
3:neutral:2021:onca:827	2021 ONCA 827
3:neutral:2021:onca:836	2021 ONCA 836
3:neutral:2021:onca:838	2021 ONCA 838
3:neutral:2021:onca:841	2021 ONCA 841
3:neutral:2021:onca:847	2021 ONCA 847
3:neutral:2021:onca:849	2021 ONCA 849
3:neutral:2021:onca:851	2021 ONCA 851
3:neutral:2021:onca:853	2021 ONCA 853
3:neutral:2021:onca:856	2021 ONCA 856
3:neutral:2021:onca:862	2021 ONCA 862
3:neutral:2021:onca:901	2021 ONCA 901
3:neutral:2021:onca:905	2021 ONCA 905
3:neutral:2021:onca:906	2021 ONCA 906
3:neutral:2021:onca:908	2021 ONCA 908
3:neutral:2021:onca:925	2021 ONCA 925
3:neutral:2021:onca:97	2021 ONCA 97
3:neutral:2021:onca:98	2021 ONCA 98
3:neutral:2021:scc:10	2021 SCC 10
3:neutral:2021:scc:11	2021 SCC 11
3:neutral:2021:scc:12	2021 SCC 12
3:neutral:2021:scc:15	2021 SCC 15
3:neutral:2021:scc:16	2021 SCC 16
3:neutral:2021:scc:17	2021 SCC 17
3:neutral:2021:scc:18	2021 SCC 18
3:neutral:2021:scc:19	2021 SCC 19
3:neutral:2021:scc:2	2021 SCC 2
3:neutral:2021:scc:20	2021 SCC 20
3:neutral:2021:scc:22	2021 SCC 22
3:neutral:2021:scc:24	2021 SCC 24
3:neutral:2021:scc:25	2021 SCC 25
3:neutral:2021:scc:26	2021 SCC 26
3:neutral:2021:scc:27	2021 SCC 27
3:neutral:2021:scc:28	2021 SCC 28
3:neutral:2021:scc:29	2021 SCC 29
3:neutral:2021:scc:30	2021 SCC 30
3:neutral:2021:scc:33	2021 SCC 33
3:neutral:2021:scc:34	2021 SCC 34
3:neutral:2021:scc:37	2021 SCC 37
3:neutral:2021:scc:38	2021 SCC 38
3:neutral:2021:scc:40	2021 SCC 40
3:neutral:2021:scc:41	2021 SCC 41
3:neutral:2021:scc:42	2021 SCC 42
3:neutral:2021:scc:43	2021 SCC 43
3:neutral:2021:scc:44	2021 SCC 44
3:neutral:2021:scc:45	2021 SCC 45
3:neutral:2021:scc:46	2021 SCC 46
3:neutral:2021:scc:47	2021 SCC 47
3:neutral:2021:scc:48	2021 SCC 48
3:neutral:2021:scc:51	2021 SCC 51
3:neutral:2021:scc:52	2021 SCC 52
3:neutral:2021:scc:7	2021 SCC 7
3:neutral:2021:scc:8	2021 SCC 8
3:neutral:2021:scc:9	2021 SCC 9
3:neutral:2021:tcc:27	2021 TCC 27
3:neutral:2021:tcc:41	2021 TCC 41
3:neutral:2021:tcc:44	2021 TCC 44
3:neutral:2021:ykca:5	2021 YKCA 5
3:neutral:2021:ykca:6	2021 YKCA 6
3:neutral:2022:bcca:103	2022 BCCA 103
3:neutral:2022:bcca:117	2022 BCCA 117
3:neutral:2022:bcca:141	2022 BCCA 141
3:neutral:2022:bcca:147	2022 BCCA 147
3:neutral:2022:bcca:177	2022 BCCA 177
3:neutral:2022:bcca:19	2022 BCCA 19
3:neutral:2022:bcca:245	2022 BCCA 245
3:neutral:2022:bcca:248	2022 BCCA 248
3:neutral:2022:bcca:274	2022 BCCA 274
3:neutral:2022:bcca:278	2022 BCCA 278
3:neutral:2022:bcca:28	2022 BCCA 28
3:neutral:2022:bcca:312	2022 BCCA 312
3:neutral:2022:bcca:332	2022 BCCA 332
3:neutral:2022:bcca:345	2022 BCCA 345
3:neutral:2022:bcca:354	2022 BCCA 354
3:neutral:2022:bcca:390	2022 BCCA 390
3:neutral:2022:bcca:427	2022 BCCA 427
3:neutral:2022:bcca:431	2022 BCCA 431
3:neutral:2022:bcca:8	2022 BCCA 8
3:neutral:2022:bcsc:14	2022 BCSC 14
3:neutral:2022:bcsc:2147	2022 BCSC 2147
3:neutral:2022:bcsc:552	2022 BCSC 552
3:neutral:2022:fc:107	2022 FC 107
3:neutral:2022:fc:1077	2022 FC 1077
3:neutral:2022:fc:1218	2022 FC 1218
3:neutral:2022:fc:22	2022 FC 22
3:neutral:2022:fc:588	2022 FC 588
3:neutral:2022:fc:62	2022 FC 62
3:neutral:2022:fc:849	2022 FC 849
3:neutral:2022:fca:101	2022 FCA 101
3:neutral:2022:fca:113	2022 FCA 113
3:neutral:2022:fca:123	2022 FCA 123
3:neutral:2022:fca:125	2022 FCA 125
3:neutral:2022:fca:135	2022 FCA 135
3:neutral:2022:fca:14	2022 FCA 14
3:neutral:2022:fca:141	2022 FCA 141
3:neutral:2022:fca:143	2022 FCA 143
3:neutral:2022:fca:145	2022 FCA 145
3:neutral:2022:fca:153	2022 FCA 153
3:neutral:2022:fca:17	2022 FCA 17
3:neutral:2022:fca:177	2022 FCA 177
3:neutral:2022:fca:18	2022 FCA 18
3:neutral:2022:fca:19	2022 FCA 19
3:neutral:2022:fca:20	2022 FCA 20
3:neutral:2022:fca:21	2022 FCA 21
3:neutral:2022:fca:210	2022 FCA 210
3:neutral:2022:fca:23	2022 FCA 23
3:neutral:2022:fca:25	2022 FCA 25
3:neutral:2022:fca:33	2022 FCA 33
3:neutral:2022:fca:47	2022 FCA 47
3:neutral:2022:fca:50	2022 FCA 50
3:neutral:2022:fca:51	2022 FCA 51
3:neutral:2022:fca:7	2022 FCA 7
3:neutral:2022:fca:70	2022 FCA 70
3:neutral:2022:fca:80	2022 FCA 80
3:neutral:2022:fca:81	2022 FCA 81
3:neutral:2022:fca:86	2022 FCA 86
3:neutral:2022:nsca:14	2022 NSCA 14
3:neutral:2022:nsca:39	2022 NSCA 39
3:neutral:2022:nsca:46	2022 NSCA 46
3:neutral:2022:nsca:53	2022 NSCA 53
3:neutral:2022:nsca:61	2022 NSCA 61
3:neutral:2022:nssc:132	2022 NSSC 132
3:neutral:2022:onca:10	2022 ONCA 10
3:neutral:2022:onca:103	2022 ONCA 103
3:neutral:2022:onca:109	2022 ONCA 109
3:neutral:2022:onca:110	2022 ONCA 110
3:neutral:2022:onca:115	2022 ONCA 115
3:neutral:2022:onca:118	2022 ONCA 118
3:neutral:2022:onca:119	2022 ONCA 119
3:neutral:2022:onca:128	2022 ONCA 128
3:neutral:2022:onca:148	2022 ONCA 148
3:neutral:2022:onca:149	2022 ONCA 149
3:neutral:2022:onca:15	2022 ONCA 15
3:neutral:2022:onca:154	2022 ONCA 154
3:neutral:2022:onca:155	2022 ONCA 155
3:neutral:2022:onca:160	2022 ONCA 160
3:neutral:2022:onca:163	2022 ONCA 163
3:neutral:2022:onca:165	2022 ONCA 165
3:neutral:2022:onca:172	2022 ONCA 172
3:neutral:2022:onca:174	2022 ONCA 174
3:neutral:2022:onca:179	2022 ONCA 179
3:neutral:2022:onca:181	2022 ONCA 181
3:neutral:2022:onca:186	2022 ONCA 186
3:neutral:2022:onca:188	2022 ONCA 188
3:neutral:2022:onca:192	2022 ONCA 192
3:neutral:2022:onca:195	2022 ONCA 195
3:neutral:2022:onca:2	2022 ONCA 2
3:neutral:2022:onca:202	2022 ONCA 202
3:neutral:2022:onca:212	2022 ONCA 212
3:neutral:2022:onca:223	2022 ONCA 223
3:neutral:2022:onca:226	2022 ONCA 226
3:neutral:2022:onca:229	2022 ONCA 229
3:neutral:2022:onca:235	2022 ONCA 235
3:neutral:2022:onca:240	2022 ONCA 240
3:neutral:2022:onca:244	2022 ONCA 244
3:neutral:2022:onca:258	2022 ONCA 258
3:neutral:2022:onca:259	2022 ONCA 259
3:neutral:2022:onca:265	2022 ONCA 265
3:neutral:2022:onca:266	2022 ONCA 266
3:neutral:2022:onca:268	2022 ONCA 268
3:neutral:2022:onca:276	2022 ONCA 276
3:neutral:2022:onca:277	2022 ONCA 277
3:neutral:2022:onca:3	2022 ONCA 3
3:neutral:2022:onca:304	2022 ONCA 304
3:neutral:2022:onca:305	2022 ONCA 305
3:neutral:2022:onca:306	2022 ONCA 306
3:neutral:2022:onca:311	2022 ONCA 311
3:neutral:2022:onca:312	2022 ONCA 312
3:neutral:2022:onca:316	2022 ONCA 316
3:neutral:2022:onca:318	2022 ONCA 318
3:neutral:2022:onca:322	2022 ONCA 322
3:neutral:2022:onca:326	2022 ONCA 326
3:neutral:2022:onca:329	2022 ONCA 329
3:neutral:2022:onca:355	2022 ONCA 355
3:neutral:2022:onca:366	2022 ONCA 366
3:neutral:2022:onca:368	2022 ONCA 368
3:neutral:2022:onca:370	2022 ONCA 370
3:neutral:2022:onca:373	2022 ONCA 373
3:neutral:2022:onca:376	2022 ONCA 376
3:neutral:2022:onca:390	2022 ONCA 390
3:neutral:2022:onca:398	2022 ONCA 398
3:neutral:2022:onca:40	2022 ONCA 40
3:neutral:2022:onca:406	2022 ONCA 406
3:neutral:2022:onca:415	2022 ONCA 415
3:neutral:2022:onca:419	2022 ONCA 419
3:neutral:2022:onca:429	2022 ONCA 429
3:neutral:2022:onca:432	2022 ONCA 432
3:neutral:2022:onca:436	2022 ONCA 436
3:neutral:2022:onca:446	2022 ONCA 446
3:neutral:2022:onca:458	2022 ONCA 458
3:neutral:2022:onca:467	2022 ONCA 467
3:neutral:2022:onca:47	2022 ONCA 47
3:neutral:2022:onca:471	2022 ONCA 471
3:neutral:2022:onca:476	2022 ONCA 476
3:neutral:2022:onca:477	2022 ONCA 477
3:neutral:2022:onca:479	2022 ONCA 479
3:neutral:2022:onca:487	2022 ONCA 487
3:neutral:2022:onca:502	2022 ONCA 502
3:neutral:2022:onca:503	2022 ONCA 503
3:neutral:2022:onca:509	2022 ONCA 509
3:neutral:2022:onca:510	2022 ONCA 510
3:neutral:2022:onca:526	2022 ONCA 526
3:neutral:2022:onca:534	2022 ONCA 534
3:neutral:2022:onca:549	2022 ONCA 549
3:neutral:2022:onca:551	2022 ONCA 551
3:neutral:2022:onca:555	2022 ONCA 555
3:neutral:2022:onca:556	2022 ONCA 556
3:neutral:2022:onca:558	2022 ONCA 558
3:neutral:2022:onca:559	2022 ONCA 559
3:neutral:2022:onca:567	2022 ONCA 567
3:neutral:2022:onca:570	2022 ONCA 570
3:neutral:2022:onca:574	2022 ONCA 574
3:neutral:2022:onca:575	2022 ONCA 575
3:neutral:2022:onca:579	2022 ONCA 579
3:neutral:2022:onca:58	2022 ONCA 58
3:neutral:2022:onca:581	2022 ONCA 581
3:neutral:2022:onca:582	2022 ONCA 582
3:neutral:2022:onca:586	2022 ONCA 586
3:neutral:2022:onca:589	2022 ONCA 589
3:neutral:2022:onca:591	2022 ONCA 591
3:neutral:2022:onca:61	2022 ONCA 61
3:neutral:2022:onca:611	2022 ONCA 611
3:neutral:2022:onca:614	2022 ONCA 614
3:neutral:2022:onca:617	2022 ONCA 617
3:neutral:2022:onca:621	2022 ONCA 621
3:neutral:2022:onca:629	2022 ONCA 629
3:neutral:2022:onca:635	2022 ONCA 635
3:neutral:2022:onca:64	2022 ONCA 64
3:neutral:2022:onca:640	2022 ONCA 640
3:neutral:2022:onca:645	2022 ONCA 645
3:neutral:2022:onca:646	2022 ONCA 646
3:neutral:2022:onca:654	2022 ONCA 654
3:neutral:2022:onca:658	2022 ONCA 658
3:neutral:2022:onca:66	2022 ONCA 66
3:neutral:2022:onca:663	2022 ONCA 663
3:neutral:2022:onca:665	2022 ONCA 665
3:neutral:2022:onca:666	2022 ONCA 666
3:neutral:2022:onca:672	2022 ONCA 672
3:neutral:2022:onca:675	2022 ONCA 675
3:neutral:2022:onca:682	2022 ONCA 682
3:neutral:2022:onca:689	2022 ONCA 689
3:neutral:2022:onca:698	2022 ONCA 698
3:neutral:2022:onca:699	2022 ONCA 699
3:neutral:2022:onca:71	2022 ONCA 71
3:neutral:2022:onca:712	2022 ONCA 712
3:neutral:2022:onca:72	2022 ONCA 72
3:neutral:2022:onca:725	2022 ONCA 725
3:neutral:2022:onca:727	2022 ONCA 727
3:neutral:2022:onca:729	2022 ONCA 729
3:neutral:2022:onca:736	2022 ONCA 736
3:neutral:2022:onca:738	2022 ONCA 738
3:neutral:2022:onca:74	2022 ONCA 74
3:neutral:2022:onca:743	2022 ONCA 743
3:neutral:2022:onca:757	2022 ONCA 757
3:neutral:2022:onca:765	2022 ONCA 765
3:neutral:2022:onca:771	2022 ONCA 771
3:neutral:2022:onca:780	2022 ONCA 780
3:neutral:2022:onca:789	2022 ONCA 789
3:neutral:2022:onca:79	2022 ONCA 79
3:neutral:2022:onca:790	2022 ONCA 790
3:neutral:2022:onca:802	2022 ONCA 802
3:neutral:2022:onca:811	2022 ONCA 811
3:neutral:2022:onca:813	2022 ONCA 813
3:neutral:2022:onca:814	2022 ONCA 814
3:neutral:2022:onca:815	2022 ONCA 815
3:neutral:2022:onca:824	2022 ONCA 824
3:neutral:2022:onca:832	2022 ONCA 832
3:neutral:2022:onca:838	2022 ONCA 838
3:neutral:2022:onca:850	2022 ONCA 850
3:neutral:2022:onca:851	2022 ONCA 851
3:neutral:2022:onca:853	2022 ONCA 853
3:neutral:2022:onca:857	2022 ONCA 857
3:neutral:2022:onca:861	2022 ONCA 861
3:neutral:2022:onca:863	2022 ONCA 863
3:neutral:2022:onca:866	2022 ONCA 866
3:neutral:2022:onca:87	2022 ONCA 87
3:neutral:2022:onca:874	2022 ONCA 874
3:neutral:2022:onca:879	2022 ONCA 879
3:neutral:2022:onca:92	2022 ONCA 92
3:neutral:2022:onca:95	2022 ONCA 95
3:neutral:2022:onca:97	2022 ONCA 97
3:neutral:2022:scc:10	2022 SCC 10
3:neutral:2022:scc:11	2022 SCC 11
3:neutral:2022:scc:12	2022 SCC 12
3:neutral:2022:scc:13	2022 SCC 13
3:neutral:2022:scc:16	2022 SCC 16
3:neutral:2022:scc:17	2022 SCC 17
3:neutral:2022:scc:18	2022 SCC 18
3:neutral:2022:scc:19	2022 SCC 19
3:neutral:2022:scc:2	2022 SCC 2
3:neutral:2022:scc:20	2022 SCC 20
3:neutral:2022:scc:21	2022 SCC 21
3:neutral:2022:scc:22	2022 SCC 22
3:neutral:2022:scc:23	2022 SCC 23
3:neutral:2022:scc:24	2022 SCC 24
3:neutral:2022:scc:25	2022 SCC 25
3:neutral:2022:scc:26	2022 SCC 26
3:neutral:2022:scc:27	2022 SCC 27
3:neutral:2022:scc:28	2022 SCC 28
3:neutral:2022:scc:29	2022 SCC 29
3:neutral:2022:scc:30	2022 SCC 30
3:neutral:2022:scc:31	2022 SCC 31
3:neutral:2022:scc:32	2022 SCC 32
3:neutral:2022:scc:33	2022 SCC 33
3:neutral:2022:scc:34	2022 SCC 34
3:neutral:2022:scc:35	2022 SCC 35
3:neutral:2022:scc:36	2022 SCC 36
3:neutral:2022:scc:37	2022 SCC 37
3:neutral:2022:scc:38	2022 SCC 38
3:neutral:2022:scc:39	2022 SCC 39
3:neutral:2022:scc:4	2022 SCC 4
3:neutral:2022:scc:41	2022 SCC 41
3:neutral:2022:scc:43	2022 SCC 43
3:neutral:2022:scc:44	2022 SCC 44
3:neutral:2022:scc:45	2022 SCC 45
3:neutral:2022:scc:46	2022 SCC 46
3:neutral:2022:scc:48	2022 SCC 48
3:neutral:2022:scc:5	2022 SCC 5
3:neutral:2022:scc:51	2022 SCC 51
3:neutral:2022:scc:54	2022 SCC 54
3:neutral:2022:scc:7	2022 SCC 7
3:neutral:2022:scc:9	2022 SCC 9
3:neutral:2022:ykca:7	2022 YKCA 7
3:neutral:2023:bcca:101	2023 BCCA 101
3:neutral:2023:bcca:113	2023 BCCA 113
3:neutral:2023:bcca:152	2023 BCCA 152
3:neutral:2023:bcca:167	2023 BCCA 167
3:neutral:2023:bcca:181	2023 BCCA 181
3:neutral:2023:bcca:190	2023 BCCA 190
3:neutral:2023:bcca:200	2023 BCCA 200
3:neutral:2023:bcca:274	2023 BCCA 274
3:neutral:2023:bcca:28	2023 BCCA 28
3:neutral:2023:bcca:306	2023 BCCA 306
3:neutral:2023:bcca:330	2023 BCCA 330
3:neutral:2023:bcca:337	2023 BCCA 337
3:neutral:2023:bcca:393	2023 BCCA 393
3:neutral:2023:bcca:450	2023 BCCA 450
3:neutral:2023:fc:1481	2023 FC 1481
3:neutral:2023:fc:1486	2023 FC 1486
3:neutral:2023:fc:1728	2023 FC 1728
3:neutral:2023:fc:220	2023 FC 220
3:neutral:2023:fca:102	2023 FCA 102
3:neutral:2023:fca:105	2023 FCA 105
3:neutral:2023:fca:120	2023 FCA 120
3:neutral:2023:fca:16	2023 FCA 16
3:neutral:2023:fca:163	2023 FCA 163
3:neutral:2023:fca:166	2023 FCA 166
3:neutral:2023:fca:169	2023 FCA 169
3:neutral:2023:fca:241	2023 FCA 241
3:neutral:2023:fca:39	2023 FCA 39
3:neutral:2023:fca:79	2023 FCA 79
3:neutral:2023:fca:89	2023 FCA 89
3:neutral:2023:nsca:28	2023 NSCA 28
3:neutral:2023:onca:1	2023 ONCA 1
3:neutral:2023:onca:10	2023 ONCA 10
3:neutral:2023:onca:100	2023 ONCA 100
3:neutral:2023:onca:104	2023 ONCA 104
3:neutral:2023:onca:11	2023 ONCA 11
3:neutral:2023:onca:112	2023 ONCA 112
3:neutral:2023:onca:114	2023 ONCA 114
3:neutral:2023:onca:12	2023 ONCA 12
3:neutral:2023:onca:128	2023 ONCA 128
3:neutral:2023:onca:129	2023 ONCA 129
3:neutral:2023:onca:130	2023 ONCA 130
3:neutral:2023:onca:131	2023 ONCA 131
3:neutral:2023:onca:134	2023 ONCA 134
3:neutral:2023:onca:135	2023 ONCA 135
3:neutral:2023:onca:139	2023 ONCA 139
3:neutral:2023:onca:142	2023 ONCA 142
3:neutral:2023:onca:151	2023 ONCA 151
3:neutral:2023:onca:157	2023 ONCA 157
3:neutral:2023:onca:17	2023 ONCA 17
3:neutral:2023:onca:172	2023 ONCA 172
3:neutral:2023:onca:173	2023 ONCA 173
3:neutral:2023:onca:18	2023 ONCA 18
3:neutral:2023:onca:182	2023 ONCA 182
3:neutral:2023:onca:184	2023 ONCA 184
3:neutral:2023:onca:197	2023 ONCA 197
3:neutral:2023:onca:203	2023 ONCA 203
3:neutral:2023:onca:216	2023 ONCA 216
3:neutral:2023:onca:220	2023 ONCA 220
3:neutral:2023:onca:221	2023 ONCA 221
3:neutral:2023:onca:224	2023 ONCA 224
3:neutral:2023:onca:227	2023 ONCA 227
3:neutral:2023:onca:230	2023 ONCA 230
3:neutral:2023:onca:233	2023 ONCA 233
3:neutral:2023:onca:234	2023 ONCA 234
3:neutral:2023:onca:245	2023 ONCA 245
3:neutral:2023:onca:247	2023 ONCA 247
3:neutral:2023:onca:250	2023 ONCA 250
3:neutral:2023:onca:253	2023 ONCA 253
3:neutral:2023:onca:256	2023 ONCA 256
3:neutral:2023:onca:260	2023 ONCA 260
3:neutral:2023:onca:266	2023 ONCA 266
3:neutral:2023:onca:267	2023 ONCA 267
3:neutral:2023:onca:272	2023 ONCA 272
3:neutral:2023:onca:282	2023 ONCA 282
3:neutral:2023:onca:294	2023 ONCA 294
3:neutral:2023:onca:3	2023 ONCA 3
3:neutral:2023:onca:300	2023 ONCA 300
3:neutral:2023:onca:303	2023 ONCA 303
3:neutral:2023:onca:304	2023 ONCA 304
3:neutral:2023:onca:307	2023 ONCA 307
3:neutral:2023:onca:314	2023 ONCA 314
3:neutral:2023:onca:32	2023 ONCA 32
3:neutral:2023:onca:342	2023 ONCA 342
3:neutral:2023:onca:358	2023 ONCA 358
3:neutral:2023:onca:359	2023 ONCA 359
3:neutral:2023:onca:36	2023 ONCA 36
3:neutral:2023:onca:360	2023 ONCA 360
3:neutral:2023:onca:362	2023 ONCA 362
3:neutral:2023:onca:363	2023 ONCA 363
3:neutral:2023:onca:365	2023 ONCA 365
3:neutral:2023:onca:369	2023 ONCA 369
3:neutral:2023:onca:376	2023 ONCA 376
3:neutral:2023:onca:378	2023 ONCA 378
3:neutral:2023:onca:383	2023 ONCA 383
3:neutral:2023:onca:391	2023 ONCA 391
3:neutral:2023:onca:400	2023 ONCA 400
3:neutral:2023:onca:408	2023 ONCA 408
3:neutral:2023:onca:411	2023 ONCA 411
3:neutral:2023:onca:412	2023 ONCA 412
3:neutral:2023:onca:425	2023 ONCA 425
3:neutral:2023:onca:427	2023 ONCA 427
3:neutral:2023:onca:440	2023 ONCA 440
3:neutral:2023:onca:445	2023 ONCA 445
3:neutral:2023:onca:447	2023 ONCA 447
3:neutral:2023:onca:449	2023 ONCA 449
3:neutral:2023:onca:450	2023 ONCA 450
3:neutral:2023:onca:451	2023 ONCA 451
3:neutral:2023:onca:458	2023 ONCA 458
3:neutral:2023:onca:46	2023 ONCA 46
3:neutral:2023:onca:460	2023 ONCA 460
3:neutral:2023:onca:464	2023 ONCA 464
3:neutral:2023:onca:466	2023 ONCA 466
3:neutral:2023:onca:467	2023 ONCA 467
3:neutral:2023:onca:471	2023 ONCA 471
3:neutral:2023:onca:476	2023 ONCA 476
3:neutral:2023:onca:477	2023 ONCA 477
3:neutral:2023:onca:479	2023 ONCA 479
3:neutral:2023:onca:49	2023 ONCA 49
3:neutral:2023:onca:500	2023 ONCA 500
3:neutral:2023:onca:501	2023 ONCA 501
3:neutral:2023:onca:505	2023 ONCA 505
3:neutral:2023:onca:509	2023 ONCA 509
3:neutral:2023:onca:518	2023 ONCA 518
3:neutral:2023:onca:52	2023 ONCA 52
3:neutral:2023:onca:522	2023 ONCA 522
3:neutral:2023:onca:523	2023 ONCA 523
3:neutral:2023:onca:528	2023 ONCA 528
3:neutral:2023:onca:531	2023 ONCA 531
3:neutral:2023:onca:536	2023 ONCA 536
3:neutral:2023:onca:539	2023 ONCA 539
3:neutral:2023:onca:54	2023 ONCA 54
3:neutral:2023:onca:559	2023 ONCA 559
3:neutral:2023:onca:561	2023 ONCA 561
3:neutral:2023:onca:562	2023 ONCA 562
3:neutral:2023:onca:565	2023 ONCA 565
3:neutral:2023:onca:576	2023 ONCA 576
3:neutral:2023:onca:577	2023 ONCA 577
3:neutral:2023:onca:580	2023 ONCA 580
3:neutral:2023:onca:587	2023 ONCA 587
3:neutral:2023:onca:590	2023 ONCA 590
3:neutral:2023:onca:592	2023 ONCA 592
3:neutral:2023:onca:600	2023 ONCA 600
3:neutral:2023:onca:608	2023 ONCA 608
3:neutral:2023:onca:611	2023 ONCA 611
3:neutral:2023:onca:612	2023 ONCA 612
3:neutral:2023:onca:63	2023 ONCA 63
3:neutral:2023:onca:639	2023 ONCA 639
3:neutral:2023:onca:655	2023 ONCA 655
3:neutral:2023:onca:668	2023 ONCA 668
3:neutral:2023:onca:674	2023 ONCA 674
3:neutral:2023:onca:676	2023 ONCA 676
3:neutral:2023:onca:679	2023 ONCA 679
3:neutral:2023:onca:680	2023 ONCA 680
3:neutral:2023:onca:689	2023 ONCA 689
3:neutral:2023:onca:692	2023 ONCA 692
3:neutral:2023:onca:699	2023 ONCA 699
3:neutral:2023:onca:705	2023 ONCA 705
3:neutral:2023:onca:706	2023 ONCA 706
3:neutral:2023:onca:708	2023 ONCA 708
3:neutral:2023:onca:712	2023 ONCA 712
3:neutral:2023:onca:715	2023 ONCA 715
3:neutral:2023:onca:724	2023 ONCA 724
3:neutral:2023:onca:726	2023 ONCA 726
3:neutral:2023:onca:729	2023 ONCA 729
3:neutral:2023:onca:73	2023 ONCA 73
3:neutral:2023:onca:738	2023 ONCA 738
3:neutral:2023:onca:74	2023 ONCA 74
3:neutral:2023:onca:742	2023 ONCA 742
3:neutral:2023:onca:75	2023 ONCA 75
3:neutral:2023:onca:753	2023 ONCA 753
3:neutral:2023:onca:768	2023 ONCA 768
3:neutral:2023:onca:769	2023 ONCA 769
3:neutral:2023:onca:77	2023 ONCA 77
3:neutral:2023:onca:773	2023 ONCA 773
3:neutral:2023:onca:784	2023 ONCA 784
3:neutral:2023:onca:788	2023 ONCA 788
3:neutral:2023:onca:790	2023 ONCA 790
3:neutral:2023:onca:792	2023 ONCA 792
3:neutral:2023:onca:8	2023 ONCA 8
3:neutral:2023:onca:806	2023 ONCA 806
3:neutral:2023:onca:814	2023 ONCA 814
3:neutral:2023:onca:820	2023 ONCA 820
3:neutral:2023:onca:838	2023 ONCA 838
3:neutral:2023:onca:840	2023 ONCA 840
3:neutral:2023:onca:843	2023 ONCA 843
3:neutral:2023:onca:844	2023 ONCA 844
3:neutral:2023:onca:864	2023 ONCA 864
3:neutral:2023:onca:866	2023 ONCA 866
3:neutral:2023:onca:92	2023 ONCA 92
3:neutral:2023:onca:95	2023 ONCA 95
3:neutral:2023:onca:96	2023 ONCA 96
3:neutral:2023:onca:98	2023 ONCA 98
3:neutral:2023:scc:10	2023 SCC 10
3:neutral:2023:scc:11	2023 SCC 11
3:neutral:2023:scc:12	2023 SCC 12
3:neutral:2023:scc:13	2023 SCC 13
3:neutral:2023:scc:14	2023 SCC 14
3:neutral:2023:scc:16	2023 SCC 16
3:neutral:2023:scc:17	2023 SCC 17
3:neutral:2023:scc:18	2023 SCC 18
3:neutral:2023:scc:19	2023 SCC 19
3:neutral:2023:scc:2	2023 SCC 2
3:neutral:2023:scc:20	2023 SCC 20
3:neutral:2023:scc:21	2023 SCC 21
3:neutral:2023:scc:22	2023 SCC 22
3:neutral:2023:scc:23	2023 SCC 23
3:neutral:2023:scc:24	2023 SCC 24
3:neutral:2023:scc:26	2023 SCC 26
3:neutral:2023:scc:28	2023 SCC 28
3:neutral:2023:scc:29	2023 SCC 29
3:neutral:2023:scc:3	2023 SCC 3
3:neutral:2023:scc:30	2023 SCC 30
3:neutral:2023:scc:31	2023 SCC 31
3:neutral:2023:scc:4	2023 SCC 4
3:neutral:2023:scc:5	2023 SCC 5
3:neutral:2023:scc:8	2023 SCC 8
3:neutral:2023:scc:9	2023 SCC 9
3:neutral:2023:tcc:172	2023 TCC 172
3:neutral:2023:tcc:51	2023 TCC 51
3:neutral:2024:bcca:161	2024 BCCA 161
3:neutral:2024:bcca:360	2024 BCCA 360
3:neutral:2024:bcca:375	2024 BCCA 375
3:neutral:2024:bcca:70	2024 BCCA 70
3:neutral:2024:bcca:99	2024 BCCA 99
3:neutral:2024:fca:158	2024 FCA 158
3:neutral:2024:fca:182	2024 FCA 182
3:neutral:2024:fca:208	2024 FCA 208
3:neutral:2024:fca:42	2024 FCA 42
3:neutral:2024:fca:43	2024 FCA 43
3:neutral:2024:nsca:30	2024 NSCA 30
3:neutral:2024:onca:1	2024 ONCA 1
3:neutral:2024:onca:101	2024 ONCA 101
3:neutral:2024:onca:103	2024 ONCA 103
3:neutral:2024:onca:116	2024 ONCA 116
3:neutral:2024:onca:119	2024 ONCA 119
3:neutral:2024:onca:122	2024 ONCA 122
3:neutral:2024:onca:135	2024 ONCA 135
3:neutral:2024:onca:141	2024 ONCA 141
3:neutral:2024:onca:149	2024 ONCA 149
3:neutral:2024:onca:15	2024 ONCA 15
3:neutral:2024:onca:155	2024 ONCA 155
3:neutral:2024:onca:166	2024 ONCA 166
3:neutral:2024:onca:173	2024 ONCA 173
3:neutral:2024:onca:174	2024 ONCA 174
3:neutral:2024:onca:177	2024 ONCA 177
3:neutral:2024:onca:178	2024 ONCA 178
3:neutral:2024:onca:18	2024 ONCA 18
3:neutral:2024:onca:182	2024 ONCA 182
3:neutral:2024:onca:185	2024 ONCA 185
3:neutral:2024:onca:191	2024 ONCA 191
3:neutral:2024:onca:192	2024 ONCA 192
3:neutral:2024:onca:196	2024 ONCA 196
3:neutral:2024:onca:2	2024 ONCA 2
3:neutral:2024:onca:21	2024 ONCA 21
3:neutral:2024:onca:210	2024 ONCA 210
3:neutral:2024:onca:220	2024 ONCA 220
3:neutral:2024:onca:222	2024 ONCA 222
3:neutral:2024:onca:223	2024 ONCA 223
3:neutral:2024:onca:23	2024 ONCA 23
3:neutral:2024:onca:237	2024 ONCA 237
3:neutral:2024:onca:25	2024 ONCA 25
3:neutral:2024:onca:254	2024 ONCA 254
3:neutral:2024:onca:255	2024 ONCA 255
3:neutral:2024:onca:265	2024 ONCA 265
3:neutral:2024:onca:276	2024 ONCA 276
3:neutral:2024:onca:306	2024 ONCA 306
3:neutral:2024:onca:315	2024 ONCA 315
3:neutral:2024:onca:329	2024 ONCA 329
3:neutral:2024:onca:332	2024 ONCA 332
3:neutral:2024:onca:350	2024 ONCA 350
3:neutral:2024:onca:353	2024 ONCA 353
3:neutral:2024:onca:36	2024 ONCA 36
3:neutral:2024:onca:360	2024 ONCA 360
3:neutral:2024:onca:361	2024 ONCA 361
3:neutral:2024:onca:362	2024 ONCA 362
3:neutral:2024:onca:369	2024 ONCA 369
3:neutral:2024:onca:383	2024 ONCA 383
3:neutral:2024:onca:407	2024 ONCA 407
3:neutral:2024:onca:411	2024 ONCA 411
3:neutral:2024:onca:412	2024 ONCA 412
3:neutral:2024:onca:415	2024 ONCA 415
3:neutral:2024:onca:422	2024 ONCA 422
3:neutral:2024:onca:432	2024 ONCA 432
3:neutral:2024:onca:435	2024 ONCA 435
3:neutral:2024:onca:439	2024 ONCA 439
3:neutral:2024:onca:446	2024 ONCA 446
3:neutral:2024:onca:447	2024 ONCA 447
3:neutral:2024:onca:448	2024 ONCA 448
3:neutral:2024:onca:453	2024 ONCA 453
3:neutral:2024:onca:457	2024 ONCA 457
3:neutral:2024:onca:458	2024 ONCA 458
3:neutral:2024:onca:46	2024 ONCA 46
3:neutral:2024:onca:468	2024 ONCA 468
3:neutral:2024:onca:47	2024 ONCA 47
3:neutral:2024:onca:50	2024 ONCA 50
3:neutral:2024:onca:501	2024 ONCA 501
3:neutral:2024:onca:511	2024 ONCA 511
3:neutral:2024:onca:519	2024 ONCA 519
3:neutral:2024:onca:522	2024 ONCA 522
3:neutral:2024:onca:524	2024 ONCA 524
3:neutral:2024:onca:533	2024 ONCA 533
3:neutral:2024:onca:545	2024 ONCA 545
3:neutral:2024:onca:555	2024 ONCA 555
3:neutral:2024:onca:558	2024 ONCA 558
3:neutral:2024:onca:564	2024 ONCA 564
3:neutral:2024:onca:584	2024 ONCA 584
3:neutral:2024:onca:586	2024 ONCA 586
3:neutral:2024:onca:59	2024 ONCA 59
3:neutral:2024:onca:597	2024 ONCA 597
3:neutral:2024:onca:6	2024 ONCA 6
3:neutral:2024:onca:606	2024 ONCA 606
3:neutral:2024:onca:608	2024 ONCA 608
3:neutral:2024:onca:613	2024 ONCA 613
3:neutral:2024:onca:616	2024 ONCA 616
3:neutral:2024:onca:621	2024 ONCA 621
3:neutral:2024:onca:624	2024 ONCA 624
3:neutral:2024:onca:639	2024 ONCA 639
3:neutral:2024:onca:641	2024 ONCA 641
3:neutral:2024:onca:648	2024 ONCA 648
3:neutral:2024:onca:658	2024 ONCA 658
3:neutral:2024:onca:66	2024 ONCA 66
3:neutral:2024:onca:665	2024 ONCA 665
3:neutral:2024:onca:675	2024 ONCA 675
3:neutral:2024:onca:691	2024 ONCA 691
3:neutral:2024:onca:696	2024 ONCA 696
3:neutral:2024:onca:697	2024 ONCA 697
3:neutral:2024:onca:70	2024 ONCA 70
3:neutral:2024:onca:720	2024 ONCA 720
3:neutral:2024:onca:721	2024 ONCA 721
3:neutral:2024:onca:737	2024 ONCA 737
3:neutral:2024:onca:750	2024 ONCA 750
3:neutral:2024:onca:761	2024 ONCA 761
3:neutral:2024:onca:762	2024 ONCA 762
3:neutral:2024:onca:766	2024 ONCA 766
3:neutral:2024:onca:791	2024 ONCA 791
3:neutral:2024:onca:794	2024 ONCA 794
3:neutral:2024:onca:8	2024 ONCA 8
3:neutral:2024:onca:801	2024 ONCA 801
3:neutral:2024:onca:811	2024 ONCA 811
3:neutral:2024:onca:830	2024 ONCA 830
3:neutral:2024:onca:838	2024 ONCA 838
3:neutral:2024:onca:841	2024 ONCA 841
3:neutral:2024:onca:86	2024 ONCA 86
3:neutral:2024:onca:865	2024 ONCA 865
3:neutral:2024:onca:875	2024 ONCA 875
3:neutral:2024:onca:884	2024 ONCA 884
3:neutral:2024:onca:904	2024 ONCA 904
3:neutral:2024:onca:905	2024 ONCA 905
3:neutral:2024:onca:909	2024 ONCA 909
3:neutral:2024:onca:910	2024 ONCA 910
3:neutral:2024:onca:927	2024 ONCA 927
3:neutral:2024:scc:10	2024 SCC 10
3:neutral:2024:scc:13	2024 SCC 13
3:neutral:2024:scc:16	2024 SCC 16
3:neutral:2024:scc:17	2024 SCC 17
3:neutral:2024:scc:18	2024 SCC 18
3:neutral:2024:scc:19	2024 SCC 19
3:neutral:2024:scc:20	2024 SCC 20
3:neutral:2024:scc:22	2024 SCC 22
3:neutral:2024:scc:23	2024 SCC 23
3:neutral:2024:scc:25	2024 SCC 25
3:neutral:2024:scc:26	2024 SCC 26
3:neutral:2024:scc:27	2024 SCC 27
3:neutral:2024:scc:29	2024 SCC 29
3:neutral:2024:scc:3	2024 SCC 3
3:neutral:2024:scc:30	2024 SCC 30
3:neutral:2024:scc:31	2024 SCC 31
3:neutral:2024:scc:32	2024 SCC 32
3:neutral:2024:scc:34	2024 SCC 34
3:neutral:2024:scc:36	2024 SCC 36
3:neutral:2024:scc:38	2024 SCC 38
3:neutral:2024:scc:4	2024 SCC 4
3:neutral:2024:scc:40	2024 SCC 40
3:neutral:2024:scc:41	2024 SCC 41
3:neutral:2024:scc:42	2024 SCC 42
3:neutral:2024:scc:43	2024 SCC 43
3:neutral:2024:scc:5	2024 SCC 5
3:neutral:2024:scc:6	2024 SCC 6
3:neutral:2024:scc:7	2024 SCC 7
3:neutral:2024:scc:8	2024 SCC 8
3:neutral:2024:tcc:19	2024 TCC 19
3:neutral:2024:tcc:9	2024 TCC 9
3:neutral:2025:bcca:131	2025 BCCA 131
3:neutral:2025:bcca:315	2025 BCCA 315
3:neutral:2025:bcca:324	2025 BCCA 324
3:neutral:2025:bcsc:1056	2025 BCSC 1056
3:neutral:2025:fc:54	2025 FC 54
3:neutral:2025:fca:119	2025 FCA 119
3:neutral:2025:fca:60	2025 FCA 60
3:neutral:2025:nsca:57	2025 NSCA 57
3:neutral:2025:onca:103	2025 ONCA 103
3:neutral:2025:onca:12	2025 ONCA 12
3:neutral:2025:onca:135	2025 ONCA 135
3:neutral:2025:onca:142	2025 ONCA 142
3:neutral:2025:onca:146	2025 ONCA 146
3:neutral:2025:onca:151	2025 ONCA 151
3:neutral:2025:onca:158	2025 ONCA 158
3:neutral:2025:onca:172	2025 ONCA 172
3:neutral:2025:onca:183	2025 ONCA 183
3:neutral:2025:onca:20	2025 ONCA 20
3:neutral:2025:onca:208	2025 ONCA 208
3:neutral:2025:onca:214	2025 ONCA 214
3:neutral:2025:onca:219	2025 ONCA 219
3:neutral:2025:onca:222	2025 ONCA 222
3:neutral:2025:onca:229	2025 ONCA 229
3:neutral:2025:onca:239	2025 ONCA 239
3:neutral:2025:onca:251	2025 ONCA 251
3:neutral:2025:onca:257	2025 ONCA 257
3:neutral:2025:onca:259	2025 ONCA 259
3:neutral:2025:onca:266	2025 ONCA 266
3:neutral:2025:onca:278	2025 ONCA 278
3:neutral:2025:onca:281	2025 ONCA 281
3:neutral:2025:onca:284	2025 ONCA 284
3:neutral:2025:onca:319	2025 ONCA 319
3:neutral:2025:onca:324	2025 ONCA 324
3:neutral:2025:onca:341	2025 ONCA 341
3:neutral:2025:onca:349	2025 ONCA 349
3:neutral:2025:onca:368	2025 ONCA 368
3:neutral:2025:onca:392	2025 ONCA 392
3:neutral:2025:onca:408	2025 ONCA 408
3:neutral:2025:onca:42	2025 ONCA 42
3:neutral:2025:onca:424	2025 ONCA 424
3:neutral:2025:onca:428	2025 ONCA 428
3:neutral:2025:onca:439	2025 ONCA 439
3:neutral:2025:onca:446	2025 ONCA 446
3:neutral:2025:onca:449	2025 ONCA 449
3:neutral:2025:onca:450	2025 ONCA 450
3:neutral:2025:onca:452	2025 ONCA 452
3:neutral:2025:onca:467	2025 ONCA 467
3:neutral:2025:onca:468	2025 ONCA 468
3:neutral:2025:onca:478	2025 ONCA 478
3:neutral:2025:onca:483	2025 ONCA 483
3:neutral:2025:onca:49	2025 ONCA 49
3:neutral:2025:onca:500	2025 ONCA 500
3:neutral:2025:onca:507	2025 ONCA 507
3:neutral:2025:onca:51	2025 ONCA 51
3:neutral:2025:onca:54	2025 ONCA 54
3:neutral:2025:onca:553	2025 ONCA 553
3:neutral:2025:onca:563	2025 ONCA 563
3:neutral:2025:onca:574	2025 ONCA 574
3:neutral:2025:onca:598	2025 ONCA 598
3:neutral:2025:onca:603	2025 ONCA 603
3:neutral:2025:onca:604	2025 ONCA 604
3:neutral:2025:onca:609	2025 ONCA 609
3:neutral:2025:onca:611	2025 ONCA 611
3:neutral:2025:onca:637	2025 ONCA 637
3:neutral:2025:onca:639	2025 ONCA 639
3:neutral:2025:onca:69	2025 ONCA 69
3:neutral:2025:onca:7	2025 ONCA 7
3:neutral:2025:onca:75	2025 ONCA 75
3:neutral:2025:onca:752	2025 ONCA 752
3:neutral:2025:onca:807	2025 ONCA 807
3:neutral:2025:onca:812	2025 ONCA 812
3:neutral:2025:onca:820	2025 ONCA 820
3:neutral:2025:onca:86	2025 ONCA 86
3:neutral:2025:onca:92	2025 ONCA 92
3:neutral:2025:onca:93	2025 ONCA 93
3:neutral:2025:scc:1	2025 SCC 1
3:neutral:2025:scc:13	2025 SCC 13
3:neutral:2025:scc:15	2025 SCC 15
3:neutral:2025:scc:18	2025 SCC 18
3:neutral:2025:scc:19	2025 SCC 19
3:neutral:2025:scc:20	2025 SCC 20
3:neutral:2025:scc:21	2025 SCC 21
3:neutral:2025:scc:22	2025 SCC 22
3:neutral:2025:scc:23	2025 SCC 23
3:neutral:2025:scc:24	2025 SCC 24
3:neutral:2025:scc:25	2025 SCC 25
3:neutral:2025:scc:26	2025 SCC 26
3:neutral:2025:scc:28	2025 SCC 28
3:neutral:2025:scc:29	2025 SCC 29
3:neutral:2025:scc:32	2025 SCC 32
3:neutral:2025:scc:35	2025 SCC 35
3:neutral:2025:scc:37	2025 SCC 37
3:neutral:2025:scc:4	2025 SCC 4
3:neutral:2025:scc:40	2025 SCC 40
3:neutral:2025:scc:5	2025 SCC 5
3:neutral:2025:scc:6	2025 SCC 6
3:neutral:2025:scc:7	2025 SCC 7
3:neutral:2025:scc:9	2025 SCC 9
3:neutral:2026:onca:140	2026 ONCA 140
3:neutral:2026:onca:27	2026 ONCA 27
3:neutral:2026:scc:2	2026 SCC 2
3:neutral:2026:scc:3	2026 SCC 3
3:neutral:2026:scc:4	2026 SCC 4
3:neutral:2026:scc:5	2026 SCC 5
3:neutral:2026:scc:7	2026 SCC 7
3:reporter:scr:scr:1923:1	ca/scc/1922canlii63
3:reporter:scr:scr:1923:107	ca/scc/1922canlii29
3:reporter:scr:scr:1923:126	ca/scc/1922canlii42
3:reporter:scr:scr:1923:140	ca/scc/1922canlii33
3:reporter:scr:scr:1923:152	ca/scc/1923canlii33
3:reporter:scr:scr:1923:155	ca/scc/1922canlii46
3:reporter:scr:scr:1923:177	ca/scc/1922canlii51
3:reporter:scr:scr:1923:187	ca/scc/1922canlii5
3:reporter:scr:scr:1923:203	ca/scc/1922canlii65
3:reporter:scr:scr:1923:214	ca/scc/1922canlii16
3:reporter:scr:scr:1923:257	ca/scc/1922canlii30
3:reporter:scr:scr:1923:273	ca/scc/1922canlii44
3:reporter:scr:scr:1923:3	ca/scc/1922canlii60
3:reporter:scr:scr:1923:304	ca/scc/1923canlii1
3:reporter:scr:scr:1923:319	ca/scc/1923canlii27
3:reporter:scr:scr:1923:335	ca/scc/1923canlii47
3:reporter:scr:scr:1923:365	ca/scc/1923canlii2
3:reporter:scr:scr:1923:37	ca/scc/1922canlii48
3:reporter:scr:scr:1923:377	ca/scc/1923canlii39
3:reporter:scr:scr:1923:39	ca/scc/1922canlii62
3:reporter:scr:scr:1923:397	ca/scc/1923canlii21
3:reporter:scr:scr:1923:414	ca/scc/1923canlii50
3:reporter:scr:scr:1923:433	ca/scc/1923canlii48
3:reporter:scr:scr:1923:446	ca/scc/1922canlii43
3:reporter:scr:scr:1923:459	ca/scc/1923canlii40
3:reporter:scr:scr:1923:46	ca/scc/1922canlii3
3:reporter:scr:scr:1923:476	ca/scc/1923canlii44
3:reporter:scr:scr:1923:488	ca/scc/1923canlii3
3:reporter:scr:scr:1923:496	ca/scc/1923canlii36
3:reporter:scr:scr:1923:507	ca/scc/1923canlii51
3:reporter:scr:scr:1923:515	ca/scc/1923canlii20
3:reporter:scr:scr:1923:522	ca/scc/1919canlii92
3:reporter:scr:scr:1923:524	ca/scc/1923canlii35
3:reporter:scr:scr:1923:539	ca/scc/1923canlii45
3:reporter:scr:scr:1923:570	ca/scc/1923canlii41
3:reporter:scr:scr:1923:578	ca/scc/1923canlii42
3:reporter:scr:scr:1923:594	ca/scc/1923canlii17
3:reporter:scr:scr:1923:618	ca/scc/1923canlii32
3:reporter:scr:scr:1923:642	ca/scc/1923canlii22
3:reporter:scr:scr:1923:651	ca/scc/1923canlii24
3:reporter:scr:scr:1923:652	ca/scc/1923canlii23
3:reporter:scr:scr:1923:666	ca/scc/1923canlii25
3:reporter:scr:scr:1923:678	ca/scc/1923canlii34
3:reporter:scr:scr:1923:681	ca/scc/1923canlii43
3:reporter:scr:scr:1923:688	ca/scc/1923canlii49
3:reporter:scr:scr:1923:69	ca/scc/1922canlii4
3:reporter:scr:scr:1923:696	ca/scc/1923canlii4
3:reporter:scr:scr:1923:716	ca/scc/1923canlii5
3:reporter:scr:scr:1923:728	ca/scc/1923canlii29
3:reporter:scr:scr:1923:730	ca/scc/1923canlii38
3:reporter:scr:scr:1923:84	ca/scc/1922canlii15
3:reporter:scr:scr:1924:101	ca/scc/1923canlii9
3:reporter:scr:scr:1924:120	ca/scc/1923canlii37
3:reporter:scr:scr:1924:135	ca/scc/1923canlii10
3:reporter:scr:scr:1924:159	ca/scc/1924canlii61
3:reporter:scr:scr:1924:168	ca/scc/1924canlii66
3:reporter:scr:scr:1924:18	ca/scc/1923canlii6
3:reporter:scr:scr:1924:184	ca/scc/1924canlii43
3:reporter:scr:scr:1924:186	ca/scc/1924canlii53
3:reporter:scr:scr:1924:195	ca/scc/1923canlii11
3:reporter:scr:scr:1924:2	ca/scc/1923canlii26
3:reporter:scr:scr:1924:207	ca/scc/1924canlii13
3:reporter:scr:scr:1924:216	ca/scc/1924canlii47
3:reporter:scr:scr:1924:227	ca/scc/1924canlii1
3:reporter:scr:scr:1924:236	ca/scc/1924canlii33
3:reporter:scr:scr:1924:246	ca/scc/1924canlii55
3:reporter:scr:scr:1924:278	ca/scc/1924canlii48
3:reporter:scr:scr:1924:290	ca/scc/1924canlii32
3:reporter:scr:scr:1924:294	ca/scc/1924canlii44
3:reporter:scr:scr:1924:308	ca/scc/1924canlii2
3:reporter:scr:scr:1924:317	ca/scc/1924canlii69
3:reporter:scr:scr:1924:331	ca/scc/1924canlii3
3:reporter:scr:scr:1924:348	ca/scc/1924canlii26
3:reporter:scr:scr:1924:35	ca/scc/1923canlii8
3:reporter:scr:scr:1924:368	ca/scc/1924canlii4
3:reporter:scr:scr:1924:375	ca/scc/1924canlii63
3:reporter:scr:scr:1924:388	ca/scc/1924canlii14
3:reporter:scr:scr:1924:402	ca/scc/1924canlii64
3:reporter:scr:scr:1924:406	ca/scc/1924canlii15
3:reporter:scr:scr:1924:426	ca/scc/1924canlii51
3:reporter:scr:scr:1924:436	ca/scc/1924canlii478
3:reporter:scr:scr:1924:445	ca/scc/1924canlii16
3:reporter:scr:scr:1924:450	ca/scc/1924canlii52
3:reporter:scr:scr:1924:457	ca/scc/1924canlii36
3:reporter:scr:scr:1924:466	ca/scc/1924canlii5
3:reporter:scr:scr:1924:470	ca/scc/1924canlii68
3:reporter:scr:scr:1924:479	ca/scc/1924canlii37
3:reporter:scr:scr:1924:482	ca/scc/1924canlii31
3:reporter:scr:scr:1924:495	ca/scc/1924canlii49
3:reporter:scr:scr:1924:510	ca/scc/1924canlii62
3:reporter:scr:scr:1924:511	ca/scc/1924canlii42
3:reporter:scr:scr:1924:522	ca/scc/1924canlii46
3:reporter:scr:scr:1924:530	ca/scc/1924canlii67
3:reporter:scr:scr:1924:531	ca/scc/1924canlii29
3:reporter:scr:scr:1924:540	ca/scc/1924canlii56
3:reporter:scr:scr:1924:558	ca/scc/1924canlii54
3:reporter:scr:scr:1924:56	ca/scc/1923canlii46
3:reporter:scr:scr:1924:600	ca/scc/1924canlii17
3:reporter:scr:scr:1924:605	ca/scc/1924canlii18
3:reporter:scr:scr:1924:612	ca/scc/1924canlii19
3:reporter:scr:scr:1924:620	ca/scc/1924canlii22
3:reporter:scr:scr:1924:640	ca/scc/1924canlii23
3:reporter:scr:scr:1924:654	ca/scc/1924canlii60
3:reporter:scr:scr:1924:666	ca/scc/1924canlii27
3:reporter:scr:scr:1924:671	ca/scc/1924canlii25
3:reporter:scr:scr:1924:682	ca/scc/1924canlii45
3:reporter:scr:scr:1924:8	ca/scc/1923canlii19
3:reporter:scr:scr:1924:80	ca/scc/1923canlii28
3:reporter:scr:scr:1924:86	ca/scc/1923canlii30
3:reporter:scr:scr:1925:1	ca/scc/1924canlii50
3:reporter:scr:scr:1925:10	ca/scc/1924canlii6
3:reporter:scr:scr:1925:104	ca/scc/1924canlii24
3:reporter:scr:scr:1925:106	ca/scc/1925canlii1
3:reporter:scr:scr:1925:120	ca/scc/1924canlii39
3:reporter:scr:scr:1925:126	ca/scc/1924canlii38
3:reporter:scr:scr:1925:141	ca/scc/1925canlii38
3:reporter:scr:scr:1925:155	ca/scc/1925canlii42
3:reporter:scr:scr:1925:177	ca/scc/1925canlii35
3:reporter:scr:scr:1925:18	ca/scc/1924canlii34
3:reporter:scr:scr:1925:192	ca/scc/1925canlii87
3:reporter:scr:scr:1925:202	ca/scc/1924canlii57
3:reporter:scr:scr:1925:224	ca/scc/1924canlii58
3:reporter:scr:scr:1925:23	ca/scc/1924canlii35
3:reporter:scr:scr:1925:249	ca/scc/1925canlii39
3:reporter:scr:scr:1925:275	ca/scc/1925canlii48
3:reporter:scr:scr:1925:279	ca/scc/1925canlii57
3:reporter:scr:scr:1925:289	ca/scc/1925canlii78
3:reporter:scr:scr:1925:302	ca/scc/1925canlii29
3:reporter:scr:scr:1925:334	ca/scc/1925canlii86
3:reporter:scr:scr:1925:347	ca/scc/1925canlii84
3:reporter:scr:scr:1925:364	ca/scc/1925canlii2
3:reporter:scr:scr:1925:377	ca/scc/1925canlii71
3:reporter:scr:scr:1925:384	ca/scc/1925canlii46
3:reporter:scr:scr:1925:391	ca/scc/1925canlii27
3:reporter:scr:scr:1925:413	ca/scc/1925canlii3
3:reporter:scr:scr:1925:422	ca/scc/1924canlii30
3:reporter:scr:scr:1925:434	ca/scc/1925canlii82
3:reporter:scr:scr:1925:45	ca/scc/1924canlii20
3:reporter:scr:scr:1925:458	ca/scc/1925canlii44
3:reporter:scr:scr:1925:460	ca/scc/1925canlii67
3:reporter:scr:scr:1925:493	ca/scc/1924canlii59
3:reporter:scr:scr:1925:494	ca/scc/1925canlii4
3:reporter:scr:scr:1925:499	ca/scc/1925canlii5
3:reporter:scr:scr:1925:505	ca/scc/1925canlii77
3:reporter:scr:scr:1925:513	ca/scc/1925canlii23
3:reporter:scr:scr:1925:519	ca/scc/1925canlii41
3:reporter:scr:scr:1925:549	ca/scc/1925canlii31
3:reporter:scr:scr:1925:554	ca/scc/1925canlii36
3:reporter:scr:scr:1925:560	ca/scc/1924canlii7
3:reporter:scr:scr:1925:565	ca/scc/1924canlii41
3:reporter:scr:scr:1925:579	ca/scc/1924canlii8
3:reporter:scr:scr:1925:587	ca/scc/1925canlii50
3:reporter:scr:scr:1925:59	ca/scc/1924canlii28
3:reporter:scr:scr:1925:593	ca/scc/1925canlii47
3:reporter:scr:scr:1925:600	ca/scc/1925canlii52
3:reporter:scr:scr:1925:619	ca/scc/1924canlii70
3:reporter:scr:scr:1925:659	ca/scc/1925canlii75
3:reporter:scr:scr:1925:662	ca/scc/1924canlii9
3:reporter:scr:scr:1925:666	ca/scc/1925canlii53
3:reporter:scr:scr:1925:671	ca/scc/1925canlii63
3:reporter:scr:scr:1925:672	ca/scc/1925canlii30
3:reporter:scr:scr:1925:68	ca/scc/1924canlii40
3:reporter:scr:scr:1925:683	ca/scc/1925canlii37
3:reporter:scr:scr:1925:684	ca/scc/1925canlii59
3:reporter:scr:scr:1925:685	ca/scc/1925canlii56
3:reporter:scr:scr:1925:686	ca/scc/1925canlii72
3:reporter:scr:scr:1925:690	ca/scc/1925canlii64
3:reporter:scr:scr:1925:691	ca/scc/1925canlii74
3:reporter:scr:scr:1925:694	ca/scc/1925canlii22
3:reporter:scr:scr:1925:698	ca/scc/1925canlii54
3:reporter:scr:scr:1925:703	ca/scc/1925canlii6
3:reporter:scr:scr:1925:706	ca/scc/1925canlii40
3:reporter:scr:scr:1925:81	ca/scc/1924canlii65
3:reporter:scr:scr:1925:94	ca/scc/1925canlii66
3:reporter:scr:scr:1926:105	ca/scc/1925canlii81
3:reporter:scr:scr:1926:120	ca/scc/1925canlii9
3:reporter:scr:scr:1926:138	ca/scc/1925canlii68
3:reporter:scr:scr:1926:142	ca/scc/1925canlii34
3:reporter:scr:scr:1926:144	ca/scc/1925canlii32
3:reporter:scr:scr:1926:155	ca/scc/1925canlii33
3:reporter:scr:scr:1926:163	ca/scc/1925canlii43
3:reporter:scr:scr:1926:178	ca/scc/1925canlii61
3:reporter:scr:scr:1926:18	ca/scc/1925canlii7
3:reporter:scr:scr:1926:191	ca/scc/1926canlii38
3:reporter:scr:scr:1926:194	ca/scc/1926canlii56
3:reporter:scr:scr:1926:208	ca/scc/1925canlii83
3:reporter:scr:scr:1926:218	ca/scc/1926canlii49
3:reporter:scr:scr:1926:239	ca/scc/1925canlii45
3:reporter:scr:scr:1926:244	ca/scc/1925canlii69
3:reporter:scr:scr:1926:246	ca/scc/1926canlii67
3:reporter:scr:scr:1926:26	ca/scc/1925canlii8
3:reporter:scr:scr:1926:272	ca/scc/1926canlii30
3:reporter:scr:scr:1926:277	ca/scc/1926canlii73
3:reporter:scr:scr:1926:28	ca/scc/1925canlii62
3:reporter:scr:scr:1926:284	ca/scc/1926canlii60
3:reporter:scr:scr:1926:292	ca/scc/1926canlii75
3:reporter:scr:scr:1926:297	ca/scc/1926canlii69
3:reporter:scr:scr:1926:3	ca/scc/1925canlii60
3:reporter:scr:scr:1926:312	ca/scc/1926canlii1
3:reporter:scr:scr:1926:313	ca/scc/1926canlii64
3:reporter:scr:scr:1926:318	ca/scc/1926canlii2
3:reporter:scr:scr:1926:328	ca/scc/1926canlii23
3:reporter:scr:scr:1926:331	ca/scc/1925canlii80
3:reporter:scr:scr:1926:340	ca/scc/1925canlii10
3:reporter:scr:scr:1926:349	ca/scc/1926canlii70
3:reporter:scr:scr:1926:371	ca/scc/1926canlii66
3:reporter:scr:scr:1926:4	ca/scc/1925canlii25
3:reporter:scr:scr:1926:412	ca/scc/1926canlii57
3:reporter:scr:scr:1926:434	ca/scc/1926canlii48
3:reporter:scr:scr:1926:450	ca/scc/1926canlii3
3:reporter:scr:scr:1926:457	ca/scc/1926canlii58
3:reporter:scr:scr:1926:472	ca/scc/1926canlii4
3:reporter:scr:scr:1926:485	ca/scc/1926canlii24
3:reporter:scr:scr:1926:495	ca/scc/1926canlii26
3:reporter:scr:scr:1926:499	ca/scc/1926canlii31
3:reporter:scr:scr:1926:5	ca/scc/1925canlii49
3:reporter:scr:scr:1926:515	ca/scc/1926canlii77
3:reporter:scr:scr:1926:532	ca/scc/1926canlii32
3:reporter:scr:scr:1926:539	ca/scc/1926canlii44
3:reporter:scr:scr:1926:546	ca/scc/1926canlii72
3:reporter:scr:scr:1926:551	ca/scc/1926canlii59
3:reporter:scr:scr:1926:558	ca/scc/1926canlii65
3:reporter:scr:scr:1926:566	ca/scc/1926canlii33
3:reporter:scr:scr:1926:598	ca/scc/1926canlii51
3:reporter:scr:scr:1926:599	ca/scc/1926canlii42
3:reporter:scr:scr:1926:60	ca/scc/1925canlii58
3:reporter:scr:scr:1926:601	ca/scc/1926canlii68
3:reporter:scr:scr:1926:602	ca/scc/1926canlii35
3:reporter:scr:scr:1926:603	ca/scc/1926canlii34
3:reporter:scr:scr:1926:621	ca/scc/1926canlii71
3:reporter:scr:scr:1926:627	ca/scc/1926canlii53
3:reporter:scr:scr:1926:65	ca/scc/1926canlii39
3:reporter:scr:scr:1926:652	ca/scc/1926canlii27
3:reporter:scr:scr:1926:655	ca/scc/1921canlii60
3:reporter:scr:scr:1926:674	ca/scc/1926canlii29
3:reporter:scr:scr:1926:680	ca/scc/1926canlii40
3:reporter:scr:scr:1926:692	ca/scc/1926canlii47
3:reporter:scr:scr:1926:709	ca/scc/1926canlii50
3:reporter:scr:scr:1926:72	ca/scc/1925canlii73
3:reporter:scr:scr:1926:76	ca/scc/1925canlii70
3:reporter:scr:scr:1926:8	ca/scc/1925canlii55
3:reporter:scr:scr:1926:92	ca/scc/1926canlii22
3:reporter:scr:scr:1927:1	ca/scc/1926canlii7
3:reporter:scr:scr:1927:101	ca/scc/1926canlii55
3:reporter:scr:scr:1927:112	ca/scc/1926canlii46
3:reporter:scr:scr:1927:115	ca/scc/1926canlii28
3:reporter:scr:scr:1927:118	ca/scc/1927canlii37
3:reporter:scr:scr:1927:136	ca/scc/1927canlii45
3:reporter:scr:scr:1927:148	ca/scc/1927canlii1
3:reporter:scr:scr:1927:165	ca/scc/1927canlii77
3:reporter:scr:scr:1927:185	ca/scc/1927canlii38
3:reporter:scr:scr:1927:193	ca/scc/1927canlii106
3:reporter:scr:scr:1927:20	ca/scc/1926canlii41
3:reporter:scr:scr:1927:213	ca/scc/1927canlii70
3:reporter:scr:scr:1927:226	ca/scc/1927canlii46
3:reporter:scr:scr:1927:242	ca/scc/1926canlii10
3:reporter:scr:scr:1927:243	ca/scc/1927canlii84
3:reporter:scr:scr:1927:251	ca/scc/1926canlii11
3:reporter:scr:scr:1927:257	ca/scc/1927canlii47
3:reporter:scr:scr:1927:258	ca/scc/1927canlii39
3:reporter:scr:scr:1927:261	ca/scc/1927canlii86
3:reporter:scr:scr:1927:279	ca/scc/1927canlii61
3:reporter:scr:scr:1927:284	ca/scc/1927canlii76
3:reporter:scr:scr:1927:288	ca/scc/1927canlii67
3:reporter:scr:scr:1927:29	ca/scc/1927canlii93
3:reporter:scr:scr:1927:300	ca/scc/1926canlii63
3:reporter:scr:scr:1927:303	ca/scc/1927canlii53
3:reporter:scr:scr:1927:314	ca/scc/1927canlii40
3:reporter:scr:scr:1927:326	ca/scc/1927canlii3
3:reporter:scr:scr:1927:341	ca/scc/1927canlii104
3:reporter:scr:scr:1927:352	ca/scc/1927canlii41
3:reporter:scr:scr:1927:359	ca/scc/1927canlii42
3:reporter:scr:scr:1927:364	ca/scc/1927canlii94
3:reporter:scr:scr:1927:374	ca/scc/1927canlii5
3:reporter:scr:scr:1927:389	ca/scc/1927canlii89
3:reporter:scr:scr:1927:403	ca/scc/1927canlii6
3:reporter:scr:scr:1927:413	ca/scc/1927canlii57
3:reporter:scr:scr:1927:420	ca/scc/1927canlii69
3:reporter:scr:scr:1927:429	ca/scc/1927canlii48
3:reporter:scr:scr:1927:436	ca/scc/1927canlii43
3:reporter:scr:scr:1927:442	ca/scc/1927canlii79
3:reporter:scr:scr:1927:458	ca/scc/1927canlii87
3:reporter:scr:scr:1927:48	ca/scc/1926canlii43
3:reporter:scr:scr:1927:481	ca/scc/1927canlii80
3:reporter:scr:scr:1927:492	ca/scc/1927canlii85
3:reporter:scr:scr:1927:497	ca/scc/1927canlii100
3:reporter:scr:scr:1927:50	ca/scc/1926canlii36
3:reporter:scr:scr:1927:505	ca/scc/1927canlii7
3:reporter:scr:scr:1927:525	ca/scc/1927canlii103
3:reporter:scr:scr:1927:526	ca/scc/1927canlii59
3:reporter:scr:scr:1927:529	ca/scc/1927canlii88
3:reporter:scr:scr:1927:535	ca/scc/1927canlii73
3:reporter:scr:scr:1927:541	ca/scc/1927canlii90
3:reporter:scr:scr:1927:545	ca/scc/1927canlii58
3:reporter:scr:scr:1927:563	ca/scc/1927canlii68
3:reporter:scr:scr:1927:575	ca/scc/1927canlii91
3:reporter:scr:scr:1927:583	ca/scc/1927canlii74
3:reporter:scr:scr:1927:590	ca/scc/1927canlii95
3:reporter:scr:scr:1927:595	ca/scc/1927canlii49
3:reporter:scr:scr:1927:598	ca/scc/1927canlii63
3:reporter:scr:scr:1927:605	ca/scc/1927canlii75
3:reporter:scr:scr:1927:615	ca/scc/1927canlii52
3:reporter:scr:scr:1927:625	ca/scc/1927canlii83
3:reporter:scr:scr:1927:633	ca/scc/1927canlii8
3:reporter:scr:scr:1927:637	ca/scc/1927canlii9
3:reporter:scr:scr:1927:68	ca/scc/1926canlii78
3:reporter:scr:scr:1927:8	ca/scc/1926canlii8
3:reporter:scr:scr:1927:80	ca/scc/1927canlii36
3:reporter:scr:scr:1927:92	ca/scc/1927canlii109
3:reporter:scr:scr:1928:1	ca/scc/1927canlii28
3:reporter:scr:scr:1928:101	ca/scc/1927canlii34
3:reporter:scr:scr:1928:106	ca/scc/1927canlii71
3:reporter:scr:scr:1928:125	ca/scc/1928canlii1
3:reporter:scr:scr:1928:13	ca/scc/1927canlii99
3:reporter:scr:scr:1928:154	ca/scc/1926canlii12
3:reporter:scr:scr:1928:156	ca/scc/1928canlii2
3:reporter:scr:scr:1928:165	ca/scc/1927canlii81
3:reporter:scr:scr:1928:170	ca/scc/1928canlii95
3:reporter:scr:scr:1928:177	ca/scc/1927canlii51
3:reporter:scr:scr:1928:180	ca/scc/1928canlii66
3:reporter:scr:scr:1928:187	ca/scc/1928canlii81
3:reporter:scr:scr:1928:192	ca/scc/1928canlii79
3:reporter:scr:scr:1928:20	ca/scc/1927canlii82
3:reporter:scr:scr:1928:200	ca/scc/1928canlii3
3:reporter:scr:scr:1928:203	ca/scc/1928canlii4
3:reporter:scr:scr:1928:208	ca/scc/1928canlii85
3:reporter:scr:scr:1928:213	ca/scc/1928canlii5
3:reporter:scr:scr:1928:225	ca/scc/1928canlii50
3:reporter:scr:scr:1928:242	ca/scc/1928canlii7
3:reporter:scr:scr:1928:255	ca/scc/1928canlii8
3:reporter:scr:scr:1928:258	ca/scc/1928canlii9
3:reporter:scr:scr:1928:26	ca/scc/1927canlii65
3:reporter:scr:scr:1928:264	ca/scc/1928canlii92
3:reporter:scr:scr:1928:276	ca/scc/1928canlii55
3:reporter:scr:scr:1928:304	ca/scc/1928canlii107
3:reporter:scr:scr:1928:309	ca/scc/1928canlii10
3:reporter:scr:scr:1928:318	ca/scc/1928canlii94
3:reporter:scr:scr:1928:319	ca/scc/1928canlii63
3:reporter:scr:scr:1928:326	ca/scc/1928canlii52
3:reporter:scr:scr:1928:328	ca/scc/1928canlii77
3:reporter:scr:scr:1928:329	ca/scc/1928canlii46
3:reporter:scr:scr:1928:333	ca/scc/1928canlii91
3:reporter:scr:scr:1928:340	ca/scc/1928canlii76
3:reporter:scr:scr:1928:369	ca/scc/1928canlii11
3:reporter:scr:scr:1928:384	ca/scc/1928canlii69
3:reporter:scr:scr:1928:396	ca/scc/1928canlii62
3:reporter:scr:scr:1928:398	ca/scc/1928canlii70
3:reporter:scr:scr:1928:402	ca/scc/1928canlii64
3:reporter:scr:scr:1928:405	ca/scc/1928canlii99
3:reporter:scr:scr:1928:408	ca/scc/1928canlii38
3:reporter:scr:scr:1928:409	ca/scc/1928canlii71
3:reporter:scr:scr:1928:414	ca/scc/1928canlii53
3:reporter:scr:scr:1928:416	ca/scc/1928canlii100
3:reporter:scr:scr:1928:419	ca/scc/1928canlii56
3:reporter:scr:scr:1928:421	ca/scc/1928canlii90
3:reporter:scr:scr:1928:423	ca/scc/1928canlii39
3:reporter:scr:scr:1928:428	ca/scc/1928canlii104
3:reporter:scr:scr:1928:432	ca/scc/1928canlii40
3:reporter:scr:scr:1928:434	ca/scc/1928canlii73
3:reporter:scr:scr:1928:438	ca/scc/1928canlii57
3:reporter:scr:scr:1928:440	ca/scc/1928canlii60
3:reporter:scr:scr:1928:451	ca/scc/1928canlii12
3:reporter:scr:scr:1928:457	ca/scc/1928canlii82
3:reporter:scr:scr:1928:479	ca/scc/1928canlii84
3:reporter:scr:scr:1928:48	ca/scc/1927canlii62
3:reporter:scr:scr:1928:487	ca/scc/1928canlii45
3:reporter:scr:scr:1928:512	ca/scc/1928canlii13
3:reporter:scr:scr:1928:518	ca/scc/1928canlii14
3:reporter:scr:scr:1928:52	ca/scc/1927canlii54
3:reporter:scr:scr:1928:522	ca/scc/1928canlii49
3:reporter:scr:scr:1928:54	ca/scc/1927canlii29
3:reporter:scr:scr:1928:542	ca/scc/1928canlii15
3:reporter:scr:scr:1928:553	ca/scc/1928canlii67
3:reporter:scr:scr:1928:559	ca/scc/1928canlii86
3:reporter:scr:scr:1928:564	ca/scc/1928canlii41
3:reporter:scr:scr:1928:569	ca/scc/1928canlii93
3:reporter:scr:scr:1928:57	ca/scc/1927canlii30
3:reporter:scr:scr:1928:573	ca/scc/1928canlii59
3:reporter:scr:scr:1928:575	ca/scc/1928canlii97
3:reporter:scr:scr:1928:576	ca/scc/1928canlii65
3:reporter:scr:scr:1928:578	ca/scc/1928canlii80
3:reporter:scr:scr:1928:579	ca/scc/1928canlii72
3:reporter:scr:scr:1928:580	ca/scc/1928canlii16
3:reporter:scr:scr:1928:582	ca/scc/1928canlii101
3:reporter:scr:scr:1928:586	ca/scc/1928canlii89
3:reporter:scr:scr:1928:605	ca/scc/1928canlii78
3:reporter:scr:scr:1928:61	ca/scc/1927canlii97
3:reporter:scr:scr:1928:62	ca/scc/1927canlii55
3:reporter:scr:scr:1928:627	ca/scc/1928canlii102
3:reporter:scr:scr:1928:63	ca/scc/1927canlii66
3:reporter:scr:scr:1928:65	ca/scc/1927canlii64
3:reporter:scr:scr:1928:72	ca/scc/1927canlii11
3:reporter:scr:scr:1928:8	ca/scc/1927canlii10
3:reporter:scr:scr:1928:82	ca/scc/1927canlii105
3:reporter:scr:scr:1928:83	ca/scc/1927canlii72
3:reporter:scr:scr:1928:84	ca/scc/1927canlii111
3:reporter:scr:scr:1928:86	ca/scc/1927canlii102
3:reporter:scr:scr:1928:87	ca/scc/1927canlii31
3:reporter:scr:scr:1928:88	ca/scc/1927canlii56
3:reporter:scr:scr:1928:9	ca/scc/1928canlii37
3:reporter:scr:scr:1928:90	ca/scc/1927canlii101
3:reporter:scr:scr:1928:91	ca/scc/1927canlii32
3:reporter:scr:scr:1928:92	ca/scc/1927canlii33
3:reporter:scr:scr:1928:95	ca/scc/1927canlii60
3:reporter:scr:scr:1928:96	ca/scc/1927canlii108
3:reporter:scr:scr:1928:99	ca/scc/1927canlii98
3:reporter:scr:scr:1929:1	ca/scc/1928canlii106
3:reporter:scr:scr:1929:109	ca/scc/1928canlii108
3:reporter:scr:scr:1929:116	ca/scc/1928canlii98
3:reporter:scr:scr:1929:117	ca/scc/1928canlii20
3:reporter:scr:scr:1929:135	ca/scc/1929canlii69
3:reporter:scr:scr:1929:141	ca/scc/1928canlii44
3:reporter:scr:scr:1929:153	ca/scc/1928canlii48
3:reporter:scr:scr:1929:166	ca/scc/1928canlii74
3:reporter:scr:scr:1929:172	ca/scc/1928canlii105
3:reporter:scr:scr:1929:173	ca/scc/1928canlii58
3:reporter:scr:scr:1929:174	ca/scc/1928canlii103
3:reporter:scr:scr:1929:175	ca/scc/1928canlii21
3:reporter:scr:scr:1929:176	ca/scc/1928canlii109
3:reporter:scr:scr:1929:180	ca/scc/1929canlii26
3:reporter:scr:scr:1929:186	ca/scc/1929canlii39
3:reporter:scr:scr:1929:19	ca/scc/1928canlii75
3:reporter:scr:scr:1929:200	ca/scc/1929canlii72
3:reporter:scr:scr:1929:234	ca/scc/1929canlii78
3:reporter:scr:scr:1929:276	ca/scc/1929canlii83
3:reporter:scr:scr:1929:282	ca/scc/1929canlii53
3:reporter:scr:scr:1929:288	ca/scc/1929canlii1
3:reporter:scr:scr:1929:29	ca/scc/1928canlii61
3:reporter:scr:scr:1929:303	ca/scc/1929canlii81
3:reporter:scr:scr:1929:306	ca/scc/1929canlii74
3:reporter:scr:scr:1929:313	ca/scc/1929canlii94
3:reporter:scr:scr:1929:314	ca/scc/1929canlii87
3:reporter:scr:scr:1929:341	ca/scc/1929canlii88
3:reporter:scr:scr:1929:346	ca/scc/1929canlii76
3:reporter:scr:scr:1929:35	ca/scc/1928canlii83
3:reporter:scr:scr:1929:354	ca/scc/1929canlii2
3:reporter:scr:scr:1929:359	ca/scc/1929canlii48
3:reporter:scr:scr:1929:38	ca/scc/1928canlii88
3:reporter:scr:scr:1929:385	ca/scc/1929canlii46
3:reporter:scr:scr:1929:390	ca/scc/1929canlii67
3:reporter:scr:scr:1929:400	ca/scc/1929canlii77
3:reporter:scr:scr:1929:409	ca/scc/1929canlii90
3:reporter:scr:scr:1929:42	ca/scc/1928canlii17
3:reporter:scr:scr:1929:429	ca/scc/1929canlii82
3:reporter:scr:scr:1929:435	ca/scc/1929canlii60
3:reporter:scr:scr:1929:442	ca/scc/1929canlii56
3:reporter:scr:scr:1929:452	ca/scc/1929canlii79
3:reporter:scr:scr:1929:483	ca/scc/1929canlii3
3:reporter:scr:scr:1929:484	ca/scc/1929canlii4
3:reporter:scr:scr:1929:490	ca/scc/1929canlii5
3:reporter:scr:scr:1929:491	ca/scc/1929canlii6
3:reporter:scr:scr:1929:50	ca/scc/1928canlii18
3:reporter:scr:scr:1929:503	ca/scc/1929canlii7
3:reporter:scr:scr:1929:505	ca/scc/1929canlii44
3:reporter:scr:scr:1929:512	ca/scc/1929canlii27
3:reporter:scr:scr:1929:52	ca/scc/1928canlii42
3:reporter:scr:scr:1929:528	ca/scc/1929canlii37
3:reporter:scr:scr:1929:529	ca/scc/1929canlii33
3:reporter:scr:scr:1929:537	ca/scc/1929canlii28
3:reporter:scr:scr:1929:538	ca/scc/1929canlii49
3:reporter:scr:scr:1929:541	ca/scc/1929canlii8
3:reporter:scr:scr:1929:542	ca/scc/1929canlii29
3:reporter:scr:scr:1929:549	ca/scc/1929canlii64
3:reporter:scr:scr:1929:557	ca/scc/1929canlii52
3:reporter:scr:scr:1929:572	ca/scc/1929canlii70
3:reporter:scr:scr:1929:584	ca/scc/1929canlii50
3:reporter:scr:scr:1929:587	ca/scc/1929canlii80
3:reporter:scr:scr:1929:598	ca/scc/1929canlii96
3:reporter:scr:scr:1929:600	ca/scc/1929canlii85
3:reporter:scr:scr:1929:614	ca/scc/1929canlii73
3:reporter:scr:scr:1929:616	ca/scc/1929canlii36
3:reporter:scr:scr:1929:625	ca/scc/1929canlii9
3:reporter:scr:scr:1929:630	ca/scc/1929canlii30
3:reporter:scr:scr:1929:646	ca/scc/1929canlii68
3:reporter:scr:scr:1929:650	ca/scc/1929canlii95
3:reporter:scr:scr:1929:74	ca/scc/1928canlii87
3:reporter:scr:scr:1929:81	ca/scc/1928canlii68
3:reporter:scr:scr:1929:84	ca/scc/1928canlii43
3:reporter:scr:scr:1929:92	ca/scc/1928canlii19
3:reporter:scr:scr:1930:1	ca/scc/1929canlii59
3:reporter:scr:scr:1930:109	ca/scc/1929canlii57
3:reporter:scr:scr:1930:119	ca/scc/1929canlii10
3:reporter:scr:scr:1930:120	ca/scc/1929canlii11
3:reporter:scr:scr:1930:121	ca/scc/1929canlii35
3:reporter:scr:scr:1930:122	ca/scc/1929canlii58
3:reporter:scr:scr:1930:130	ca/scc/1929canlii63
3:reporter:scr:scr:1930:133	ca/scc/1929canlii84
3:reporter:scr:scr:1930:137	ca/scc/1929canlii38
3:reporter:scr:scr:1930:156	ca/scc/1929canlii12
3:reporter:scr:scr:1930:16	ca/scc/1929canlii91
3:reporter:scr:scr:1930:174	ca/scc/1929canlii75
3:reporter:scr:scr:1930:180	ca/scc/1929canlii13
3:reporter:scr:scr:1930:190	ca/scc/1930canlii3
3:reporter:scr:scr:1930:194	ca/scc/1930canlii43
3:reporter:scr:scr:1930:198	ca/scc/1930canlii72
3:reporter:scr:scr:1930:212	ca/scc/1929canlii40
3:reporter:scr:scr:1930:231	ca/scc/1930canlii51
3:reporter:scr:scr:1930:252	ca/scc/1930canlii4
3:reporter:scr:scr:1930:26	ca/scc/1929canlii65
3:reporter:scr:scr:1930:262	ca/scc/1929canlii45
3:reporter:scr:scr:1930:282	ca/scc/1930canlii53
3:reporter:scr:scr:1930:284	ca/scc/1929canlii61
3:reporter:scr:scr:1930:288	ca/scc/1929canlii92
3:reporter:scr:scr:1930:293	ca/scc/1930canlii48
3:reporter:scr:scr:1930:299	ca/scc/1929canlii32
3:reporter:scr:scr:1930:305	ca/scc/1929canlii71
3:reporter:scr:scr:1930:307	ca/scc/1930canlii67
3:reporter:scr:scr:1930:319	ca/scc/1929canlii55
3:reporter:scr:scr:1930:334	ca/scc/1929canlii43
3:reporter:scr:scr:1930:335	ca/scc/1929canlii41
3:reporter:scr:scr:1930:336	ca/scc/1929canlii51
3:reporter:scr:scr:1930:337	ca/scc/1929canlii42
3:reporter:scr:scr:1930:338	ca/scc/1930canlii25
3:reporter:scr:scr:1930:344	ca/scc/1930canlii41
3:reporter:scr:scr:1930:351	ca/scc/1930canlii5
3:reporter:scr:scr:1930:361	ca/scc/1930canlii46
3:reporter:scr:scr:1930:37	ca/scc/1929canlii54
3:reporter:scr:scr:1930:375	ca/scc/1930canlii71
3:reporter:scr:scr:1930:376	ca/scc/1930canlii52
3:reporter:scr:scr:1930:378	ca/scc/1930canlii6
3:reporter:scr:scr:1930:386	ca/scc/1929canlii62
3:reporter:scr:scr:1930:387	ca/scc/1930canlii7
3:reporter:scr:scr:1930:396	ca/scc/1930canlii42
3:reporter:scr:scr:1930:402	ca/scc/1930canlii66
3:reporter:scr:scr:1930:416	ca/scc/1930canlii8
3:reporter:scr:scr:1930:427	ca/scc/1930canlii9
3:reporter:scr:scr:1930:434	ca/scc/1930canlii73
3:reporter:scr:scr:1930:443	ca/scc/1930canlii81
3:reporter:scr:scr:1930:45	ca/scc/1929canlii31
3:reporter:scr:scr:1930:462	ca/scc/1930canlii88
3:reporter:scr:scr:1930:477	ca/scc/1930canlii82
3:reporter:scr:scr:1930:482	ca/scc/1930canlii57
3:reporter:scr:scr:1930:494	ca/scc/1930canlii47
3:reporter:scr:scr:1930:500	ca/scc/1930canlii87
3:reporter:scr:scr:1930:518	ca/scc/1929canlii34
3:reporter:scr:scr:1930:531	ca/scc/1930canlii50
3:reporter:scr:scr:1930:544	ca/scc/1930canlii60
3:reporter:scr:scr:1930:554	ca/scc/1930canlii59
3:reporter:scr:scr:1930:569	ca/scc/1930canlii83
3:reporter:scr:scr:1930:574	ca/scc/1930canlii65
3:reporter:scr:scr:1930:599	ca/scc/1930canlii90
3:reporter:scr:scr:1930:602	ca/scc/1930canlii85
3:reporter:scr:scr:1930:612	ca/scc/1930canlii74
3:reporter:scr:scr:1930:62	ca/scc/1929canlii66
3:reporter:scr:scr:1930:630	ca/scc/1930canlii77
3:reporter:scr:scr:1930:67	ca/scc/1929canlii47
3:reporter:scr:scr:1930:73	ca/scc/1929canlii89
3:reporter:scr:scr:1930:94	ca/scc/1929canlii86
3:reporter:scr:scr:1931:1	ca/scc/1930canlii40
3:reporter:scr:scr:1931:102	ca/scc/1930canlii63
3:reporter:scr:scr:1931:113	ca/scc/1930canlii78
3:reporter:scr:scr:1931:139	ca/scc/1930canlii10
3:reporter:scr:scr:1931:141	ca/scc/1930canlii11
3:reporter:scr:scr:1931:142	ca/scc/1930canlii12
3:reporter:scr:scr:1931:143	ca/scc/1930canlii34
3:reporter:scr:scr:1931:144	ca/scc/1930canlii80
3:reporter:scr:scr:1931:145	ca/scc/1930canlii61
3:reporter:scr:scr:1931:160	ca/scc/1930canlii13
3:reporter:scr:scr:1931:161	ca/scc/1930canlii33
3:reporter:scr:scr:1931:167	ca/scc/1930canlii14
3:reporter:scr:scr:1931:169	ca/scc/1930canlii86
3:reporter:scr:scr:1931:199	ca/scc/1930canlii27
3:reporter:scr:scr:1931:210	ca/scc/1930canlii38
3:reporter:scr:scr:1931:220	ca/scc/1930canlii35
3:reporter:scr:scr:1931:221	ca/scc/1930canlii55
3:reporter:scr:scr:1931:232	ca/scc/1930canlii32
3:reporter:scr:scr:1931:233	ca/scc/1930canlii37
3:reporter:scr:scr:1931:235	ca/scc/1930canlii28
3:reporter:scr:scr:1931:254	ca/scc/1930canlii56
3:reporter:scr:scr:1931:263	ca/scc/1931canlii71
3:reporter:scr:scr:1931:276	ca/scc/1930canlii29
3:reporter:scr:scr:1931:277	ca/scc/1930canlii30
3:reporter:scr:scr:1931:283	ca/scc/1930canlii69
3:reporter:scr:scr:1931:286	ca/scc/1930canlii75
3:reporter:scr:scr:1931:287	ca/scc/1930canlii89
3:reporter:scr:scr:1931:288	ca/scc/1930canlii45
3:reporter:scr:scr:1931:293	ca/scc/1930canlii68
3:reporter:scr:scr:1931:314	ca/scc/1930canlii58
3:reporter:scr:scr:1931:321	ca/scc/1930canlii64
3:reporter:scr:scr:1931:33	ca/scc/1930canlii49
3:reporter:scr:scr:1931:330	ca/scc/1931canlii58
3:reporter:scr:scr:1931:336	ca/scc/1930canlii36
3:reporter:scr:scr:1931:349	ca/scc/1931canlii89
3:reporter:scr:scr:1931:357	ca/scc/1930canlii2
3:reporter:scr:scr:1931:374	ca/scc/1931canlii101
3:reporter:scr:scr:1931:387	ca/scc/1931canlii87
3:reporter:scr:scr:1931:397	ca/scc/1931canlii93
3:reporter:scr:scr:1931:399	ca/scc/1931canlii64
3:reporter:scr:scr:1931:407	ca/scc/1931canlii2
3:reporter:scr:scr:1931:416	ca/scc/1931canlii3
3:reporter:scr:scr:1931:417	ca/scc/1931canlii81
3:reporter:scr:scr:1931:421	ca/scc/1931canlii4
3:reporter:scr:scr:1931:425	ca/scc/1931canlii37
3:reporter:scr:scr:1931:431	ca/scc/1931canlii73
3:reporter:scr:scr:1931:435	ca/scc/1931canlii38
3:reporter:scr:scr:1931:437	ca/scc/1931canlii90
3:reporter:scr:scr:1931:443	ca/scc/1931canlii69
3:reporter:scr:scr:1931:452	ca/scc/1931canlii66
3:reporter:scr:scr:1931:460	ca/scc/1931canlii82
3:reporter:scr:scr:1931:47	ca/scc/1930canlii70
3:reporter:scr:scr:1931:478	ca/scc/1931canlii55
3:reporter:scr:scr:1931:482	ca/scc/1931canlii39
3:reporter:scr:scr:1931:483	ca/scc/1931canlii54
3:reporter:scr:scr:1931:485	ca/scc/1931canlii78
3:reporter:scr:scr:1931:490	ca/scc/1931canlii85
3:reporter:scr:scr:1931:494	ca/scc/1931canlii86
3:reporter:scr:scr:1931:498	ca/scc/1931canlii65
3:reporter:scr:scr:1931:505	ca/scc/1931canlii91
3:reporter:scr:scr:1931:512	ca/scc/1931canlii5
3:reporter:scr:scr:1931:518	ca/scc/1931canlii92
3:reporter:scr:scr:1931:523	ca/scc/1931canlii6
3:reporter:scr:scr:1931:531	ca/scc/1931canlii94
3:reporter:scr:scr:1931:541	ca/scc/1931canlii83
3:reporter:scr:scr:1931:578	ca/scc/1931canlii40
3:reporter:scr:scr:1931:590	ca/scc/1931canlii96
3:reporter:scr:scr:1931:595	ca/scc/1931canlii51
3:reporter:scr:scr:1931:597	ca/scc/1931canlii7
3:reporter:scr:scr:1931:60	ca/scc/1930canlii39
3:reporter:scr:scr:1931:614	ca/scc/1931canlii74
3:reporter:scr:scr:1931:619	ca/scc/1931canlii88
3:reporter:scr:scr:1931:621	ca/scc/1931canlii56
3:reporter:scr:scr:1931:624	ca/scc/1931canlii98
3:reporter:scr:scr:1931:628	ca/scc/1931canlii79
3:reporter:scr:scr:1931:636	ca/scc/1931canlii62
3:reporter:scr:scr:1931:650	ca/scc/1931canlii8
3:reporter:scr:scr:1931:656	ca/scc/1931canlii95
3:reporter:scr:scr:1931:672	ca/scc/1931canlii1
3:reporter:scr:scr:1931:695	ca/scc/1931canlii50
3:reporter:scr:scr:1931:696	ca/scc/1931canlii99
3:reporter:scr:scr:1931:7	ca/scc/1930canlii84
3:reporter:scr:scr:1931:708	ca/scc/1931canlii9
3:reporter:scr:scr:1931:710	ca/scc/1931canlii52
3:reporter:scr:scr:1931:711	ca/scc/1931canlii63
3:reporter:scr:scr:1931:712	ca/scc/1931canlii41
3:reporter:scr:scr:1931:713	ca/scc/1931canlii102
3:reporter:scr:scr:1931:714	ca/scc/1931canlii42
3:reporter:scr:scr:1931:715	ca/scc/1931canlii59
3:reporter:scr:scr:1931:717	ca/scc/1931canlii43
3:reporter:scr:scr:1931:718	ca/scc/1931canlii10
3:reporter:scr:scr:1931:72	ca/scc/1930canlii76
3:reporter:scr:scr:1931:720	ca/scc/1931canlii44
3:reporter:scr:scr:1931:76	ca/scc/1930canlii54
3:reporter:scr:scr:1931:86	ca/scc/1930canlii62
3:reporter:scr:scr:1931:94	ca/scc/1930canlii1
3:reporter:scr:scr:1932:1	ca/scc/1931canlii70
3:reporter:scr:scr:1932:101	ca/scc/1932canlii47
3:reporter:scr:scr:1932:106	ca/scc/1931canlii46
3:reporter:scr:scr:1932:112	ca/scc/1931canlii53
3:reporter:scr:scr:1932:118	ca/scc/1931canlii61
3:reporter:scr:scr:1932:120	ca/scc/1931canlii60
3:reporter:scr:scr:1932:131	ca/scc/1931canlii97
3:reporter:scr:scr:1932:134	ca/scc/1931canlii100
3:reporter:scr:scr:1932:144	ca/scc/1931canlii47
3:reporter:scr:scr:1932:150	ca/scc/1932canlii68
3:reporter:scr:scr:1932:158	ca/scc/1931canlii68
3:reporter:scr:scr:1932:161	ca/scc/1931canlii72
3:reporter:scr:scr:1932:175	ca/scc/1931canlii15
3:reporter:scr:scr:1932:183	ca/scc/1931canlii16
3:reporter:scr:scr:1932:187	ca/scc/1932canlii25
3:reporter:scr:scr:1932:189	ca/scc/1931canlii75
3:reporter:scr:scr:1932:203	ca/scc/1932canlii75
3:reporter:scr:scr:1932:210	ca/scc/1931canlii48
3:reporter:scr:scr:1932:219	ca/scc/1931canlii49
3:reporter:scr:scr:1932:22	ca/scc/1931canlii45
3:reporter:scr:scr:1932:222	ca/scc/1932canlii57
3:reporter:scr:scr:1932:250	ca/scc/1932canlii72
3:reporter:scr:scr:1932:260	ca/scc/1931canlii57
3:reporter:scr:scr:1932:279	ca/scc/1932canlii1
3:reporter:scr:scr:1932:298	ca/scc/1932canlii61
3:reporter:scr:scr:1932:310	ca/scc/1932canlii26
3:reporter:scr:scr:1932:33	ca/scc/1931canlii11
3:reporter:scr:scr:1932:341	ca/scc/1931canlii17
3:reporter:scr:scr:1932:343	ca/scc/1932canlii74
3:reporter:scr:scr:1932:364	ca/scc/1932canlii76
3:reporter:scr:scr:1932:374	ca/scc/1932canlii51
3:reporter:scr:scr:1932:405	ca/scc/1932canlii38
3:reporter:scr:scr:1932:407	ca/scc/1932canlii3
3:reporter:scr:scr:1932:410	ca/scc/1932canlii58
3:reporter:scr:scr:1932:419	ca/scc/1932canlii56
3:reporter:scr:scr:1932:424	ca/scc/1932canlii78
3:reporter:scr:scr:1932:433	ca/scc/1932canlii73
3:reporter:scr:scr:1932:44	ca/scc/1931canlii12
3:reporter:scr:scr:1932:451	ca/scc/1932canlii49
3:reporter:scr:scr:1932:462	ca/scc/1932canlii4
3:reporter:scr:scr:1932:488	ca/scc/1932canlii27
3:reporter:scr:scr:1932:491	ca/scc/1932canlii5
3:reporter:scr:scr:1932:495	ca/scc/1932canlii6
3:reporter:scr:scr:1932:511	ca/scc/1932canlii65
3:reporter:scr:scr:1932:524	ca/scc/1932canlii44
3:reporter:scr:scr:1932:529	ca/scc/1932canlii7
3:reporter:scr:scr:1932:537	ca/scc/1932canlii55
3:reporter:scr:scr:1932:539	ca/scc/1932canlii52
3:reporter:scr:scr:1932:54	ca/scc/1931canlii84
3:reporter:scr:scr:1932:540	ca/scc/1932canlii63
3:reporter:scr:scr:1932:541	ca/scc/1932canlii8
3:reporter:scr:scr:1932:543	ca/scc/1932canlii9
3:reporter:scr:scr:1932:546	ca/scc/1932canlii10
3:reporter:scr:scr:1932:548	ca/scc/1932canlii11
3:reporter:scr:scr:1932:552	ca/scc/1932canlii39
3:reporter:scr:scr:1932:57	ca/scc/1931canlii76
3:reporter:scr:scr:1932:570	ca/scc/1932canlii37
3:reporter:scr:scr:1932:581	ca/scc/1932canlii42
3:reporter:scr:scr:1932:589	ca/scc/1932canlii35
3:reporter:scr:scr:1932:597	ca/scc/1932canlii59
3:reporter:scr:scr:1932:602	ca/scc/1932canlii79
3:reporter:scr:scr:1932:612	ca/scc/1932canlii28
3:reporter:scr:scr:1932:617	ca/scc/1932canlii53
3:reporter:scr:scr:1932:620	ca/scc/1932canlii29
3:reporter:scr:scr:1932:626	ca/scc/1932canlii30
3:reporter:scr:scr:1932:634	ca/scc/1932canlii83
3:reporter:scr:scr:1932:640	ca/scc/1932canlii31
3:reporter:scr:scr:1932:655	ca/scc/1932canlii70
3:reporter:scr:scr:1932:661	ca/scc/1932canlii81
3:reporter:scr:scr:1932:680	ca/scc/1932canlii64
3:reporter:scr:scr:1932:689	ca/scc/1932canlii45
3:reporter:scr:scr:1932:70	ca/scc/1931canlii13
3:reporter:scr:scr:1932:713	ca/scc/1932canlii12
3:reporter:scr:scr:1932:720	ca/scc/1932canlii43
3:reporter:scr:scr:1932:722	ca/scc/1932canlii80
3:reporter:scr:scr:1932:724	ca/scc/1932canlii82
3:reporter:scr:scr:1932:73	ca/scc/1931canlii14
3:reporter:scr:scr:1932:734	ca/scc/1932canlii32
3:reporter:scr:scr:1932:78	ca/scc/1931canlii80
3:reporter:scr:scr:1933:1	ca/scc/1932canlii33
3:reporter:scr:scr:1933:109	ca/scc/1932canlii62
3:reporter:scr:scr:1933:115	ca/scc/1932canlii41
3:reporter:scr:scr:1933:128	ca/scc/1933canlii62
3:reporter:scr:scr:1933:13	ca/scc/1932canlii60
3:reporter:scr:scr:1933:131	ca/scc/1933canlii83
3:reporter:scr:scr:1933:142	ca/scc/1933canlii56
3:reporter:scr:scr:1933:154	ca/scc/1933canlii3
3:reporter:scr:scr:1933:162	ca/scc/1932canlii54
3:reporter:scr:scr:1933:163	ca/scc/1933canlii31
3:reporter:scr:scr:1933:171	ca/scc/1933canlii33
3:reporter:scr:scr:1933:172	ca/scc/1933canlii43
3:reporter:scr:scr:1933:196	ca/scc/1932canlii48
3:reporter:scr:scr:1933:197	ca/scc/1933canlii4
3:reporter:scr:scr:1933:201	ca/scc/1933canlii85
3:reporter:scr:scr:1933:218	ca/scc/1933canlii54
3:reporter:scr:scr:1933:220	ca/scc/1933canlii74
3:reporter:scr:scr:1933:226	ca/scc/1933canlii39
3:reporter:scr:scr:1933:230	ca/scc/1933canlii65
3:reporter:scr:scr:1933:246	ca/scc/1932canlii50
3:reporter:scr:scr:1933:247	ca/scc/1933canlii5
3:reporter:scr:scr:1933:257	ca/scc/1933canlii7
3:reporter:scr:scr:1933:269	ca/scc/1933canlii40
3:reporter:scr:scr:1933:283	ca/scc/1933canlii51
3:reporter:scr:scr:1933:311	ca/scc/1933canlii67
3:reporter:scr:scr:1933:317	ca/scc/1933canlii48
3:reporter:scr:scr:1933:321	ca/scc/1933canlii8
3:reporter:scr:scr:1933:329	ca/scc/1933canlii9
3:reporter:scr:scr:1933:332	ca/scc/1933canlii78
3:reporter:scr:scr:1933:340	ca/scc/1933canlii76
3:reporter:scr:scr:1933:341	ca/scc/1933canlii77
3:reporter:scr:scr:1933:345	ca/scc/1933canlii25
3:reporter:scr:scr:1933:349	ca/scc/1933canlii10
3:reporter:scr:scr:1933:355	ca/scc/1933canlii81
3:reporter:scr:scr:1933:36	ca/scc/1932canlii77
3:reporter:scr:scr:1933:363	ca/scc/1933canlii79
3:reporter:scr:scr:1933:382	ca/scc/1933canlii47
3:reporter:scr:scr:1933:388	ca/scc/1933canlii68
3:reporter:scr:scr:1933:408	ca/scc/1933canlii63
3:reporter:scr:scr:1933:411	ca/scc/1933canlii26
3:reporter:scr:scr:1933:423	ca/scc/1933canlii50
3:reporter:scr:scr:1933:44	ca/scc/1932canlii67
3:reporter:scr:scr:1933:452	ca/scc/1933canlii80
3:reporter:scr:scr:1933:456	ca/scc/1933canlii41
3:reporter:scr:scr:1933:47	ca/scc/1932canlii40
3:reporter:scr:scr:1933:489	ca/scc/1933canlii61
3:reporter:scr:scr:1933:495	ca/scc/1933canlii70
3:reporter:scr:scr:1933:503	ca/scc/1933canlii69
3:reporter:scr:scr:1933:516	ca/scc/1933canlii44
3:reporter:scr:scr:1933:529	ca/scc/1933canlii11
3:reporter:scr:scr:1933:548	ca/scc/1933canlii82
3:reporter:scr:scr:1933:555	ca/scc/1933canlii71
3:reporter:scr:scr:1933:570	ca/scc/1933canlii58
3:reporter:scr:scr:1933:581	ca/scc/1933canlii59
3:reporter:scr:scr:1933:591	ca/scc/1933canlii12
3:reporter:scr:scr:1933:603	ca/scc/1933canlii13
3:reporter:scr:scr:1933:617	ca/scc/1933canlii73
3:reporter:scr:scr:1933:629	ca/scc/1933canlii86
3:reporter:scr:scr:1933:65	ca/scc/1932canlii71
3:reporter:scr:scr:1933:650	ca/scc/1933canlii37
3:reporter:scr:scr:1933:656	ca/scc/1933canlii14
3:reporter:scr:scr:1933:670	ca/scc/1933canlii53
3:reporter:scr:scr:1933:688	ca/scc/1933canlii38
3:reporter:scr:scr:1933:69	ca/scc/1932canlii69
3:reporter:scr:scr:1933:77	ca/scc/1932canlii13
3:reporter:scr:scr:1933:81	ca/scc/1932canlii46
3:reporter:scr:scr:1933:86	ca/scc/1932canlii66
3:reporter:scr:scr:1934:1	ca/scc/1933canlii15
3:reporter:scr:scr:1934:121	ca/scc/1934canlii48
3:reporter:scr:scr:1934:128	ca/scc/1933canlii18
3:reporter:scr:scr:1934:133	ca/scc/1933canlii57
3:reporter:scr:scr:1934:149	ca/scc/1934canlii2
3:reporter:scr:scr:1934:158	ca/scc/1934canlii3
3:reporter:scr:scr:1934:165	ca/scc/1933canlii75
3:reporter:scr:scr:1934:173	ca/scc/1934canlii64
3:reporter:scr:scr:1934:186	ca/scc/1934canlii1
3:reporter:scr:scr:1934:189	ca/scc/1934canlii52
3:reporter:scr:scr:1934:197	ca/scc/1934canlii50
3:reporter:scr:scr:1934:212	ca/scc/1934canlii53
3:reporter:scr:scr:1934:214	ca/scc/1934canlii37
3:reporter:scr:scr:1934:223	ca/scc/1934canlii4
3:reporter:scr:scr:1934:230	ca/scc/1934canlii5
3:reporter:scr:scr:1934:244	ca/scc/1934canlii36
3:reporter:scr:scr:1934:249	ca/scc/1934canlii65
3:reporter:scr:scr:1934:280	ca/scc/1934canlii35
3:reporter:scr:scr:1934:298	ca/scc/1934canlii58
3:reporter:scr:scr:1934:305	ca/scc/1934canlii56
3:reporter:scr:scr:1934:324	ca/scc/1934canlii49
3:reporter:scr:scr:1934:33	ca/scc/1933canlii35
3:reporter:scr:scr:1934:332	ca/scc/1934canlii59
3:reporter:scr:scr:1934:333	ca/scc/1934canlii6
3:reporter:scr:scr:1934:353	ca/scc/1934canlii7
3:reporter:scr:scr:1934:375	ca/scc/1934canlii8
3:reporter:scr:scr:1934:388	ca/scc/1934canlii76
3:reporter:scr:scr:1934:414	ca/scc/1934canlii10
3:reporter:scr:scr:1934:431	ca/scc/1934canlii34
3:reporter:scr:scr:1934:436	ca/scc/1934canlii74
3:reporter:scr:scr:1934:445	ca/scc/1934canlii78
3:reporter:scr:scr:1934:457	ca/scc/1934canlii73
3:reporter:scr:scr:1934:494	ca/scc/1934canlii63
3:reporter:scr:scr:1934:5	ca/scc/1933canlii27
3:reporter:scr:scr:1934:501	ca/scc/1934canlii47
3:reporter:scr:scr:1934:512	ca/scc/1934canlii60
3:reporter:scr:scr:1934:519	ca/scc/1934canlii81
3:reporter:scr:scr:1934:523	ca/scc/1934canlii27
3:reporter:scr:scr:1934:528	ca/scc/1934canlii54
3:reporter:scr:scr:1934:538	ca/scc/1934canlii57
3:reporter:scr:scr:1934:54	ca/scc/1933canlii36
3:reporter:scr:scr:1934:550	ca/scc/1934canlii77
3:reporter:scr:scr:1934:566	ca/scc/1934canlii40
3:reporter:scr:scr:1934:570	ca/scc/1934canlii42
3:reporter:scr:scr:1934:596	ca/scc/1934canlii39
3:reporter:scr:scr:1934:609	ca/scc/1934canlii28
3:reporter:scr:scr:1934:622	ca/scc/1934canlii66
3:reporter:scr:scr:1934:635	ca/scc/1934canlii32
3:reporter:scr:scr:1934:642	ca/scc/1934canlii62
3:reporter:scr:scr:1934:653	ca/scc/1934canlii38
3:reporter:scr:scr:1934:659	ca/scc/1934canlii72
3:reporter:scr:scr:1934:665	ca/scc/1934canlii11
3:reporter:scr:scr:1934:676	ca/scc/1934canlii51
3:reporter:scr:scr:1934:684	ca/scc/1934canlii67
3:reporter:scr:scr:1934:698	ca/scc/1934canlii12
3:reporter:scr:scr:1934:708	ca/scc/1934canlii75
3:reporter:scr:scr:1934:717	ca/scc/1934canlii30
3:reporter:scr:scr:1934:72	ca/scc/1933canlii17
3:reporter:scr:scr:1934:725	ca/scc/1934canlii13
3:reporter:scr:scr:1934:94	ca/scc/1933canlii60
3:reporter:scr:scr:1935:1	ca/scc/1934canlii55
3:reporter:scr:scr:1935:120	ca/scc/1934canlii43
3:reporter:scr:scr:1935:124	ca/scc/1934canlii80
3:reporter:scr:scr:1935:13	ca/scc/1934canlii33
3:reporter:scr:scr:1935:133	ca/scc/1934canlii70
3:reporter:scr:scr:1935:144	ca/scc/1933canlii49
3:reporter:scr:scr:1935:184	ca/scc/1934canlii15
3:reporter:scr:scr:1935:200	ca/scc/1934canlii16
3:reporter:scr:scr:1935:212	ca/scc/1934canlii71
3:reporter:scr:scr:1935:215	ca/scc/1934canlii79
3:reporter:scr:scr:1935:231	ca/scc/1934canlii41
3:reporter:scr:scr:1935:238	ca/scc/1934canlii45
3:reporter:scr:scr:1935:249	ca/scc/1935canlii29
3:reporter:scr:scr:1935:257	ca/scc/1935canlii32
3:reporter:scr:scr:1935:26	ca/scc/1934canlii69
3:reporter:scr:scr:1935:291	ca/scc/1936canlii17
3:reporter:scr:scr:1935:296	ca/scc/1935canlii33
3:reporter:scr:scr:1935:304	ca/scc/1935canlii28
3:reporter:scr:scr:1935:319	ca/scc/1934canlii17
3:reporter:scr:scr:1935:338	ca/scc/1935canlii350
3:reporter:scr:scr:1935:367	ca/scc/1935canlii18
3:reporter:scr:scr:1935:378	ca/scc/1935canlii1
3:reporter:scr:scr:1935:38	ca/scc/1934canlii44
3:reporter:scr:scr:1935:404	ca/scc/1935canlii36
3:reporter:scr:scr:1935:408	ca/scc/1935canlii23
3:reporter:scr:scr:1935:412	ca/scc/1935canlii35
3:reporter:scr:scr:1935:419	ca/scc/1935canlii39
3:reporter:scr:scr:1935:422	ca/scc/1935canlii2
3:reporter:scr:scr:1935:430	ca/scc/1935canlii3
3:reporter:scr:scr:1935:441	ca/scc/1935canlii19
3:reporter:scr:scr:1935:455	ca/scc/1935canlii4
3:reporter:scr:scr:1935:461	ca/scc/1935canlii5
3:reporter:scr:scr:1935:478	ca/scc/1935canlii26
3:reporter:scr:scr:1935:485	ca/scc/1935canlii40
3:reporter:scr:scr:1935:494	ca/scc/1935canlii38
3:reporter:scr:scr:1935:513	ca/scc/1935canlii31
3:reporter:scr:scr:1935:519	ca/scc/1935canlii27
3:reporter:scr:scr:1935:53	ca/scc/1934canlii46
3:reporter:scr:scr:1935:539	ca/scc/1935canlii41
3:reporter:scr:scr:1935:561	ca/scc/1935canlii42
3:reporter:scr:scr:1935:565	ca/scc/1935canlii8
3:reporter:scr:scr:1935:568	ca/scc/1935canlii48
3:reporter:scr:scr:1935:572	ca/scc/1935canlii25
3:reporter:scr:scr:1935:578	ca/scc/1934canlii61
3:reporter:scr:scr:1935:585	ca/scc/1935canlii45
3:reporter:scr:scr:1935:609	ca/scc/1935canlii9
3:reporter:scr:scr:1935:614	ca/scc/1935canlii49
3:reporter:scr:scr:1935:617	ca/scc/1935canlii43
3:reporter:scr:scr:1935:628	ca/scc/1935canlii20
3:reporter:scr:scr:1935:634	ca/scc/1935canlii37
3:reporter:scr:scr:1935:635	ca/scc/1935canlii21
3:reporter:scr:scr:1935:637	ca/scc/1935canlii24
3:reporter:scr:scr:1935:640	ca/scc/1935canlii34
3:reporter:scr:scr:1935:652	ca/scc/1935canlii10
3:reporter:scr:scr:1935:656	ca/scc/1935canlii46
3:reporter:scr:scr:1935:657	ca/scc/1935canlii44
3:reporter:scr:scr:1935:665	ca/scc/1935canlii30
3:reporter:scr:scr:1935:671	ca/scc/1935canlii11
3:reporter:scr:scr:1935:677	ca/scc/1935canlii12
3:reporter:scr:scr:1935:70	ca/scc/1934canlii29
3:reporter:scr:scr:1935:89	ca/scc/1934canlii31
3:reporter:scr:scr:1936:1	ca/scc/1936canlii42
3:reporter:scr:scr:1936:106	ca/scc/1935canlii13
3:reporter:scr:scr:1936:120	ca/scc/1936canlii47
3:reporter:scr:scr:1936:124	ca/scc/1936canlii28
3:reporter:scr:scr:1936:127	ca/scc/1936canlii2
3:reporter:scr:scr:1936:141	ca/scc/1936canlii3
3:reporter:scr:scr:1936:142	ca/scc/1936canlii4
3:reporter:scr:scr:1936:147	ca/scc/1936canlii44
3:reporter:scr:scr:1936:149	ca/scc/1936canlii5
3:reporter:scr:scr:1936:165	ca/scc/1936canlii20
3:reporter:scr:scr:1936:177	ca/scc/1936canlii29
3:reporter:scr:scr:1936:188	ca/scc/1936canlii1
3:reporter:scr:scr:1936:200	ca/scc/1936canlii41
3:reporter:scr:scr:1936:249	ca/scc/1936canlii6
3:reporter:scr:scr:1936:256	ca/scc/1936canlii22
3:reporter:scr:scr:1936:264	ca/scc/1936canlii40
3:reporter:scr:scr:1936:281	ca/scc/1936canlii37
3:reporter:scr:scr:1936:296	ca/scc/1936canlii25
3:reporter:scr:scr:1936:302	ca/scc/1936canlii19
3:reporter:scr:scr:1936:309	ca/scc/1936canlii16
3:reporter:scr:scr:1936:323	ca/scc/1936canlii43
3:reporter:scr:scr:1936:351	ca/scc/1936canlii48
3:reporter:scr:scr:1936:363	ca/scc/1936canlii45
3:reporter:scr:scr:1936:37	ca/scc/1936canlii15
3:reporter:scr:scr:1936:379	ca/scc/1936canlii51
3:reporter:scr:scr:1936:384	ca/scc/1936canlii35
3:reporter:scr:scr:1936:398	ca/scc/1936canlii21
3:reporter:scr:scr:1936:40	ca/scc/1936canlii36
3:reporter:scr:scr:1936:427	ca/scc/1936canlii30
3:reporter:scr:scr:1936:461	ca/scc/1936canlii24
3:reporter:scr:scr:1936:539	ca/scc/1936canlii23
3:reporter:scr:scr:1936:544	ca/scc/1936canlii46
3:reporter:scr:scr:1936:550	ca/scc/1936canlii49
3:reporter:scr:scr:1936:551	ca/scc/1936canlii53
3:reporter:scr:scr:1936:560	ca/scc/1936canlii39
3:reporter:scr:scr:1936:573	ca/scc/1936canlii38
3:reporter:scr:scr:1936:598	ca/scc/1936canlii50
3:reporter:scr:scr:1936:609	ca/scc/1936canlii7
3:reporter:scr:scr:1936:613	ca/scc/1937canlii41
3:reporter:scr:scr:1936:616	ca/scc/1936canlii32
3:reporter:scr:scr:1936:619	ca/scc/1936canlii8
3:reporter:scr:scr:1936:624	ca/scc/1936canlii33
3:reporter:scr:scr:1936:649	ca/scc/1936canlii27
3:reporter:scr:scr:1936:88	ca/scc/1936canlii18
3:reporter:scr:scr:1937:1	ca/scc/1936canlii9
3:reporter:scr:scr:1937:113	ca/scc/1937canlii35
3:reporter:scr:scr:1937:127	ca/scc/1937canlii30
3:reporter:scr:scr:1937:138	ca/scc/1937canlii63
3:reporter:scr:scr:1937:150	ca/scc/1937canlii2
3:reporter:scr:scr:1937:169	ca/scc/1937canlii3
3:reporter:scr:scr:1937:183	ca/scc/1937canlii4
3:reporter:scr:scr:1937:192	ca/scc/1937canlii55
3:reporter:scr:scr:1937:196	ca/scc/1937canlii47
3:reporter:scr:scr:1937:238	ca/scc/1937canlii37
3:reporter:scr:scr:1937:251	ca/scc/1937canlii32
3:reporter:scr:scr:1937:261	ca/scc/1937canlii61
3:reporter:scr:scr:1937:265	ca/scc/1937canlii49
3:reporter:scr:scr:1937:271	ca/scc/1937canlii64
3:reporter:scr:scr:1937:275	ca/scc/1937canlii42
3:reporter:scr:scr:1937:283	ca/scc/1937canlii45
3:reporter:scr:scr:1937:294	ca/scc/1937canlii5
3:reporter:scr:scr:1937:305	ca/scc/1937canlii53
3:reporter:scr:scr:1937:318	ca/scc/1937canlii28
3:reporter:scr:scr:1937:334	ca/scc/1937canlii6
3:reporter:scr:scr:1937:341	ca/scc/1937canlii1
3:reporter:scr:scr:1937:347	ca/scc/1937canlii8
3:reporter:scr:scr:1937:351	ca/scc/1937canlii66
3:reporter:scr:scr:1937:352	ca/scc/1937canlii38
3:reporter:scr:scr:1937:353	ca/scc/1937canlii21
3:reporter:scr:scr:1937:354	ca/scc/1937canlii26
3:reporter:scr:scr:1937:36	ca/scc/1936canlii26
3:reporter:scr:scr:1937:364	ca/scc/1937canlii57
3:reporter:scr:scr:1937:368	ca/scc/1937canlii56
3:reporter:scr:scr:1937:385	ca/scc/1937canlii36
3:reporter:scr:scr:1937:398	ca/scc/1937canlii65
3:reporter:scr:scr:1937:403	ca/scc/1937canlii39
3:reporter:scr:scr:1937:415	ca/scc/1937canlii46
3:reporter:scr:scr:1937:421	ca/scc/1937canlii22
3:reporter:scr:scr:1937:427	ca/scc/1937canlii29
3:reporter:scr:scr:1937:431	ca/scc/1937canlii9
3:reporter:scr:scr:1937:451	ca/scc/1937canlii51
3:reporter:scr:scr:1937:459	ca/scc/1937canlii23
3:reporter:scr:scr:1937:50	ca/scc/1936canlii52
3:reporter:scr:scr:1937:51	ca/scc/1937canlii60
3:reporter:scr:scr:1937:74	ca/scc/1936canlii31
3:reporter:scr:scr:1937:76	ca/scc/1937canlii50
3:reporter:scr:scr:1937:86	ca/scc/1937canlii31
3:reporter:scr:scr:1938:1	ca/scc/1937canlii10
3:reporter:scr:scr:1938:100	ca/scc/1938canlii1
3:reporter:scr:scr:1938:164	ca/scc/1937canlii59
3:reporter:scr:scr:1938:167	ca/scc/1937canlii43
3:reporter:scr:scr:1938:171	ca/scc/1937canlii34
3:reporter:scr:scr:1938:172	ca/scc/1938canlii3
3:reporter:scr:scr:1938:18	ca/scc/1937canlii11
3:reporter:scr:scr:1938:193	ca/scc/1938canlii4
3:reporter:scr:scr:1938:213	ca/scc/1938canlii49
3:reporter:scr:scr:1938:22	ca/scc/1937canlii44
3:reporter:scr:scr:1938:234	ca/scc/1938canlii45
3:reporter:scr:scr:1938:244	ca/scc/1938canlii19
3:reporter:scr:scr:1938:25	ca/scc/1937canlii24
3:reporter:scr:scr:1938:253	ca/scc/1938canlii5
3:reporter:scr:scr:1938:278	ca/scc/1938canlii43
3:reporter:scr:scr:1938:296	ca/scc/1937canlii62
3:reporter:scr:scr:1938:30	ca/scc/1937canlii12
3:reporter:scr:scr:1938:304	ca/scc/1938canlii26
3:reporter:scr:scr:1938:315	ca/scc/1938canlii36
3:reporter:scr:scr:1938:317	ca/scc/1938canlii30
3:reporter:scr:scr:1938:32	ca/scc/1937canlii58
3:reporter:scr:scr:1938:341	ca/scc/1938canlii6
3:reporter:scr:scr:1938:354	ca/scc/1938canlii35
3:reporter:scr:scr:1938:378	ca/scc/1938canlii20
3:reporter:scr:scr:1938:387	ca/scc/1938canlii46
3:reporter:scr:scr:1938:390	ca/scc/1938canlii44
3:reporter:scr:scr:1938:396	ca/scc/1938canlii7
3:reporter:scr:scr:1938:398	ca/scc/1938canlii2
3:reporter:scr:scr:1938:423	ca/scc/1938canlii31
3:reporter:scr:scr:1938:433	ca/scc/1938canlii39
3:reporter:scr:scr:1938:457	ca/scc/1938canlii21
3:reporter:scr:scr:1938:458	ca/scc/1937canlii40
3:reporter:scr:scr:1938:465	ca/scc/1938canlii29
3:reporter:scr:scr:1938:482	ca/scc/1938canlii9
3:reporter:scr:scr:1938:52	ca/scc/1937canlii52
3:reporter:scr:scr:1938:60	ca/scc/1937canlii33
3:reporter:scr:scr:1938:70	ca/scc/1937canlii27
3:reporter:scr:scr:1938:71	ca/scc/1938canlii34
3:reporter:scr:scr:1939:1	ca/scc/1938canlii41
3:reporter:scr:scr:1939:101	ca/scc/1939canlii37
3:reporter:scr:scr:1939:104	ca/scc/1939canlii22
3:reporter:scr:scr:1939:125	ca/scc/1938canlii32
3:reporter:scr:scr:1939:135	ca/scc/1938canlii48
3:reporter:scr:scr:1939:162	ca/scc/1938canlii28
3:reporter:scr:scr:1939:186	ca/scc/1938canlii42
3:reporter:scr:scr:1939:20	ca/scc/1938canlii22
3:reporter:scr:scr:1939:212	ca/scc/1938canlii12
3:reporter:scr:scr:1939:214	ca/scc/1939canlii2
3:reporter:scr:scr:1939:223	ca/scc/1939canlii45
3:reporter:scr:scr:1939:235	ca/scc/1938canlii40
3:reporter:scr:scr:1939:247	ca/scc/1939canlii1
3:reporter:scr:scr:1939:253	ca/scc/1939canlii36
3:reporter:scr:scr:1939:265	ca/scc/1939canlii3
3:reporter:scr:scr:1939:271	ca/scc/1939canlii38
3:reporter:scr:scr:1939:273	ca/scc/1939canlii23
3:reporter:scr:scr:1939:276	ca/scc/1939canlii4
3:reporter:scr:scr:1939:278	ca/scc/1939canlii5
3:reporter:scr:scr:1939:28	ca/scc/1938canlii38
3:reporter:scr:scr:1939:285	ca/scc/1939canlii24
3:reporter:scr:scr:1939:287	ca/scc/1939canlii6
3:reporter:scr:scr:1939:308	ca/scc/1939canlii34
3:reporter:scr:scr:1939:320	ca/scc/1939canlii30
3:reporter:scr:scr:1939:322	ca/scc/1939canlii28
3:reporter:scr:scr:1939:329	ca/scc/1939canlii35
3:reporter:scr:scr:1939:338	ca/scc/1939canlii33
3:reporter:scr:scr:1939:35	ca/scc/1938canlii47
3:reporter:scr:scr:1939:350	ca/scc/1939canlii41
3:reporter:scr:scr:1939:358	ca/scc/1939canlii48
3:reporter:scr:scr:1939:36	ca/scc/1938canlii23
3:reporter:scr:scr:1939:364	ca/scc/1939canlii7
3:reporter:scr:scr:1939:384	ca/scc/1939canlii40
3:reporter:scr:scr:1939:405	ca/scc/1939canlii27
3:reporter:scr:scr:1939:412	ca/scc/1939canlii8
3:reporter:scr:scr:1939:440	ca/scc/1939canlii20
3:reporter:scr:scr:1939:446	ca/scc/1939canlii21
3:reporter:scr:scr:1939:45	ca/scc/1938canlii10
3:reporter:scr:scr:1939:454	ca/scc/1939canlii49
3:reporter:scr:scr:1939:458	ca/scc/1939canlii47
3:reporter:scr:scr:1939:52	ca/scc/1938canlii27
3:reporter:scr:scr:1939:63	ca/scc/1938canlii11
3:reporter:scr:scr:1939:75	ca/scc/1938canlii25
3:reporter:scr:scr:1939:84	ca/scc/1939canlii32
3:reporter:scr:scr:1939:85	ca/scc/1938canlii24
3:reporter:scr:scr:1940:1	ca/scc/1939canlii19
3:reporter:scr:scr:1940:131	ca/scc/1939canlii26
3:reporter:scr:scr:1940:153	ca/scc/1939canlii29
3:reporter:scr:scr:1940:17	ca/scc/1939canlii352
3:reporter:scr:scr:1940:174	ca/scc/1939canlii9
3:reporter:scr:scr:1940:191	ca/scc/1939canlii44
3:reporter:scr:scr:1940:203	ca/scc/1939canlii25
3:reporter:scr:scr:1940:218	ca/scc/1940canlii1
3:reporter:scr:scr:1940:246	ca/scc/1939canlii31
3:reporter:scr:scr:1940:263	ca/scc/1939canlii43
3:reporter:scr:scr:1940:279	ca/scc/1939canlii50
3:reporter:scr:scr:1940:290	ca/scc/1940canlii38
3:reporter:scr:scr:1940:301	ca/scc/1940canlii2
3:reporter:scr:scr:1940:313	ca/scc/1940canlii405
3:reporter:scr:scr:1940:318	ca/scc/1940canlii48
3:reporter:scr:scr:1940:325	ca/scc/1940canlii54
3:reporter:scr:scr:1940:331	ca/scc/1940canlii3
3:reporter:scr:scr:1940:335	ca/scc/1940canlii50
3:reporter:scr:scr:1940:353	ca/scc/1940canlii42
3:reporter:scr:scr:1940:386	ca/scc/1940canlii35
3:reporter:scr:scr:1940:388	ca/scc/1940canlii44
3:reporter:scr:scr:1940:392	ca/scc/1940canlii4
3:reporter:scr:scr:1940:40	ca/scc/1939canlii51
3:reporter:scr:scr:1940:410	ca/scc/1940canlii5
3:reporter:scr:scr:1940:420	ca/scc/1940canlii6
3:reporter:scr:scr:1940:433	ca/scc/1940canlii7
3:reporter:scr:scr:1940:442	ca/scc/1940canlii41
3:reporter:scr:scr:1940:444	ca/scc/1940canlii46
3:reporter:scr:scr:1940:455	ca/scc/1940canlii62
3:reporter:scr:scr:1940:465	ca/scc/1940canlii34
3:reporter:scr:scr:1940:487	ca/scc/1940canlii39
3:reporter:scr:scr:1940:49	ca/scc/1940canlii64
3:reporter:scr:scr:1940:491	ca/scc/1940canlii8
3:reporter:scr:scr:1940:501	ca/scc/1940canlii43
3:reporter:scr:scr:1940:506	ca/scc/1940canlii9
3:reporter:scr:scr:1940:510	ca/scc/1940canlii55
3:reporter:scr:scr:1940:522	ca/scc/1940canlii61
3:reporter:scr:scr:1940:534	ca/scc/1940canlii51
3:reporter:scr:scr:1940:547	ca/scc/1940canlii49
3:reporter:scr:scr:1940:553	ca/scc/1940canlii45
3:reporter:scr:scr:1940:578	ca/scc/1940canlii63
3:reporter:scr:scr:1940:586	ca/scc/1940canlii59
3:reporter:scr:scr:1940:616	ca/scc/1940canlii66
3:reporter:scr:scr:1940:625	ca/scc/1940canlii27
3:reporter:scr:scr:1940:635	ca/scc/1940canlii11
3:reporter:scr:scr:1940:659	ca/scc/1940canlii12
3:reporter:scr:scr:1940:670	ca/scc/1940canlii28
3:reporter:scr:scr:1940:680	ca/scc/1940canlii13
3:reporter:scr:scr:1940:688	ca/scc/1940canlii14
3:reporter:scr:scr:1940:700	ca/scc/1940canlii58
3:reporter:scr:scr:1940:702	ca/scc/1940canlii31
3:reporter:scr:scr:1940:708	ca/scc/1940canlii15
3:reporter:scr:scr:1941:1	ca/scc/1939canlii42
3:reporter:scr:scr:1941:111	ca/scc/1940canlii37
3:reporter:scr:scr:1941:125	ca/scc/1940canlii56
3:reporter:scr:scr:1941:139	ca/scc/1940canlii65
3:reporter:scr:scr:1941:164	ca/scc/1940canlii57
3:reporter:scr:scr:1941:17	ca/scc/1940canlii384
3:reporter:scr:scr:1941:184	ca/scc/1940canlii29
3:reporter:scr:scr:1941:19	ca/scc/1940canlii60
3:reporter:scr:scr:1941:201	ca/scc/1940canlii30
3:reporter:scr:scr:1941:204	ca/scc/1941canlii2
3:reporter:scr:scr:1941:213	ca/scc/1941canlii3
3:reporter:scr:scr:1941:224	ca/scc/1941canlii38
3:reporter:scr:scr:1941:228	ca/scc/1941canlii26
3:reporter:scr:scr:1941:230	ca/scc/1941canlii27
3:reporter:scr:scr:1941:242	ca/scc/1941canlii53
3:reporter:scr:scr:1941:251	ca/scc/1941canlii4
3:reporter:scr:scr:1941:262	ca/scc/1941canlii28
3:reporter:scr:scr:1941:270	ca/scc/1941canlii39
3:reporter:scr:scr:1941:278	ca/scc/1941canlii5
3:reporter:scr:scr:1941:317	ca/scc/1941canlii29
3:reporter:scr:scr:1941:32	ca/scc/1940canlii16
3:reporter:scr:scr:1941:321	ca/scc/1941canlii30
3:reporter:scr:scr:1941:325	ca/scc/1941canlii50
3:reporter:scr:scr:1941:35	ca/scc/1940canlii52
3:reporter:scr:scr:1941:362	ca/scc/1941canlii31
3:reporter:scr:scr:1941:368	ca/scc/1941canlii57
3:reporter:scr:scr:1941:384	ca/scc/1941canlii6
3:reporter:scr:scr:1941:388	ca/scc/1941canlii41
3:reporter:scr:scr:1941:396	ca/scc/1941canlii1
3:reporter:scr:scr:1941:40	ca/scc/1940canlii36
3:reporter:scr:scr:1941:419	ca/scc/1941canlii7
3:reporter:scr:scr:1941:426	ca/scc/1941canlii8
3:reporter:scr:scr:1941:430	ca/scc/1941canlii37
3:reporter:scr:scr:1941:437	ca/scc/1941canlii47
3:reporter:scr:scr:1941:448	ca/scc/1941canlii9
3:reporter:scr:scr:1941:470	ca/scc/1941canlii10
3:reporter:scr:scr:1941:481	ca/scc/1941canlii55
3:reporter:scr:scr:1941:491	ca/scc/1941canlii44
3:reporter:scr:scr:1941:503	ca/scc/1941canlii12
3:reporter:scr:scr:1941:509	ca/scc/1941canlii56
3:reporter:scr:scr:1941:520	ca/scc/1941canlii13
3:reporter:scr:scr:1941:53	ca/scc/1940canlii32
3:reporter:scr:scr:1941:531	ca/scc/1941canlii14
3:reporter:scr:scr:1941:537	ca/scc/1941canlii32
3:reporter:scr:scr:1941:538	ca/scc/1941canlii49
3:reporter:scr:scr:1941:542	ca/scc/1941canlii54
3:reporter:scr:scr:1941:573	ca/scc/1941canlii33
3:reporter:scr:scr:1941:584	ca/scc/1941canlii15
3:reporter:scr:scr:1941:591	ca/scc/1941canlii16
3:reporter:scr:scr:1941:601	ca/scc/1941canlii34
3:reporter:scr:scr:1941:643	ca/scc/1941canlii36
3:reporter:scr:scr:1941:66	ca/scc/1940canlii53
3:reporter:scr:scr:1941:670	ca/scc/1941canlii46
3:reporter:scr:scr:1941:87	ca/scc/1940canlii33
3:reporter:scr:scr:1942:1	ca/scc/1941canlii42
3:reporter:scr:scr:1942:10	ca/scc/1941canlii48
3:reporter:scr:scr:1942:107	ca/scc/1941canlii40
3:reporter:scr:scr:1942:120	ca/scc/1942canlii372
3:reporter:scr:scr:1942:130	ca/scc/1942canlii2
3:reporter:scr:scr:1942:141	ca/scc/1942canlii44
3:reporter:scr:scr:1942:147	ca/scc/1942canlii1
3:reporter:scr:scr:1942:160	ca/scc/1942canlii3
3:reporter:scr:scr:1942:166	ca/scc/1942canlii31
3:reporter:scr:scr:1942:178	ca/scc/1942canlii39
3:reporter:scr:scr:1942:187	ca/scc/1942canlii45
3:reporter:scr:scr:1942:19	ca/scc/1941canlii51
3:reporter:scr:scr:1942:196	ca/scc/1942canlii4
3:reporter:scr:scr:1942:202	ca/scc/1942canlii5
3:reporter:scr:scr:1942:205	ca/scc/1942canlii48
3:reporter:scr:scr:1942:257	ca/scc/1942canlii29
3:reporter:scr:scr:1942:269	ca/scc/1942canlii40
3:reporter:scr:scr:1942:291	ca/scc/1942canlii35
3:reporter:scr:scr:1942:31	ca/scc/1941canlii52
3:reporter:scr:scr:1942:321	ca/scc/1942canlii54
3:reporter:scr:scr:1942:331	ca/scc/1942canlii30
3:reporter:scr:scr:1942:339	ca/scc/1942canlii52
3:reporter:scr:scr:1942:346	ca/scc/1942canlii6
3:reporter:scr:scr:1942:357	ca/scc/1942canlii41
3:reporter:scr:scr:1942:366	ca/scc/1942canlii37
3:reporter:scr:scr:1942:369	ca/scc/1942canlii32
3:reporter:scr:scr:1942:374	ca/scc/1942canlii7
3:reporter:scr:scr:1942:384	ca/scc/1942canlii8
3:reporter:scr:scr:1942:390	ca/scc/1942canlii9
3:reporter:scr:scr:1942:391	ca/scc/1941canlii35
3:reporter:scr:scr:1942:402	ca/scc/1942canlii24
3:reporter:scr:scr:1942:406	ca/scc/1942canlii20
3:reporter:scr:scr:1942:429	ca/scc/1942canlii49
3:reporter:scr:scr:1942:435	ca/scc/1942canlii25
3:reporter:scr:scr:1942:450	ca/scc/1942canlii34
3:reporter:scr:scr:1942:464	ca/scc/1942canlii42
3:reporter:scr:scr:1942:467	ca/scc/1942canlii27
3:reporter:scr:scr:1942:476	ca/scc/1942canlii21
3:reporter:scr:scr:1942:495	ca/scc/1942canlii51
3:reporter:scr:scr:1942:513	ca/scc/1942canlii53
3:reporter:scr:scr:1942:517	ca/scc/1942canlii22
3:reporter:scr:scr:1942:54	ca/scc/1941canlii45
3:reporter:scr:scr:1942:73	ca/scc/1942canlii43
3:reporter:scr:scr:1942:80	ca/scc/1942canlii36
3:reporter:scr:scr:1942:84	ca/scc/1942canlii33
3:reporter:scr:scr:1942:89	ca/scc/1942canlii55
3:reporter:scr:scr:1943:1	ca/scc/1943canlii1
3:reporter:scr:scr:1943:103	ca/scc/1943canlii21
3:reporter:scr:scr:1943:118	ca/scc/1943canlii61
3:reporter:scr:scr:1943:127	ca/scc/1943canlii33
3:reporter:scr:scr:1943:143	ca/scc/1943canlii34
3:reporter:scr:scr:1943:152	ca/scc/1943canlii52
3:reporter:scr:scr:1943:165	ca/scc/1943canlii42
3:reporter:scr:scr:1943:179	ca/scc/1943canlii40
3:reporter:scr:scr:1943:189	ca/scc/1943canlii49
3:reporter:scr:scr:1943:197	ca/scc/1943canlii22
3:reporter:scr:scr:1943:208	ca/scc/1943canlii39
3:reporter:scr:scr:1943:250	ca/scc/1943canlii32
3:reporter:scr:scr:1943:256	ca/scc/1943canlii4
3:reporter:scr:scr:1943:262	ca/scc/1943canlii25
3:reporter:scr:scr:1943:268	ca/scc/1943canlii6
3:reporter:scr:scr:1943:272	ca/scc/1943canlii7
3:reporter:scr:scr:1943:275	ca/scc/1943canlii54
3:reporter:scr:scr:1943:295	ca/scc/1943canlii50
3:reporter:scr:scr:1943:317	ca/scc/1943canlii8
3:reporter:scr:scr:1943:320	ca/scc/1943canlii28
3:reporter:scr:scr:1943:333	ca/scc/1943canlii47
3:reporter:scr:scr:1943:348	ca/scc/1943canlii38
3:reporter:scr:scr:1943:366	ca/scc/1943canlii9
3:reporter:scr:scr:1943:37	ca/scc/1942canlii26
3:reporter:scr:scr:1943:370	ca/scc/1943canlii29
3:reporter:scr:scr:1943:382	ca/scc/1943canlii59
3:reporter:scr:scr:1943:396	ca/scc/1943canlii51
3:reporter:scr:scr:1943:42	ca/scc/1942canlii46
3:reporter:scr:scr:1943:422	ca/scc/1943canlii10
3:reporter:scr:scr:1943:433	ca/scc/1943canlii60
3:reporter:scr:scr:1943:440	ca/scc/1943canlii11
3:reporter:scr:scr:1943:45	ca/scc/1942canlii10
3:reporter:scr:scr:1943:451	ca/scc/1943canlii27
3:reporter:scr:scr:1943:460	ca/scc/1942canlii38
3:reporter:scr:scr:1943:464	ca/scc/1943canlii44
3:reporter:scr:scr:1943:470	ca/scc/1943canlii41
3:reporter:scr:scr:1943:483	ca/scc/1943canlii31
3:reporter:scr:scr:1943:49	ca/scc/1943canlii30
3:reporter:scr:scr:1943:527	ca/scc/1943canlii57
3:reporter:scr:scr:1943:54	ca/scc/1943canlii58
3:reporter:scr:scr:1943:547	ca/scc/1943canlii43
3:reporter:scr:scr:1943:566	ca/scc/1943canlii45
3:reporter:scr:scr:1943:58	ca/scc/1943canlii36
3:reporter:scr:scr:1943:61	ca/scc/1943canlii48
3:reporter:scr:scr:1943:82	ca/scc/1943canlii26
3:reporter:scr:scr:1943:89	ca/scc/1943canlii35
3:reporter:scr:scr:1943:98	ca/scc/1943canlii62
3:reporter:scr:scr:1944:1	ca/scc/1943canlii53
3:reporter:scr:scr:1944:111	ca/scc/1944canlii39
3:reporter:scr:scr:1944:119	ca/scc/1944canlii67
3:reporter:scr:scr:1944:136	ca/scc/1944canlii57
3:reporter:scr:scr:1944:138	ca/scc/1944canlii71
3:reporter:scr:scr:1944:143	ca/scc/1944canlii23
3:reporter:scr:scr:1944:148	ca/scc/1944canlii24
3:reporter:scr:scr:1944:150	ca/scc/1944canlii3
3:reporter:scr:scr:1944:152	ca/scc/1944canlii1
3:reporter:scr:scr:1944:166	ca/scc/1944canlii25
3:reporter:scr:scr:1944:167	ca/scc/1944canlii52
3:reporter:scr:scr:1944:175	ca/scc/1944canlii65
3:reporter:scr:scr:1944:194	ca/scc/1944canlii35
3:reporter:scr:scr:1944:196	ca/scc/1944canlii26
3:reporter:scr:scr:1944:20	ca/scc/1943canlii2
3:reporter:scr:scr:1944:226	ca/scc/1944canlii51
3:reporter:scr:scr:1944:23	ca/scc/1943canlii23
3:reporter:scr:scr:1944:243	ca/scc/1944canlii32
3:reporter:scr:scr:1944:246	ca/scc/1944canlii43
3:reporter:scr:scr:1944:249	ca/scc/1944canlii4
3:reporter:scr:scr:1944:253	ca/scc/1944canlii70
3:reporter:scr:scr:1944:264	ca/scc/1944canlii5
3:reporter:scr:scr:1944:267	ca/scc/1944canlii6
3:reporter:scr:scr:1944:275	ca/scc/1944canlii41
3:reporter:scr:scr:1944:278	ca/scc/1944canlii27
3:reporter:scr:scr:1944:280	ca/scc/1944canlii53
3:reporter:scr:scr:1944:284	ca/scc/1944canlii42
3:reporter:scr:scr:1944:292	ca/scc/1944canlii40
3:reporter:scr:scr:1944:308	ca/scc/1944canlii48
3:reporter:scr:scr:1944:317	ca/scc/1944canlii50
3:reporter:scr:scr:1944:339	ca/scc/1944canlii54
3:reporter:scr:scr:1944:349	ca/scc/1944canlii7
3:reporter:scr:scr:1944:360	ca/scc/1944canlii8
3:reporter:scr:scr:1944:371	ca/scc/1944canlii36
3:reporter:scr:scr:1944:385	ca/scc/1944canlii9
3:reporter:scr:scr:1944:391	ca/scc/1944canlii37
3:reporter:scr:scr:1944:409	ca/scc/1944canlii63
3:reporter:scr:scr:1944:435	ca/scc/1944canlii56
3:reporter:scr:scr:1944:443	ca/scc/1944canlii10
3:reporter:scr:scr:1944:59	ca/scc/1943canlii24
3:reporter:scr:scr:1944:69	ca/scc/1943canlii3
3:reporter:scr:scr:1944:73	ca/scc/1944canlii22
3:reporter:scr:scr:1944:77	ca/scc/1943canlii37
3:reporter:scr:scr:1944:82	ca/scc/1944canlii46
3:reporter:scr:scr:1944:92	ca/scc/1944canlii62
3:reporter:scr:scr:1944:97	ca/scc/1943canlii46
3:reporter:scr:scr:1944:98	ca/scc/1944canlii38
3:reporter:scr:scr:1945:1	ca/scc/1944canlii55
3:reporter:scr:scr:1945:105	ca/scc/1944canlii44
3:reporter:scr:scr:1945:131	ca/scc/1944canlii68
3:reporter:scr:scr:1945:134	ca/scc/1944canlii12
3:reporter:scr:scr:1945:143	ca/scc/1945canlii40
3:reporter:scr:scr:1945:16	ca/scc/1944canlii49
3:reporter:scr:scr:1945:169	ca/scc/1945canlii36
3:reporter:scr:scr:1945:175	ca/scc/1945canlii29
3:reporter:scr:scr:1945:184	ca/scc/1945canlii1
3:reporter:scr:scr:1945:191	ca/scc/1945canlii24
3:reporter:scr:scr:1945:204	ca/scc/1945canlii43
3:reporter:scr:scr:1945:217	ca/scc/1945canlii42
3:reporter:scr:scr:1945:234	ca/scc/1945canlii27
3:reporter:scr:scr:1945:249	ca/scc/1945canlii31
3:reporter:scr:scr:1945:267	ca/scc/1945canlii22
3:reporter:scr:scr:1945:289	ca/scc/1945canlii18
3:reporter:scr:scr:1945:319	ca/scc/1945canlii41
3:reporter:scr:scr:1945:329	ca/scc/1945canlii21
3:reporter:scr:scr:1945:343	ca/scc/1945canlii2
3:reporter:scr:scr:1945:360	ca/scc/1945canlii3
3:reporter:scr:scr:1945:385	ca/scc/1944canlii29
3:reporter:scr:scr:1945:42	ca/scc/1944canlii59
3:reporter:scr:scr:1945:438	ca/scc/1945canlii4
3:reporter:scr:scr:1945:441	ca/scc/1945canlii28
3:reporter:scr:scr:1945:455	ca/scc/1945canlii32
3:reporter:scr:scr:1945:456	ca/scc/1945canlii47
3:reporter:scr:scr:1945:517	ca/scc/1945canlii45
3:reporter:scr:scr:1945:520	ca/scc/1945canlii44
3:reporter:scr:scr:1945:526	ca/scc/1945canlii17
3:reporter:scr:scr:1945:600	ca/scc/1945canlii51
3:reporter:scr:scr:1945:609	ca/scc/1945canlii5
3:reporter:scr:scr:1945:614	ca/scc/1945canlii6
3:reporter:scr:scr:1945:62	ca/scc/1944canlii69
3:reporter:scr:scr:1945:621	ca/scc/1945canlii30
3:reporter:scr:scr:1945:635	ca/scc/1945canlii13
3:reporter:scr:scr:1945:652	ca/scc/1945canlii20
3:reporter:scr:scr:1945:655	ca/scc/1945canlii33
3:reporter:scr:scr:1945:659	ca/scc/1945canlii50
3:reporter:scr:scr:1945:669	ca/scc/1945canlii38
3:reporter:scr:scr:1945:685	ca/scc/1945canlii46
3:reporter:scr:scr:1945:748	ca/scc/1945canlii14
3:reporter:scr:scr:1945:749	ca/scc/1945canlii39
3:reporter:scr:scr:1945:762	ca/scc/1945canlii34
3:reporter:scr:scr:1945:766	ca/scc/1945canlii15
3:reporter:scr:scr:1945:768	ca/scc/1945canlii26
3:reporter:scr:scr:1945:82	ca/scc/1944canlii64
3:reporter:scr:scr:1945:87	ca/scc/1944canlii11
3:reporter:scr:scr:1945:9	ca/scc/1944canlii28
3:reporter:scr:scr:1946:1	ca/scc/1945canlii7
3:reporter:scr:scr:1946:101	ca/scc/1945canlii35
3:reporter:scr:scr:1946:115	ca/scc/1946canlii12
3:reporter:scr:scr:1946:129	ca/scc/1946canlii20
3:reporter:scr:scr:1946:139	ca/scc/1946canlii41
3:reporter:scr:scr:1946:178	ca/scc/1946canlii34
3:reporter:scr:scr:1946:20	ca/scc/1945canlii37
3:reporter:scr:scr:1946:209	ca/scc/1946canlii1
3:reporter:scr:scr:1946:235	ca/scc/1946canlii35
3:reporter:scr:scr:1946:248	ca/scc/1946canlii46
3:reporter:scr:scr:1946:327	ca/scc/1946canlii27
3:reporter:scr:scr:1946:335	ca/scc/1946canlii21
3:reporter:scr:scr:1946:343	ca/scc/1946canlii17
3:reporter:scr:scr:1946:352	ca/scc/1946canlii43
3:reporter:scr:scr:1946:392	ca/scc/1946canlii47
3:reporter:scr:scr:1946:403	ca/scc/1946canlii37
3:reporter:scr:scr:1946:415	ca/scc/1946canlii38
3:reporter:scr:scr:1946:448	ca/scc/1946canlii26
3:reporter:scr:scr:1946:450	ca/scc/1946canlii39
3:reporter:scr:scr:1946:456	ca/scc/1946canlii25
3:reporter:scr:scr:1946:462	ca/scc/1946canlii2
3:reporter:scr:scr:1946:466	ca/scc/1946canlii22
3:reporter:scr:scr:1946:473	ca/scc/1946canlii30
3:reporter:scr:scr:1946:489	ca/scc/1946canlii29
3:reporter:scr:scr:1946:499	ca/scc/1946canlii36
3:reporter:scr:scr:1946:50	ca/scc/1945canlii49
3:reporter:scr:scr:1946:538	ca/scc/1946canlii16
3:reporter:scr:scr:1946:54	ca/scc/1945canlii8
3:reporter:scr:scr:1946:547	ca/scc/1946canlii51
3:reporter:scr:scr:1946:551	ca/scc/1946canlii44
3:reporter:scr:scr:1946:569	ca/scc/1946canlii32
3:reporter:scr:scr:1946:584	ca/scc/1946canlii23
3:reporter:scr:scr:1946:605	ca/scc/1946canlii15
3:reporter:scr:scr:1946:622	ca/scc/1946canlii13
3:reporter:scr:scr:1946:74	ca/scc/1945canlii19
3:reporter:scr:scr:1946:89	ca/scc/1945canlii23
3:reporter:scr:scr:1947:1	ca/scc/1946canlii31
3:reporter:scr:scr:1947:103	ca/scc/1946canlii33
3:reporter:scr:scr:1947:107	ca/scc/1946canlii50
3:reporter:scr:scr:1947:110	ca/scc/1946canlii24
3:reporter:scr:scr:1947:121	ca/scc/1946canlii14
3:reporter:scr:scr:1947:132	ca/scc/1946canlii49
3:reporter:scr:scr:1947:157	ca/scc/1947canlii39
3:reporter:scr:scr:1947:172	ca/scc/1947canlii42
3:reporter:scr:scr:1947:185	ca/scc/1947canlii34
3:reporter:scr:scr:1947:211	ca/scc/1947canlii2
3:reporter:scr:scr:1947:213	ca/scc/1947canlii25
3:reporter:scr:scr:1947:216	ca/scc/1947canlii28
3:reporter:scr:scr:1947:219	ca/scc/1947canlii41
3:reporter:scr:scr:1947:22	ca/scc/1946canlii18
3:reporter:scr:scr:1947:234	ca/scc/1947canlii3
3:reporter:scr:scr:1947:241	ca/scc/1947canlii30
3:reporter:scr:scr:1947:268	ca/scc/1947canlii1
3:reporter:scr:scr:1947:277	ca/scc/1947canlii4
3:reporter:scr:scr:1947:283	ca/scc/1947canlii43
3:reporter:scr:scr:1947:291	ca/scc/1947canlii5
3:reporter:scr:scr:1947:313	ca/scc/1947canlii40
3:reporter:scr:scr:1947:336	ca/scc/1947canlii44
3:reporter:scr:scr:1947:345	ca/scc/1947canlii36
3:reporter:scr:scr:1947:358	ca/scc/1947canlii37
3:reporter:scr:scr:1947:377	ca/scc/1947canlii26
3:reporter:scr:scr:1947:394	ca/scc/1947canlii32
3:reporter:scr:scr:1947:420	ca/scc/1947canlii24
3:reporter:scr:scr:1947:431	ca/scc/1947canlii33
3:reporter:scr:scr:1947:45	ca/scc/1946canlii45
3:reporter:scr:scr:1947:462	ca/scc/1947canlii6
3:reporter:scr:scr:1947:484	ca/scc/1947canlii7
3:reporter:scr:scr:1947:486	ca/scc/1947canlii8
3:reporter:scr:scr:1947:492	ca/scc/1947canlii31
3:reporter:scr:scr:1947:498	ca/scc/1947canlii29
3:reporter:scr:scr:1947:521	ca/scc/1947canlii35
3:reporter:scr:scr:1947:531	ca/scc/1947canlii38
3:reporter:scr:scr:1947:539	ca/scc/1947canlii9
3:reporter:scr:scr:1947:543	ca/scc/1947canlii22
3:reporter:scr:scr:1947:561	ca/scc/1947canlii10
3:reporter:scr:scr:1947:64	ca/scc/1946canlii40
3:reporter:scr:scr:1947:79	ca/scc/1946canlii19
3:reporter:scr:scr:1947:90	ca/scc/1946canlii3
3:reporter:scr:scr:1948:1	ca/scc/1947canlii27
3:reporter:scr:scr:1948:101	ca/scc/1948canlii3
3:reporter:scr:scr:1948:115	ca/scc/1948canlii28
3:reporter:scr:scr:1948:126	ca/scc/1948canlii29
3:reporter:scr:scr:1948:135	ca/scc/1948canlii16
3:reporter:scr:scr:1948:151	ca/scc/1948canlii30
3:reporter:scr:scr:1948:155	ca/scc/1948canlii31
3:reporter:scr:scr:1948:166	ca/scc/1948canlii32
3:reporter:scr:scr:1948:183	ca/scc/1948canlii33
3:reporter:scr:scr:1948:215	ca/scc/1948canlii34
3:reporter:scr:scr:1948:220	ca/scc/1948canlii35
3:reporter:scr:scr:1948:226	ca/scc/1948canlii17
3:reporter:scr:scr:1948:248	ca/scc/1948canlii36
3:reporter:scr:scr:1948:273	ca/scc/1948canlii40
3:reporter:scr:scr:1948:278	ca/scc/1948canlii41
3:reporter:scr:scr:1948:28	ca/scc/1947canlii23
3:reporter:scr:scr:1948:287	ca/scc/1948canlii24
3:reporter:scr:scr:1948:295	ca/scc/1948canlii4
3:reporter:scr:scr:1948:306	ca/scc/1948canlii42
3:reporter:scr:scr:1948:329	ca/scc/1948canlii5
3:reporter:scr:scr:1948:333	ca/scc/1948canlii6
3:reporter:scr:scr:1948:339	ca/scc/1948canlii45
3:reporter:scr:scr:1948:349	ca/scc/1948canlii46
3:reporter:scr:scr:1948:357	ca/scc/1948canlii47
3:reporter:scr:scr:1948:369	ca/scc/1948canlii38
3:reporter:scr:scr:1948:37	ca/scc/1947canlii21
3:reporter:scr:scr:1948:373	ca/scc/1948canlii18
3:reporter:scr:scr:1948:403	ca/scc/1948canlii19
3:reporter:scr:scr:1948:46	ca/scc/1948canlii25
3:reporter:scr:scr:1948:467	ca/scc/1948canlii39
3:reporter:scr:scr:1948:478	ca/scc/1948canlii43
3:reporter:scr:scr:1948:486	ca/scc/1948canlii1
3:reporter:scr:scr:1948:500	ca/scc/1948canlii20
3:reporter:scr:scr:1948:508	ca/scc/1948canlii7
3:reporter:scr:scr:1948:526	ca/scc/1948canlii48
3:reporter:scr:scr:1948:539	ca/scc/1948canlii8
3:reporter:scr:scr:1948:544	ca/scc/1948canlii49
3:reporter:scr:scr:1948:557	ca/scc/1948canlii9
3:reporter:scr:scr:1948:564	ca/scc/1948canlii10
3:reporter:scr:scr:1948:57	ca/scc/1948canlii37
3:reporter:scr:scr:1948:585	ca/scc/1948canlii50
3:reporter:scr:scr:1948:82	ca/scc/1948canlii26
3:reporter:scr:scr:1948:86	ca/scc/1948canlii27
3:reporter:scr:scr:1949:1	ca/scc/1948canlii2
3:reporter:scr:scr:1949:101	ca/scc/1948canlii21
3:reporter:scr:scr:1949:127	ca/scc/1948canlii52
3:reporter:scr:scr:1949:139	ca/scc/1948canlii53
3:reporter:scr:scr:1949:156	ca/scc/1949canlii64
3:reporter:scr:scr:1949:172	ca/scc/1949canlii1
3:reporter:scr:scr:1949:177	ca/scc/1949canlii24
3:reporter:scr:scr:1949:197	ca/scc/1949canlii25
3:reporter:scr:scr:1949:201	ca/scc/1949canlii2
3:reporter:scr:scr:1949:215	ca/scc/1949canlii3
3:reporter:scr:scr:1949:239	ca/scc/1949canlii22
3:reporter:scr:scr:1949:246	ca/scc/1948canlii22
3:reporter:scr:scr:1949:262	ca/scc/1949canlii26
3:reporter:scr:scr:1949:287	ca/scc/1948canlii54
3:reporter:scr:scr:1949:299	ca/scc/1949canlii23
3:reporter:scr:scr:1949:329	ca/scc/1949canlii341
3:reporter:scr:scr:1949:348	ca/scc/1949canlii27
3:reporter:scr:scr:1949:367	ca/scc/1949canlii340
3:reporter:scr:scr:1949:392	ca/scc/1949canlii29
3:reporter:scr:scr:1949:397	ca/scc/1949canlii6
3:reporter:scr:scr:1949:407	ca/scc/1949canlii30
3:reporter:scr:scr:1949:446	ca/scc/1949canlii31
3:reporter:scr:scr:1949:453	ca/scc/1949canlii32
3:reporter:scr:scr:1949:479	ca/scc/1949canlii33
3:reporter:scr:scr:1949:483	ca/scc/1949canlii34
3:reporter:scr:scr:1949:510	ca/scc/1949canlii35
3:reporter:scr:scr:1949:522	ca/scc/1949canlii36
3:reporter:scr:scr:1949:530	ca/scc/1949canlii37
3:reporter:scr:scr:1949:552	ca/scc/1949canlii38
3:reporter:scr:scr:1949:574	ca/scc/1949canlii39
3:reporter:scr:scr:1949:601	ca/scc/1949canlii40
3:reporter:scr:scr:1949:613	ca/scc/1949canlii41
3:reporter:scr:scr:1949:637	ca/scc/1949canlii42
3:reporter:scr:scr:1949:647	ca/scc/1949canlii43
3:reporter:scr:scr:1949:652	ca/scc/1949canlii44
3:reporter:scr:scr:1949:658	ca/scc/1949canlii7
3:reporter:scr:scr:1949:670	ca/scc/1949canlii45
3:reporter:scr:scr:1949:677	ca/scc/1949canlii46
3:reporter:scr:scr:1949:678	ca/scc/1949canlii47
3:reporter:scr:scr:1949:694	ca/scc/1949canlii48
3:reporter:scr:scr:1949:698	ca/scc/1949canlii8
3:reporter:scr:scr:1949:706	ca/scc/1949canlii49
3:reporter:scr:scr:1949:712	ca/scc/1949canlii50
3:reporter:scr:scr:1949:727	ca/scc/1949canlii51
3:reporter:scr:scr:1949:745	ca/scc/1949canlii9
3:reporter:scr:scr:1949:749	ca/scc/1949canlii63
3:reporter:scr:scr:1949:89	ca/scc/1948canlii51
3:reporter:scr:scr:1950:108	ca/scc/1949canlii10
3:reporter:scr:scr:1950:114	ca/scc/1949canlii58
3:reporter:scr:scr:1950:124	ca/scc/1950canlii27
3:reporter:scr:scr:1950:168	ca/scc/1949canlii59
3:reporter:scr:scr:1950:18	ca/scc/1949canlii53
3:reporter:scr:scr:1950:187	ca/scc/1949canlii65
3:reporter:scr:scr:1950:211	ca/scc/1950canlii28
3:reporter:scr:scr:1950:220	ca/scc/1950canlii29
3:reporter:scr:scr:1950:25	ca/scc/1949canlii54
3:reporter:scr:scr:1950:261	ca/scc/1949canlii61
3:reporter:scr:scr:1950:291	ca/scc/1950canlii4
3:reporter:scr:scr:1950:297	ca/scc/1950canlii31
3:reporter:scr:scr:1950:3	ca/scc/1949canlii52
3:reporter:scr:scr:1950:313	ca/scc/1950canlii32
3:reporter:scr:scr:1950:352	ca/scc/1950canlii33
3:reporter:scr:scr:1950:356	ca/scc/1950canlii34
3:reporter:scr:scr:1950:36	ca/scc/1949canlii55
3:reporter:scr:scr:1950:381	ca/scc/1950canlii5
3:reporter:scr:scr:1950:385	ca/scc/1950canlii6
3:reporter:scr:scr:1950:401	ca/scc/1950canlii7
3:reporter:scr:scr:1950:430	ca/scc/1950canlii23
3:reporter:scr:scr:1950:450	ca/scc/1950canlii35
3:reporter:scr:scr:1950:470	ca/scc/1950canlii36
3:reporter:scr:scr:1950:479	ca/scc/1950canlii37
3:reporter:scr:scr:1950:486	ca/scc/1949canlii62
3:reporter:scr:scr:1950:495	ca/scc/1950canlii38
3:reporter:scr:scr:1950:502	ca/scc/1950canlii9
3:reporter:scr:scr:1950:513	ca/scc/1950canlii39
3:reporter:scr:scr:1950:517	ca/scc/1950canlii24
3:reporter:scr:scr:1950:532	ca/scc/1950canlii40
3:reporter:scr:scr:1950:578	ca/scc/1950canlii41
3:reporter:scr:scr:1950:591	ca/scc/1950canlii42
3:reporter:scr:scr:1950:602	ca/scc/1950canlii43
3:reporter:scr:scr:1950:608	ca/scc/1950canlii44
3:reporter:scr:scr:1950:664	ca/scc/1950canlii45
3:reporter:scr:scr:1950:700	ca/scc/1950canlii10
3:reporter:scr:scr:1950:73	ca/scc/1949canlii56
3:reporter:scr:scr:1950:737	ca/scc/1950canlii11
3:reporter:scr:scr:1950:80	ca/scc/1949canlii57
3:reporter:scr:scr:1951:115	ca/scc/1950canlii48
3:reporter:scr:scr:1951:138	ca/scc/1950canlii49
3:reporter:scr:scr:1951:154	ca/scc/1950canlii50
3:reporter:scr:scr:1951:177	ca/scc/1950canlii51
3:reporter:scr:scr:1951:190	ca/scc/1950canlii52
3:reporter:scr:scr:1951:248	ca/scc/1951canlii31
3:reporter:scr:scr:1951:3	ca/scc/1950canlii25
3:reporter:scr:scr:1951:31	ca/scc/1950canlii26
3:reporter:scr:scr:1951:346	ca/scc/1950canlii3
3:reporter:scr:scr:1951:366	ca/scc/1950canlii14
3:reporter:scr:scr:1951:396	ca/scc/1951canlii32
3:reporter:scr:scr:1951:419	ca/scc/1950canlii53
3:reporter:scr:scr:1951:427	ca/scc/1951canlii33
3:reporter:scr:scr:1951:450	ca/scc/1951canlii34
3:reporter:scr:scr:1951:470	ca/scc/1951canlii35
3:reporter:scr:scr:1951:494	ca/scc/1951canlii4
3:reporter:scr:scr:1951:504	ca/scc/1951canlii36
3:reporter:scr:scr:1951:516	ca/scc/1951canlii37
3:reporter:scr:scr:1951:522	ca/scc/1951canlii22
3:reporter:scr:scr:1951:540	ca/scc/1951canlii38
3:reporter:scr:scr:1951:554	ca/scc/1951canlii39
3:reporter:scr:scr:1951:596	ca/scc/1951canlii5
3:reporter:scr:scr:1951:60	ca/scc/1950canlii46
3:reporter:scr:scr:1951:608	ca/scc/1951canlii40
3:reporter:scr:scr:1951:624	ca/scc/1951canlii41
3:reporter:scr:scr:1951:64	ca/scc/1950canlii13
3:reporter:scr:scr:1951:659	ca/scc/1951canlii42
3:reporter:scr:scr:1951:679	ca/scc/1951canlii6
3:reporter:scr:scr:1951:690	ca/scc/1951canlii43
3:reporter:scr:scr:1951:699	ca/scc/1951canlii44
3:reporter:scr:scr:1951:713	ca/scc/1951canlii7
3:reporter:scr:scr:1951:728	ca/scc/1951canlii8
3:reporter:scr:scr:1951:757	ca/scc/1951canlii382
3:reporter:scr:scr:1951:759	ca/scc/1951canlii45
3:reporter:scr:scr:1951:762	ca/scc/1951canlii24
3:reporter:scr:scr:1951:801	ca/scc/1951canlii46
3:reporter:scr:scr:1951:81	ca/scc/1950canlii47
3:reporter:scr:scr:1951:815	ca/scc/1951canlii25
3:reporter:scr:scr:1951:822	ca/scc/1951canlii47
3:reporter:scr:scr:1951:830	ca/scc/1951canlii26
3:reporter:scr:scr:1951:852	ca/scc/1951canlii48
3:reporter:scr:scr:1951:872	ca/scc/1951canlii49
3:reporter:scr:scr:1951:887	ca/scc/1951canlii2
3:reporter:scr:scr:1952:1:122	ca/scc/1951canlii29
3:reporter:scr:scr:1952:1:123	ca/scc/1951canlii59
3:reporter:scr:scr:1952:1:143	ca/scc/1951canlii51
3:reporter:scr:scr:1952:1:167	ca/scc/1951canlii52
3:reporter:scr:scr:1952:1:170	ca/scc/1951canlii11
3:reporter:scr:scr:1952:1:211	ca/scc/1951canlii12
3:reporter:scr:scr:1952:1:222	ca/scc/1951canlii53
3:reporter:scr:scr:1952:1:232	ca/scc/1951canlii27
3:reporter:scr:scr:1952:1:259	ca/scc/1951canlii28
3:reporter:scr:scr:1952:1:260	ca/scc/1951canlii30
3:reporter:scr:scr:1952:1:275	ca/scc/1951canlii61
3:reporter:scr:scr:1952:1:28	ca/scc/1951canlii50
3:reporter:scr:scr:1952:1:292	ca/scc/1951canlii55
3:reporter:scr:scr:1952:1:3	ca/scc/1951canlii9
3:reporter:scr:scr:1952:1:330	ca/scc/1951canlii56
3:reporter:scr:scr:1952:1:343	ca/scc/1952canlii27
3:reporter:scr:scr:1952:1:376	ca/scc/1952canlii1
3:reporter:scr:scr:1952:1:389	ca/scc/1952canlii28
3:reporter:scr:scr:1952:1:424	ca/scc/1951canlii57
3:reporter:scr:scr:1952:1:493	ca/scc/1952canlii29
3:reporter:scr:scr:1952:1:495	ca/scc/1952canlii5
3:reporter:scr:scr:1952:1:508	ca/scc/1952canlii30
3:reporter:scr:scr:1952:1:521	ca/scc/1952canlii31
3:reporter:scr:scr:1952:1:571	ca/scc/1952canlii32
3:reporter:scr:scr:1952:1:96	ca/scc/1951canlii10
3:reporter:scr:scr:1952:2:109	ca/scc/1952canlii2
3:reporter:scr:scr:1952:2:122	ca/scc/1952canlii24
3:reporter:scr:scr:1952:2:154	ca/scc/1952canlii35
3:reporter:scr:scr:1952:2:17	ca/scc/1952canlii33
3:reporter:scr:scr:1952:2:190	ca/scc/1952canlii37
3:reporter:scr:scr:1952:2:223	ca/scc/1952canlii38
3:reporter:scr:scr:1952:2:231	ca/scc/1952canlii39
3:reporter:scr:scr:1952:2:264	ca/scc/1952canlii40
3:reporter:scr:scr:1952:2:274	ca/scc/1952canlii6
3:reporter:scr:scr:1952:2:299	ca/scc/1952canlii41
3:reporter:scr:scr:1952:2:3	ca/scc/1951canlii58
3:reporter:scr:scr:1952:2:312	ca/scc/1952canlii3
3:reporter:scr:scr:1952:2:333	ca/scc/1952canlii42
3:reporter:scr:scr:1952:2:335	ca/scc/1952canlii43
3:reporter:scr:scr:1952:2:344	ca/scc/1952canlii7
3:reporter:scr:scr:1952:2:359	ca/scc/1952canlii44
3:reporter:scr:scr:1952:2:36	ca/scc/1952canlii23
3:reporter:scr:scr:1952:2:377	ca/scc/1952canlii45
3:reporter:scr:scr:1952:2:392	ca/scc/1952canlii26
3:reporter:scr:scr:1952:2:433	ca/scc/1952canlii46
3:reporter:scr:scr:1952:2:444	ca/scc/1952canlii47
3:reporter:scr:scr:1952:2:456	ca/scc/1952canlii53
3:reporter:scr:scr:1952:2:465	ca/scc/1952canlii8
3:reporter:scr:scr:1952:2:479	ca/scc/1952canlii54
3:reporter:scr:scr:1952:2:481	ca/scc/1952canlii55
3:reporter:scr:scr:1952:2:495	ca/scc/1952canlii4
3:reporter:scr:scr:1952:2:506	ca/scc/1952canlii57
3:reporter:scr:scr:1952:2:516	ca/scc/1952canlii58
3:reporter:scr:scr:1952:2:517	ca/scc/1952canlii48
3:reporter:scr:scr:1952:2:76	ca/scc/1952canlii34
3:reporter:scr:scr:1953:1:127	ca/scc/1953canlii54
3:reporter:scr:scr:1953:1:143	ca/scc/1953canlii4
3:reporter:scr:scr:1953:1:147	ca/scc/1953canlii32
3:reporter:scr:scr:1953:1:149	ca/scc/1953canlii56
3:reporter:scr:scr:1953:1:164	ca/scc/1953canlii58
3:reporter:scr:scr:1953:1:19	ca/scc/1952canlii25
3:reporter:scr:scr:1953:1:207	ca/scc/1953canlii60
3:reporter:scr:scr:1953:1:211	ca/scc/1953canlii62
3:reporter:scr:scr:1953:1:220	ca/scc/1953canlii5
3:reporter:scr:scr:1953:1:233	ca/scc/1953canlii64
3:reporter:scr:scr:1953:1:244	ca/scc/1953canlii6
3:reporter:scr:scr:1953:1:252	ca/scc/1953canlii66
3:reporter:scr:scr:1953:1:285	ca/scc/1953canlii247
3:reporter:scr:scr:1953:1:3	ca/scc/1952canlii49
3:reporter:scr:scr:1953:1:31	ca/scc/1953canlii31
3:reporter:scr:scr:1953:1:314	ca/scc/1953canlii7
3:reporter:scr:scr:1953:1:324	ca/scc/1953canlii68
3:reporter:scr:scr:1953:1:345	ca/scc/1953canlii70
3:reporter:scr:scr:1953:1:373	ca/scc/1953canlii33
3:reporter:scr:scr:1953:1:399	ca/scc/1953canlii71
3:reporter:scr:scr:1953:1:411	ca/scc/1953canlii73
3:reporter:scr:scr:1953:1:417	ca/scc/1953canlii74
3:reporter:scr:scr:1953:1:44	ca/scc/1952canlii50
3:reporter:scr:scr:1953:1:442	ca/scc/1953canlii75
3:reporter:scr:scr:1953:1:459	ca/scc/1953canlii76
3:reporter:scr:scr:1953:1:480	ca/scc/1953canlii77
3:reporter:scr:scr:1953:1:49	ca/scc/1952canlii10
3:reporter:scr:scr:1953:1:503	ca/scc/1953canlii78
3:reporter:scr:scr:1953:1:505	ca/scc/1953canlii40
3:reporter:scr:scr:1953:1:516	ca/scc/1953canlii34
3:reporter:scr:scr:1953:1:59	ca/scc/1952canlii11
3:reporter:scr:scr:1953:1:66	ca/scc/1952canlii51
3:reporter:scr:scr:1953:1:8	ca/scc/1952canlii9
3:reporter:scr:scr:1953:1:82	ca/scc/1952canlii52
3:reporter:scr:scr:1953:1:91	ca/scc/1952canlii12
3:reporter:scr:scr:1953:1:94	ca/scc/1952canlii13
3:reporter:scr:scr:1953:2:1	ca/scc/1953canlii8
3:reporter:scr:scr:1953:2:10	ca/scc/1953canlii9
3:reporter:scr:scr:1953:2:107	ca/scc/1953canlii81
3:reporter:scr:scr:1953:2:111	ca/scc/1953canlii82
3:reporter:scr:scr:1953:2:117	ca/scc/1953canlii36
3:reporter:scr:scr:1953:2:127	ca/scc/1953canlii43
3:reporter:scr:scr:1953:2:136	ca/scc/1953canlii44
3:reporter:scr:scr:1953:2:140	ca/scc/1953canlii45
3:reporter:scr:scr:1953:2:170	ca/scc/1953canlii37
3:reporter:scr:scr:1953:2:177	ca/scc/1953canlii46
3:reporter:scr:scr:1953:2:18	ca/scc/1953canlii10
3:reporter:scr:scr:1953:2:182	ca/scc/1953canlii47
3:reporter:scr:scr:1953:2:198	ca/scc/1953canlii48
3:reporter:scr:scr:1953:2:204	ca/scc/1953canlii38
3:reporter:scr:scr:1953:2:216	ca/scc/1953canlii39
3:reporter:scr:scr:1953:2:257	ca/scc/1953canlii49
3:reporter:scr:scr:1953:2:273	ca/scc/1953canlii50
3:reporter:scr:scr:1953:2:292	ca/scc/1953canlii51
3:reporter:scr:scr:1953:2:299	ca/scc/1953canlii3
3:reporter:scr:scr:1953:2:389	ca/scc/1953canlii52
3:reporter:scr:scr:1953:2:404	ca/scc/1953canlii53
3:reporter:scr:scr:1953:2:407	ca/scc/1953canlii55
3:reporter:scr:scr:1953:2:41	ca/scc/1953canlii11
3:reporter:scr:scr:1953:2:423	ca/scc/1953canlii57
3:reporter:scr:scr:1953:2:438	ca/scc/1953canlii407
3:reporter:scr:scr:1953:2:456	ca/scc/1953canlii59
3:reporter:scr:scr:1953:2:46	ca/scc/1953canlii35
3:reporter:scr:scr:1953:2:469	ca/scc/1953canlii61
3:reporter:scr:scr:1953:2:496	ca/scc/1953canlii63
3:reporter:scr:scr:1953:2:58	ca/scc/1953canlii79
3:reporter:scr:scr:1953:2:77	ca/scc/1953canlii80
3:reporter:scr:scr:1953:2:95	ca/scc/1953canlii234
3:reporter:scr:scr:1954:10	ca/scc/1953canlii41
3:reporter:scr:scr:1954:111	ca/scc/1954canlii66
3:reporter:scr:scr:1954:117	ca/scc/1954canlii67
3:reporter:scr:scr:1954:127	ca/scc/1954canlii68
3:reporter:scr:scr:1954:15	ca/scc/1953canlii65
3:reporter:scr:scr:1954:169	ca/scc/1954canlii9
3:reporter:scr:scr:1954:182	ca/scc/1954canlii69
3:reporter:scr:scr:1954:199	ca/scc/1954canlii70
3:reporter:scr:scr:1954:207	ca/scc/1953canlii42
3:reporter:scr:scr:1954:223	ca/scc/1954canlii71
3:reporter:scr:scr:1954:240	ca/scc/1954canlii37
3:reporter:scr:scr:1954:275	ca/scc/1954canlii72
3:reporter:scr:scr:1954:279	ca/scc/1954canlii73
3:reporter:scr:scr:1954:28	ca/scc/1954canlii5
3:reporter:scr:scr:1954:280	ca/scc/1954canlii38
3:reporter:scr:scr:1954:3	ca/scc/1953canlii12
3:reporter:scr:scr:1954:303	ca/scc/1954canlii75
3:reporter:scr:scr:1954:307	ca/scc/1954canlii39
3:reporter:scr:scr:1954:321	ca/scc/1954canlii74
3:reporter:scr:scr:1954:34	ca/scc/1953canlii67
3:reporter:scr:scr:1954:361	ca/scc/1954canlii10
3:reporter:scr:scr:1954:376	ca/scc/1954canlii52
3:reporter:scr:scr:1954:384	ca/scc/1954canlii53
3:reporter:scr:scr:1954:395	ca/scc/1954canlii54
3:reporter:scr:scr:1954:404	ca/scc/1954canlii11
3:reporter:scr:scr:1954:410	ca/scc/1954canlii55
3:reporter:scr:scr:1954:414	ca/scc/1954canlii56
3:reporter:scr:scr:1954:422	ca/scc/1954canlii57
3:reporter:scr:scr:1954:427	ca/scc/1954canlii58
3:reporter:scr:scr:1954:479	ca/scc/1954canlii40
3:reporter:scr:scr:1954:498	ca/scc/1954canlii12
3:reporter:scr:scr:1954:513	ca/scc/1954canlii59
3:reporter:scr:scr:1954:52	ca/scc/1953canlii69
3:reporter:scr:scr:1954:538	ca/scc/1954canlii60
3:reporter:scr:scr:1954:55	ca/scc/1954canlii64
3:reporter:scr:scr:1954:569	ca/scc/1954canlii13
3:reporter:scr:scr:1954:576	ca/scc/1954canlii14
3:reporter:scr:scr:1954:589	ca/scc/1954canlii61
3:reporter:scr:scr:1954:606	ca/scc/1954canlii77
3:reporter:scr:scr:1954:61	ca/scc/1954canlii6
3:reporter:scr:scr:1954:624	ca/scc/1954canlii62
3:reporter:scr:scr:1954:645	ca/scc/1954canlii63
3:reporter:scr:scr:1954:651	ca/scc/1954canlii15
3:reporter:scr:scr:1954:663	ca/scc/1954canlii51
3:reporter:scr:scr:1954:666	ca/scc/1954canlii42
3:reporter:scr:scr:1954:695	ca/scc/1954canlii50
3:reporter:scr:scr:1954:707	ca/scc/1954canlii16
3:reporter:scr:scr:1954:725	ca/scc/1954canlii2
3:reporter:scr:scr:1954:737	ca/scc/1954canlii44
3:reporter:scr:scr:1954:756	ca/scc/1954canlii17
3:reporter:scr:scr:1954:785	ca/scc/1954canlii18
3:reporter:scr:scr:1954:82	ca/scc/1953canlii72
3:reporter:scr:scr:1954:88	ca/scc/1954canlii7
3:reporter:scr:scr:1954:90	ca/scc/1954canlii8
3:reporter:scr:scr:1954:98	ca/scc/1954canlii65
3:reporter:scr:scr:1955:107	ca/scc/1955canlii3
3:reporter:scr:scr:1955:116	ca/scc/1954canlii47
3:reporter:scr:scr:1955:120	ca/scc/1954canlii48
3:reporter:scr:scr:1955:151	ca/scc/1955canlii4
3:reporter:scr:scr:1955:16	ca/scc/1954canlii3
3:reporter:scr:scr:1955:161	ca/scc/1955canlii66
3:reporter:scr:scr:1955:177	ca/scc/1955canlii68
3:reporter:scr:scr:1955:181	ca/scc/1954canlii49
3:reporter:scr:scr:1955:183	ca/scc/1955canlii71
3:reporter:scr:scr:1955:184	ca/scc/1955canlii36
3:reporter:scr:scr:1955:207	ca/scc/1955canlii73
3:reporter:scr:scr:1955:222	ca/scc/1955canlii37
3:reporter:scr:scr:1955:235	ca/scc/1955canlii75
3:reporter:scr:scr:1955:251	ca/scc/1955canlii5
3:reporter:scr:scr:1955:263	ca/scc/1955canlii77
3:reporter:scr:scr:1955:282	ca/scc/1955canlii79
3:reporter:scr:scr:1955:284	ca/scc/1955canlii6
3:reporter:scr:scr:1955:292	ca/scc/1955canlii81
3:reporter:scr:scr:1955:294	ca/scc/1955canlii83
3:reporter:scr:scr:1955:298	ca/scc/1955canlii85
3:reporter:scr:scr:1955:3	ca/scc/1954canlii4
3:reporter:scr:scr:1955:309	ca/scc/1955canlii38
3:reporter:scr:scr:1955:324	ca/scc/1955canlii49
3:reporter:scr:scr:1955:33	ca/scc/1955canlii2
3:reporter:scr:scr:1955:344	ca/scc/1955canlii7
3:reporter:scr:scr:1955:352	ca/scc/1955canlii87
3:reporter:scr:scr:1955:377	ca/scc/1955canlii89
3:reporter:scr:scr:1955:395	ca/scc/1955canlii8
3:reporter:scr:scr:1955:398	ca/scc/1955canlii90
3:reporter:scr:scr:1955:414	ca/scc/1955canlii91
3:reporter:scr:scr:1955:419	ca/scc/1955canlii92
3:reporter:scr:scr:1955:43	ca/scc/1954canlii45
3:reporter:scr:scr:1955:430	ca/scc/1955canlii9
3:reporter:scr:scr:1955:438	ca/scc/1955canlii10
3:reporter:scr:scr:1955:448	ca/scc/1955canlii50
3:reporter:scr:scr:1955:454	ca/scc/1955canlii11
3:reporter:scr:scr:1955:498	ca/scc/1955canlii51
3:reporter:scr:scr:1955:508	ca/scc/1955canlii12
3:reporter:scr:scr:1955:524	ca/scc/1955canlii53
3:reporter:scr:scr:1955:529	ca/scc/1955canlii1
3:reporter:scr:scr:1955:593	ca/scc/1955canlii54
3:reporter:scr:scr:1955:604	ca/scc/1955canlii13
3:reporter:scr:scr:1955:615	ca/scc/1955canlii39
3:reporter:scr:scr:1955:627	ca/scc/1955canlii55
3:reporter:scr:scr:1955:637	ca/scc/1955canlii56
3:reporter:scr:scr:1955:646	ca/scc/1955canlii57
3:reporter:scr:scr:1955:658	ca/scc/1955canlii58
3:reporter:scr:scr:1955:669	ca/scc/1955canlii14
3:reporter:scr:scr:1955:676	ca/scc/1955canlii59
3:reporter:scr:scr:1955:679	ca/scc/1955canlii60
3:reporter:scr:scr:1955:682	ca/scc/1955canlii61
3:reporter:scr:scr:1955:694	ca/scc/1955canlii40
3:reporter:scr:scr:1955:706	ca/scc/1955canlii62
3:reporter:scr:scr:1955:712	ca/scc/1955canlii41
3:reporter:scr:scr:1955:727	ca/scc/1955canlii42
3:reporter:scr:scr:1955:733	ca/scc/1955canlii63
3:reporter:scr:scr:1955:738	ca/scc/1955canlii64
3:reporter:scr:scr:1955:745	ca/scc/1955canlii65
3:reporter:scr:scr:1955:757	ca/scc/1955canlii43
3:reporter:scr:scr:1955:76	ca/scc/1954canlii20
3:reporter:scr:scr:1955:777	ca/scc/1955canlii44
3:reporter:scr:scr:1955:799	ca/scc/1955canlii69
3:reporter:scr:scr:1955:8	ca/scc/1954canlii19
3:reporter:scr:scr:1955:82	ca/scc/1954canlii46
3:reporter:scr:scr:1955:824	ca/scc/1955canlii70
3:reporter:scr:scr:1955:827	ca/scc/1955canlii93
3:reporter:scr:scr:1955:829	ca/scc/1955canlii72
3:reporter:scr:scr:1955:834	ca/scc/1955canlii74
3:reporter:scr:scr:1955:868	ca/scc/1955canlii45
3:reporter:scr:scr:1955:93	ca/scc/1954canlii21
3:reporter:scr:scr:1956:101	ca/scc/1955canlii46
3:reporter:scr:scr:1956:124	ca/scc/1955canlii47
3:reporter:scr:scr:1956:137	ca/scc/1955canlii16
3:reporter:scr:scr:1956:154	ca/scc/1955canlii48
3:reporter:scr:scr:1956:170	ca/scc/1955canlii17
3:reporter:scr:scr:1956:186	ca/scc/1955canlii88
3:reporter:scr:scr:1956:191	ca/scc/1956canlii94
3:reporter:scr:scr:1956:252	ca/scc/1956canlii96
3:reporter:scr:scr:1956:256	ca/scc/1956canlii102
3:reporter:scr:scr:1956:258	ca/scc/1956canlii98
3:reporter:scr:scr:1956:264	ca/scc/1956canlii450
3:reporter:scr:scr:1956:273	ca/scc/1956canlii100
3:reporter:scr:scr:1956:286	ca/scc/1956canlii3
3:reporter:scr:scr:1956:3	ca/scc/1955canlii76
3:reporter:scr:scr:1956:303	ca/scc/1956canlii4
3:reporter:scr:scr:1956:31	ca/scc/1955canlii78
3:reporter:scr:scr:1956:314	ca/scc/1956canlii66
3:reporter:scr:scr:1956:318	ca/scc/1956canlii5
3:reporter:scr:scr:1956:322	ca/scc/1956canlii451
3:reporter:scr:scr:1956:336	ca/scc/1956canlii55
3:reporter:scr:scr:1956:347	ca/scc/1956canlii67
3:reporter:scr:scr:1956:363	ca/scc/1956canlii6
3:reporter:scr:scr:1956:366	ca/scc/1956canlii7
3:reporter:scr:scr:1956:383	ca/scc/1956canlii8
3:reporter:scr:scr:1956:400	ca/scc/1956canlii68
3:reporter:scr:scr:1956:403	ca/scc/1956canlii9
3:reporter:scr:scr:1956:408	ca/scc/1956canlii69
3:reporter:scr:scr:1956:425	ca/scc/1956canlii10
3:reporter:scr:scr:1956:433	ca/scc/1956canlii70
3:reporter:scr:scr:1956:446	ca/scc/1956canlii71
3:reporter:scr:scr:1956:450	ca/scc/1956canlii11
3:reporter:scr:scr:1956:462	ca/scc/1956canlii72
3:reporter:scr:scr:1956:470	ca/scc/1956canlii73
3:reporter:scr:scr:1956:473	ca/scc/1956canlii56
3:reporter:scr:scr:1956:477	ca/scc/1956canlii57
3:reporter:scr:scr:1956:489	ca/scc/1956canlii58
3:reporter:scr:scr:1956:49	ca/scc/1955canlii80
3:reporter:scr:scr:1956:511	ca/scc/1956canlii74
3:reporter:scr:scr:1956:512	ca/scc/1956canlii12
3:reporter:scr:scr:1956:522	ca/scc/1956canlii75
3:reporter:scr:scr:1956:528	ca/scc/1956canlii13
3:reporter:scr:scr:1956:534	ca/scc/1956canlii76
3:reporter:scr:scr:1956:539	ca/scc/1956canlii14
3:reporter:scr:scr:1956:553	ca/scc/1956canlii77
3:reporter:scr:scr:1956:555	ca/scc/1956canlii59
3:reporter:scr:scr:1956:577	ca/scc/1956canlii78
3:reporter:scr:scr:1956:610	ca/scc/1956canlii2
3:reporter:scr:scr:1956:618	ca/scc/1956canlii79
3:reporter:scr:scr:1956:632	ca/scc/1956canlii80
3:reporter:scr:scr:1956:635	ca/scc/1956canlii81
3:reporter:scr:scr:1956:64	ca/scc/1955canlii15
3:reporter:scr:scr:1956:640	ca/scc/1956canlii60
3:reporter:scr:scr:1956:658	ca/scc/1956canlii15
3:reporter:scr:scr:1956:674	ca/scc/1956canlii16
3:reporter:scr:scr:1956:683	ca/scc/1956canlii82
3:reporter:scr:scr:1956:688	ca/scc/1956canlii83
3:reporter:scr:scr:1956:694	ca/scc/1956canlii84
3:reporter:scr:scr:1956:702	ca/scc/1956canlii85
3:reporter:scr:scr:1956:709	ca/scc/1956canlii17
3:reporter:scr:scr:1956:717	ca/scc/1956canlii86
3:reporter:scr:scr:1956:723	ca/scc/1956canlii87
3:reporter:scr:scr:1956:761	ca/scc/1956canlii18
3:reporter:scr:scr:1956:763	ca/scc/1956canlii88
3:reporter:scr:scr:1956:780	ca/scc/1956canlii20
3:reporter:scr:scr:1956:787	ca/scc/1956canlii103
3:reporter:scr:scr:1956:795	ca/scc/1956canlii21
3:reporter:scr:scr:1956:798	ca/scc/1956canlii89
3:reporter:scr:scr:1956:804	ca/scc/1956canlii61
3:reporter:scr:scr:1956:819	ca/scc/1956canlii62
3:reporter:scr:scr:1956:82	ca/scc/1955canlii82
3:reporter:scr:scr:1956:842	ca/scc/1956canlii63
3:reporter:scr:scr:1956:858	ca/scc/1956canlii22
3:reporter:scr:scr:1956:871	ca/scc/1956canlii23
3:reporter:scr:scr:1956:877	ca/scc/1956canlii24
3:reporter:scr:scr:1956:880	ca/scc/1956canlii64
3:reporter:scr:scr:1956:889	ca/scc/1956canlii25
3:reporter:scr:scr:1956:89	ca/scc/1955canlii84
3:reporter:scr:scr:1956:906	ca/scc/1956canlii26
3:reporter:scr:scr:1956:914	ca/scc/1956canlii90
3:reporter:scr:scr:1956:936	ca/scc/1956canlii27
3:reporter:scr:scr:1956:95	ca/scc/1955canlii86
3:reporter:scr:scr:1956:954	ca/scc/1956canlii91
3:reporter:scr:scr:1956:958	ca/scc/1956canlii28
3:reporter:scr:scr:1956:991	ca/scc/1956canlii29
3:reporter:scr:scr:1957:12	ca/scc/1956canlii92
3:reporter:scr:scr:1957:121	ca/scc/1956canlii65
3:reporter:scr:scr:1957:128	ca/scc/1957canlii51
3:reporter:scr:scr:1957:142	ca/scc/1957canlii91
3:reporter:scr:scr:1957:15	ca/scc/1956canlii93
3:reporter:scr:scr:1957:151	ca/scc/1957canlii44
3:reporter:scr:scr:1957:160	ca/scc/1957canlii52
3:reporter:scr:scr:1957:185	ca/scc/1957canlii5
3:reporter:scr:scr:1957:198	ca/scc/1957canlii1
3:reporter:scr:scr:1957:20	ca/scc/1956canlii31
3:reporter:scr:scr:1957:266	ca/scc/1957canlii45
3:reporter:scr:scr:1957:28	ca/scc/1956canlii95
3:reporter:scr:scr:1957:285	ca/scc/1957canlii2
3:reporter:scr:scr:1957:3	ca/scc/1956canlii30
3:reporter:scr:scr:1957:329	ca/scc/1957canlii46
3:reporter:scr:scr:1957:336	ca/scc/1957canlii6
3:reporter:scr:scr:1957:341	ca/scc/1957canlii7
3:reporter:scr:scr:1957:342	ca/scc/1957canlii8
3:reporter:scr:scr:1957:343	ca/scc/1957canlii9
3:reporter:scr:scr:1957:351	ca/scc/1957canlii10
3:reporter:scr:scr:1957:358	ca/scc/1957canlii54
3:reporter:scr:scr:1957:365	ca/scc/1957canlii55
3:reporter:scr:scr:1957:387	ca/scc/1957canlii56
3:reporter:scr:scr:1957:400	ca/scc/1957canlii453
3:reporter:scr:scr:1957:403	ca/scc/1957canlii11
3:reporter:scr:scr:1957:428	ca/scc/1957canlii12
3:reporter:scr:scr:1957:436	ca/scc/1957canlii57
3:reporter:scr:scr:1957:44	ca/scc/1956canlii97
3:reporter:scr:scr:1957:457	ca/scc/1957canlii58
3:reporter:scr:scr:1957:463	ca/scc/1957canlii59
3:reporter:scr:scr:1957:476	ca/scc/1957canlii60
3:reporter:scr:scr:1957:512	ca/scc/1957canlii61
3:reporter:scr:scr:1957:516	ca/scc/1957canlii13
3:reporter:scr:scr:1957:555	ca/scc/1957canlii47
3:reporter:scr:scr:1957:569	ca/scc/1957canlii15
3:reporter:scr:scr:1957:581	ca/scc/1957canlii16
3:reporter:scr:scr:1957:590	ca/scc/1957canlii62
3:reporter:scr:scr:1957:599	ca/scc/1957canlii17
3:reporter:scr:scr:1957:606	ca/scc/1957canlii92
3:reporter:scr:scr:1957:617	ca/scc/1957canlii63
3:reporter:scr:scr:1957:621	ca/scc/1957canlii64
3:reporter:scr:scr:1957:624	ca/scc/1957canlii48
3:reporter:scr:scr:1957:635	ca/scc/1957canlii65
3:reporter:scr:scr:1957:639	ca/scc/1957canlii66
3:reporter:scr:scr:1957:643	ca/scc/1957canlii67
3:reporter:scr:scr:1957:650	ca/scc/1957canlii68
3:reporter:scr:scr:1957:656	ca/scc/1957canlii19
3:reporter:scr:scr:1957:658	ca/scc/1957canlii69
3:reporter:scr:scr:1957:685	ca/scc/1957canlii70
3:reporter:scr:scr:1957:703	ca/scc/1957canlii71
3:reporter:scr:scr:1957:717	ca/scc/1957canlii3
3:reporter:scr:scr:1957:738	ca/scc/1957canlii49
3:reporter:scr:scr:1957:755	ca/scc/1957canlii20
3:reporter:scr:scr:1957:768	ca/scc/1957canlii50
3:reporter:scr:scr:1957:79	ca/scc/1956canlii99
3:reporter:scr:scr:1957:794	ca/scc/1957canlii72
3:reporter:scr:scr:1957:801	ca/scc/1957canlii73
3:reporter:scr:scr:1957:810	ca/scc/1957canlii74
3:reporter:scr:scr:1957:816	ca/scc/1957canlii75
3:reporter:scr:scr:1957:823	ca/scc/1957canlii76
3:reporter:scr:scr:1957:832	ca/scc/1957canlii77
3:reporter:scr:scr:1957:843	ca/scc/1957canlii78
3:reporter:scr:scr:1957:858	ca/scc/1957canlii79
3:reporter:scr:scr:1957:92	ca/scc/1956canlii101
3:reporter:scr:scr:1958:108	ca/scc/1957canlii86
3:reporter:scr:scr:1958:113	ca/scc/1958canlii29
3:reporter:scr:scr:1958:119	ca/scc/1958canlii30
3:reporter:scr:scr:1958:121	ca/scc/1958canlii31
3:reporter:scr:scr:1958:133	ca/scc/1958canlii32
3:reporter:scr:scr:1958:156	ca/scc/1958canlii2
3:reporter:scr:scr:1958:161	ca/scc/1958canlii3
3:reporter:scr:scr:1958:167	ca/scc/1958canlii34
3:reporter:scr:scr:1958:177	ca/scc/1958canlii35
3:reporter:scr:scr:1958:196	ca/scc/1958canlii4
3:reporter:scr:scr:1958:20	ca/scc/1957canlii80
3:reporter:scr:scr:1958:202	ca/scc/1958canlii80
3:reporter:scr:scr:1958:216	ca/scc/1958canlii36
3:reporter:scr:scr:1958:237	ca/scc/1958canlii37
3:reporter:scr:scr:1958:240	ca/scc/1958canlii5
3:reporter:scr:scr:1958:249	ca/scc/1958canlii6
3:reporter:scr:scr:1958:257	ca/scc/1958canlii38
3:reporter:scr:scr:1958:261	ca/scc/1958canlii39
3:reporter:scr:scr:1958:263	ca/scc/1958canlii40
3:reporter:scr:scr:1958:285	ca/scc/1958canlii41
3:reporter:scr:scr:1958:3	ca/scc/1957canlii21
3:reporter:scr:scr:1958:314	ca/scc/1958canlii42
3:reporter:scr:scr:1958:342	ca/scc/1958canlii43
3:reporter:scr:scr:1958:344	ca/scc/1958canlii44
3:reporter:scr:scr:1958:353	ca/scc/1958canlii82
3:reporter:scr:scr:1958:361	ca/scc/1958canlii46
3:reporter:scr:scr:1958:377	ca/scc/1958canlii47
3:reporter:scr:scr:1958:387	ca/scc/1958canlii48
3:reporter:scr:scr:1958:392	ca/scc/1958canlii49
3:reporter:scr:scr:1958:399	ca/scc/1958canlii50
3:reporter:scr:scr:1958:416	ca/scc/1958canlii51
3:reporter:scr:scr:1958:425	ca/scc/1958canlii52
3:reporter:scr:scr:1958:441	ca/scc/1958canlii24
3:reporter:scr:scr:1958:46	ca/scc/1957canlii87
3:reporter:scr:scr:1958:473	ca/scc/1958canlii25
3:reporter:scr:scr:1958:483	ca/scc/1958canlii7
3:reporter:scr:scr:1958:490	ca/scc/1958canlii53
3:reporter:scr:scr:1958:499	ca/scc/1958canlii54
3:reporter:scr:scr:1958:513	ca/scc/1958canlii26
3:reporter:scr:scr:1958:519	ca/scc/1958canlii55
3:reporter:scr:scr:1958:52	ca/scc/1957canlii22
3:reporter:scr:scr:1958:535	ca/scc/1958canlii83
3:reporter:scr:scr:1958:546	ca/scc/1958canlii56
3:reporter:scr:scr:1958:56	ca/scc/1957canlii23
3:reporter:scr:scr:1958:566	ca/scc/1958canlii27
3:reporter:scr:scr:1958:577	ca/scc/1958canlii57
3:reporter:scr:scr:1958:585	ca/scc/1958canlii58
3:reporter:scr:scr:1958:590	ca/scc/1958canlii81
3:reporter:scr:scr:1958:597	ca/scc/1958canlii59
3:reporter:scr:scr:1958:603	ca/scc/1958canlii60
3:reporter:scr:scr:1958:608	ca/scc/1958canlii61
3:reporter:scr:scr:1958:61	ca/scc/1957canlii88
3:reporter:scr:scr:1958:626	ca/scc/1958canlii1
3:reporter:scr:scr:1958:645	ca/scc/1958canlii62
3:reporter:scr:scr:1958:65	ca/scc/1957canlii81
3:reporter:scr:scr:1958:652	ca/scc/1958canlii63
3:reporter:scr:scr:1958:665	ca/scc/1958canlii64
3:reporter:scr:scr:1958:672	ca/scc/1958canlii28
3:reporter:scr:scr:1958:692	ca/scc/1958canlii65
3:reporter:scr:scr:1958:698	ca/scc/1958canlii66
3:reporter:scr:scr:1958:703	ca/scc/1958canlii67
3:reporter:scr:scr:1958:708	ca/scc/1958canlii68
3:reporter:scr:scr:1958:719	ca/scc/1958canlii69
3:reporter:scr:scr:1958:733	ca/scc/1958canlii9
3:reporter:scr:scr:1958:737	ca/scc/1958canlii10
3:reporter:scr:scr:1958:744	ca/scc/1958canlii70
3:reporter:scr:scr:1958:75	ca/scc/1957canlii82
3:reporter:scr:scr:1958:82	ca/scc/1957canlii83
3:reporter:scr:scr:1958:92	ca/scc/1957canlii84
3:reporter:scr:scr:1958:99	ca/scc/1957canlii85
3:reporter:scr:scr:1959:10	ca/scc/1958canlii12
3:reporter:scr:scr:1959:102	ca/scc/1958canlii79
3:reporter:scr:scr:1959:121	ca/scc/1959canlii50
3:reporter:scr:scr:1959:16	ca/scc/1958canlii13
3:reporter:scr:scr:1959:188	ca/scc/1959canlii2
3:reporter:scr:scr:1959:206	ca/scc/1959canlii51
3:reporter:scr:scr:1959:21	ca/scc/1958canlii72
3:reporter:scr:scr:1959:219	ca/scc/1959canlii52
3:reporter:scr:scr:1959:229	ca/scc/1959canlii53
3:reporter:scr:scr:1959:239	ca/scc/1959canlii54
3:reporter:scr:scr:1959:24	ca/scc/1958canlii73
3:reporter:scr:scr:1959:245	ca/scc/1959canlii55
3:reporter:scr:scr:1959:248	ca/scc/1959canlii3
3:reporter:scr:scr:1959:253	ca/scc/1959canlii56
3:reporter:scr:scr:1959:262	ca/scc/1959canlii57
3:reporter:scr:scr:1959:271	ca/scc/1959canlii41
3:reporter:scr:scr:1959:3	ca/scc/1958canlii11
3:reporter:scr:scr:1959:311	ca/scc/1959canlii58
3:reporter:scr:scr:1959:321	ca/scc/1959canlii59
3:reporter:scr:scr:1959:369	ca/scc/1959canlii60
3:reporter:scr:scr:1959:372	ca/scc/1959canlii61
3:reporter:scr:scr:1959:378	ca/scc/1959canlii62
3:reporter:scr:scr:1959:38	ca/scc/1958canlii74
3:reporter:scr:scr:1959:384	ca/scc/1959canlii4
3:reporter:scr:scr:1959:397	ca/scc/1959canlii63
3:reporter:scr:scr:1959:401	ca/scc/1959canlii64
3:reporter:scr:scr:1959:404	ca/scc/1959canlii5
3:reporter:scr:scr:1959:418	ca/scc/1959canlii6
3:reporter:scr:scr:1959:428	ca/scc/1959canlii65
3:reporter:scr:scr:1959:43	ca/scc/1958canlii75
3:reporter:scr:scr:1959:434	ca/scc/1959canlii66
3:reporter:scr:scr:1959:441	ca/scc/1959canlii67
3:reporter:scr:scr:1959:444	ca/scc/1959canlii7
3:reporter:scr:scr:1959:453	ca/scc/1959canlii68
3:reporter:scr:scr:1959:459	ca/scc/1959canlii69
3:reporter:scr:scr:1959:465	ca/scc/1959canlii8
3:reporter:scr:scr:1959:47	ca/scc/1958canlii76
3:reporter:scr:scr:1959:478	ca/scc/1959canlii9
3:reporter:scr:scr:1959:488	ca/scc/1959canlii78
3:reporter:scr:scr:1959:497	ca/scc/1959canlii42
3:reporter:scr:scr:1959:513	ca/scc/1959canlii10
3:reporter:scr:scr:1959:53	ca/scc/1958canlii77
3:reporter:scr:scr:1959:539	ca/scc/1959canlii11
3:reporter:scr:scr:1959:548	ca/scc/1959canlii77
3:reporter:scr:scr:1959:556	ca/scc/1959canlii70
3:reporter:scr:scr:1959:568	ca/scc/1959canlii72
3:reporter:scr:scr:1959:578	ca/scc/1959canlii12
3:reporter:scr:scr:1959:58	ca/scc/1958canlii78
3:reporter:scr:scr:1959:585	ca/scc/1959canlii13
3:reporter:scr:scr:1959:592	ca/scc/1959canlii73
3:reporter:scr:scr:1959:602	ca/scc/1959canlii74
3:reporter:scr:scr:1959:609	ca/scc/1959canlii75
3:reporter:scr:scr:1959:615	ca/scc/1959canlii14
3:reporter:scr:scr:1959:652	ca/scc/1959canlii15
3:reporter:scr:scr:1959:655	ca/scc/1959canlii16
3:reporter:scr:scr:1959:661	ca/scc/1959canlii79
3:reporter:scr:scr:1959:668	ca/scc/1959canlii80
3:reporter:scr:scr:1959:672	ca/scc/1959canlii84
3:reporter:scr:scr:1959:678	ca/scc/1959canlii43
3:reporter:scr:scr:1959:690	ca/scc/1959canlii85
3:reporter:scr:scr:1959:7	ca/scc/1958canlii71
3:reporter:scr:scr:1959:702	ca/scc/1959canlii87
3:reporter:scr:scr:1959:713	ca/scc/1959canlii88
3:reporter:scr:scr:1959:729	ca/scc/1959canlii89
3:reporter:scr:scr:1959:736	ca/scc/1959canlii44
3:reporter:scr:scr:1959:751	ca/scc/1959canlii17
3:reporter:scr:scr:1959:753	ca/scc/1959canlii18
3:reporter:scr:scr:1959:763	ca/scc/1959canlii90
3:reporter:scr:scr:1959:775	ca/scc/1959canlii19
3:reporter:scr:scr:1959:785	ca/scc/1959canlii91
3:reporter:scr:scr:1959:793	ca/scc/1959canlii92
3:reporter:scr:scr:1959:797	ca/scc/1959canlii93
3:reporter:scr:scr:1959:801	ca/scc/1959canlii94
3:reporter:scr:scr:1959:832	ca/scc/1959canlii95
3:reporter:scr:scr:1959:838	ca/scc/1959canlii96
3:reporter:scr:scr:1959:843	ca/scc/1959canlii97
3:reporter:scr:scr:1959:850	ca/scc/1959canlii98
3:reporter:scr:scr:1960:10	ca/scc/1959canlii100
3:reporter:scr:scr:1960:104	ca/scc/1959canlii23
3:reporter:scr:scr:1960:110	ca/scc/1959canlii83
3:reporter:scr:scr:1960:116	ca/scc/1959canlii45
3:reporter:scr:scr:1960:119	ca/scc/1959canlii46
3:reporter:scr:scr:1960:126	ca/scc/1959canlii47
3:reporter:scr:scr:1960:174	ca/scc/1959canlii24
3:reporter:scr:scr:1960:186	ca/scc/1959canlii25
3:reporter:scr:scr:1960:203	ca/scc/1960canlii2
3:reporter:scr:scr:1960:210	ca/scc/1959canlii48
3:reporter:scr:scr:1960:227	ca/scc/1959canlii49
3:reporter:scr:scr:1960:235	ca/scc/1960canlii3
3:reporter:scr:scr:1960:24	ca/scc/1959canlii101
3:reporter:scr:scr:1960:242	ca/scc/1960canlii52
3:reporter:scr:scr:1960:251	ca/scc/1960canlii4
3:reporter:scr:scr:1960:265	ca/scc/1960canlii33
3:reporter:scr:scr:1960:286	ca/scc/1960canlii34
3:reporter:scr:scr:1960:294	ca/scc/1960canlii35
3:reporter:scr:scr:1960:3	ca/scc/1959canlii99
3:reporter:scr:scr:1960:302	ca/scc/1960canlii5
3:reporter:scr:scr:1960:307	ca/scc/1960canlii6
3:reporter:scr:scr:1960:315	ca/scc/1960canlii55
3:reporter:scr:scr:1960:32	ca/scc/1959canlii20
3:reporter:scr:scr:1960:346	ca/scc/1960canlii36
3:reporter:scr:scr:1960:361	ca/scc/1960canlii37
3:reporter:scr:scr:1960:385	ca/scc/1960canlii57
3:reporter:scr:scr:1960:391	ca/scc/1960canlii58
3:reporter:scr:scr:1960:400	ca/scc/1960canlii7
3:reporter:scr:scr:1960:408	ca/scc/1960canlii8
3:reporter:scr:scr:1960:414	ca/scc/1960canlii61
3:reporter:scr:scr:1960:424	ca/scc/1960canlii64
3:reporter:scr:scr:1960:442	ca/scc/1960canlii66
3:reporter:scr:scr:1960:452	ca/scc/1960canlii94
3:reporter:scr:scr:1960:477	ca/scc/1960canlii50
3:reporter:scr:scr:1960:49	ca/scc/1959canlii21
3:reporter:scr:scr:1960:505	ca/scc/1960canlii51
3:reporter:scr:scr:1960:527	ca/scc/1960canlii53
3:reporter:scr:scr:1960:53	ca/scc/1959canlii102
3:reporter:scr:scr:1960:539	ca/scc/1960canlii38
3:reporter:scr:scr:1960:556	ca/scc/1960canlii92
3:reporter:scr:scr:1960:561	ca/scc/1960canlii39
3:reporter:scr:scr:1960:571	ca/scc/1960canlii56
3:reporter:scr:scr:1960:591	ca/scc/1960canlii48
3:reporter:scr:scr:1960:602	ca/scc/1960canlii10
3:reporter:scr:scr:1960:606	ca/scc/1960canlii62
3:reporter:scr:scr:1960:611	ca/scc/1960canlii49
3:reporter:scr:scr:1960:617	ca/scc/1960canlii54
3:reporter:scr:scr:1960:619	ca/scc/1960canlii59
3:reporter:scr:scr:1960:632	ca/scc/1960canlii40
3:reporter:scr:scr:1960:649	ca/scc/1960canlii63
3:reporter:scr:scr:1960:659	ca/scc/1960canlii41
3:reporter:scr:scr:1960:668	ca/scc/1960canlii60
3:reporter:scr:scr:1960:672	ca/scc/1960canlii67
3:reporter:scr:scr:1960:686	ca/scc/1960canlii42
3:reporter:scr:scr:1960:694	ca/scc/1960canlii11
3:reporter:scr:scr:1960:713	ca/scc/1960canlii43
3:reporter:scr:scr:1960:726	ca/scc/1960canlii68
3:reporter:scr:scr:1960:735	ca/scc/1960canlii69
3:reporter:scr:scr:1960:761	ca/scc/1960canlii93
3:reporter:scr:scr:1960:80	ca/scc/1959canlii81
3:reporter:scr:scr:1960:804	ca/scc/1960canlii70
3:reporter:scr:scr:1960:823	ca/scc/1960canlii71
3:reporter:scr:scr:1960:830	ca/scc/1960canlii72
3:reporter:scr:scr:1960:837	ca/scc/1960canlii44
3:reporter:scr:scr:1960:858	ca/scc/1960canlii13
3:reporter:scr:scr:1960:86	ca/scc/1959canlii22
3:reporter:scr:scr:1960:871	ca/scc/1960canlii45
3:reporter:scr:scr:1960:892	ca/scc/1960canlii73
3:reporter:scr:scr:1960:898	ca/scc/1960canlii74
3:reporter:scr:scr:1960:902	ca/scc/1960canlii75
3:reporter:scr:scr:1960:908	ca/scc/1960canlii76
3:reporter:scr:scr:1960:913	ca/scc/1960canlii77
3:reporter:scr:scr:1960:96	ca/scc/1959canlii82
3:reporter:scr:scr:1961:108	ca/scc/1960canlii17
3:reporter:scr:scr:1961:114	ca/scc/1960canlii82
3:reporter:scr:scr:1961:117	ca/scc/1960canlii83
3:reporter:scr:scr:1961:123	ca/scc/1960canlii18
3:reporter:scr:scr:1961:132	ca/scc/1960canlii19
3:reporter:scr:scr:1961:138	ca/scc/1960canlii84
3:reporter:scr:scr:1961:144	ca/scc/1960canlii85
3:reporter:scr:scr:1961:15	ca/scc/1960canlii46
3:reporter:scr:scr:1961:163	ca/scc/1961canlii55
3:reporter:scr:scr:1961:170	ca/scc/1961canlii56
3:reporter:scr:scr:1961:178	ca/scc/1961canlii57
3:reporter:scr:scr:1961:184	ca/scc/1960canlii86
3:reporter:scr:scr:1961:189	ca/scc/1961canlii58
3:reporter:scr:scr:1961:195	ca/scc/1960canlii87
3:reporter:scr:scr:1961:200	ca/scc/1961canlii53
3:reporter:scr:scr:1961:201	ca/scc/1960canlii88
3:reporter:scr:scr:1961:221	ca/scc/1961canlii59
3:reporter:scr:scr:1961:231	ca/scc/1961canlii2
3:reporter:scr:scr:1961:269	ca/scc/1960canlii89
3:reporter:scr:scr:1961:276	ca/scc/1961canlii3
3:reporter:scr:scr:1961:285	ca/scc/1960canlii90
3:reporter:scr:scr:1961:291	ca/scc/1961canlii60
3:reporter:scr:scr:1961:299	ca/scc/1961canlii42
3:reporter:scr:scr:1961:3	ca/scc/1960canlii14
3:reporter:scr:scr:1961:306	ca/scc/1961canlii61
3:reporter:scr:scr:1961:310	ca/scc/1961canlii62
3:reporter:scr:scr:1961:324	ca/scc/1961canlii4
3:reporter:scr:scr:1961:335	ca/scc/1961canlii63
3:reporter:scr:scr:1961:336	ca/scc/1961canlii5
3:reporter:scr:scr:1961:359	ca/scc/1960canlii91
3:reporter:scr:scr:1961:361	ca/scc/1961canlii64
3:reporter:scr:scr:1961:376	ca/scc/1961canlii43
3:reporter:scr:scr:1961:383	ca/scc/1961canlii65
3:reporter:scr:scr:1961:39	ca/scc/1960canlii15
3:reporter:scr:scr:1961:392	ca/scc/1961canlii66
3:reporter:scr:scr:1961:408	ca/scc/1961canlii67
3:reporter:scr:scr:1961:410	ca/scc/1961canlii103
3:reporter:scr:scr:1961:418	ca/scc/1961canlii44
3:reporter:scr:scr:1961:426	ca/scc/1961canlii68
3:reporter:scr:scr:1961:43	ca/scc/1960canlii78
3:reporter:scr:scr:1961:435	ca/scc/1961canlii69
3:reporter:scr:scr:1961:465	ca/scc/1960canlii47
3:reporter:scr:scr:1961:474	ca/scc/1961canlii6
3:reporter:scr:scr:1961:486	ca/scc/1961canlii7
3:reporter:scr:scr:1961:508	ca/scc/1961canlii70
3:reporter:scr:scr:1961:511	ca/scc/1961canlii104
3:reporter:scr:scr:1961:523	ca/scc/1961canlii8
3:reporter:scr:scr:1961:528	ca/scc/1961canlii9
3:reporter:scr:scr:1961:535	ca/scc/1961canlii10
3:reporter:scr:scr:1961:539	ca/scc/1961canlii11
3:reporter:scr:scr:1961:553	ca/scc/1961canlii1
3:reporter:scr:scr:1961:566	ca/scc/1961canlii71
3:reporter:scr:scr:1961:575	ca/scc/1961canlii72
3:reporter:scr:scr:1961:577	ca/scc/1961canlii73
3:reporter:scr:scr:1961:581	ca/scc/1961canlii74
3:reporter:scr:scr:1961:584	ca/scc/1961canlii75
3:reporter:scr:scr:1961:592	ca/scc/1961canlii13
3:reporter:scr:scr:1961:608	ca/scc/1961canlii14
3:reporter:scr:scr:1961:614	ca/scc/1961canlii76
3:reporter:scr:scr:1961:633	ca/scc/1961canlii15
3:reporter:scr:scr:1961:639	ca/scc/1961canlii16
3:reporter:scr:scr:1961:655	ca/scc/1961canlii77
3:reporter:scr:scr:1961:660	ca/scc/1961canlii17
3:reporter:scr:scr:1961:664	ca/scc/1961canlii78
3:reporter:scr:scr:1961:671	ca/scc/1961canlii79
3:reporter:scr:scr:1961:693	ca/scc/1961canlii81
3:reporter:scr:scr:1961:70	ca/scc/1960canlii16
3:reporter:scr:scr:1961:715	ca/scc/1961canlii105
3:reporter:scr:scr:1961:72	ca/scc/1960canlii79
3:reporter:scr:scr:1961:725	ca/scc/1961canlii82
3:reporter:scr:scr:1961:733	ca/scc/1961canlii18
3:reporter:scr:scr:1961:739	ca/scc/1961canlii19
3:reporter:scr:scr:1961:750	ca/scc/1961canlii45
3:reporter:scr:scr:1961:775	ca/scc/1961canlii84
3:reporter:scr:scr:1961:83	ca/scc/1960canlii80
3:reporter:scr:scr:1961:91	ca/scc/1960canlii81
3:reporter:scr:scr:1961:99	ca/scc/1961canlii41
3:reporter:scr:scr:1962:100	ca/scc/1961canlii92
3:reporter:scr:scr:1962:103	ca/scc/1961canlii48
3:reporter:scr:scr:1962:109	ca/scc/1961canlii93
3:reporter:scr:scr:1962:118	ca/scc/1961canlii54
3:reporter:scr:scr:1962:125	ca/scc/1961canlii49
3:reporter:scr:scr:1962:132	ca/scc/1961canlii50
3:reporter:scr:scr:1962:147	ca/scc/1961canlii51
3:reporter:scr:scr:1962:160	ca/scc/1962canlii97
3:reporter:scr:scr:1962:170	ca/scc/1962canlii49
3:reporter:scr:scr:1962:186	ca/scc/1962canlii50
3:reporter:scr:scr:1962:202	ca/scc/1962canlii52
3:reporter:scr:scr:1962:21	ca/scc/1961canlii86
3:reporter:scr:scr:1962:213	ca/scc/1961canlii95
3:reporter:scr:scr:1962:215	ca/scc/1961canlii22
3:reporter:scr:scr:1962:224	ca/scc/1961canlii96
3:reporter:scr:scr:1962:229	ca/scc/1961canlii97
3:reporter:scr:scr:1962:235	ca/scc/1962canlii94
3:reporter:scr:scr:1962:241	ca/scc/1962canlii2
3:reporter:scr:scr:1962:254	ca/scc/1961canlii98
3:reporter:scr:scr:1962:26	ca/scc/1961canlii20
3:reporter:scr:scr:1962:261	ca/scc/1962canlii53
3:reporter:scr:scr:1962:273	ca/scc/1962canlii36
3:reporter:scr:scr:1962:282	ca/scc/1961canlii99
3:reporter:scr:scr:1962:285	ca/scc/1961canlii100
3:reporter:scr:scr:1962:289	ca/scc/1961canlii101
3:reporter:scr:scr:1962:294	ca/scc/1961canlii52
3:reporter:scr:scr:1962:3	ca/scc/1961canlii85
3:reporter:scr:scr:1962:318	ca/scc/1962canlii37
3:reporter:scr:scr:1962:331	ca/scc/1962canlii38
3:reporter:scr:scr:1962:338	ca/scc/1962canlii3
3:reporter:scr:scr:1962:343	ca/scc/1962canlii54
3:reporter:scr:scr:1962:346	ca/scc/1962canlii55
3:reporter:scr:scr:1962:363	ca/scc/1962canlii56
3:reporter:scr:scr:1962:371	ca/scc/1962canlii48
3:reporter:scr:scr:1962:38	ca/scc/1961canlii87
3:reporter:scr:scr:1962:390	ca/scc/1962canlii4
3:reporter:scr:scr:1962:398	ca/scc/1962canlii57
3:reporter:scr:scr:1962:412	ca/scc/1962canlii39
3:reporter:scr:scr:1962:418	ca/scc/1961canlii102
3:reporter:scr:scr:1962:425	ca/scc/1962canlii40
3:reporter:scr:scr:1962:433	ca/scc/1962canlii41
3:reporter:scr:scr:1962:443	ca/scc/1962canlii5
3:reporter:scr:scr:1962:456	ca/scc/1962canlii58
3:reporter:scr:scr:1962:461	ca/scc/1962canlii59
3:reporter:scr:scr:1962:465	ca/scc/1962canlii6
3:reporter:scr:scr:1962:469	ca/scc/1962canlii7
3:reporter:scr:scr:1962:476	ca/scc/1962canlii8
3:reporter:scr:scr:1962:48	ca/scc/1961canlii46
3:reporter:scr:scr:1962:487	ca/scc/1962canlii9
3:reporter:scr:scr:1962:507	ca/scc/1962canlii10
3:reporter:scr:scr:1962:515	ca/scc/1962canlii60
3:reporter:scr:scr:1962:519	ca/scc/1962canlii61
3:reporter:scr:scr:1962:53	ca/scc/1961canlii88
3:reporter:scr:scr:1962:535	ca/scc/1962canlii62
3:reporter:scr:scr:1962:545	ca/scc/1962canlii63
3:reporter:scr:scr:1962:549	ca/scc/1962canlii64
3:reporter:scr:scr:1962:550	ca/scc/1962canlii65
3:reporter:scr:scr:1962:555	ca/scc/1962canlii42
3:reporter:scr:scr:1962:564	ca/scc/1962canlii66
3:reporter:scr:scr:1962:570	ca/scc/1962canlii67
3:reporter:scr:scr:1962:580	ca/scc/1962canlii68
3:reporter:scr:scr:1962:588	ca/scc/1962canlii69
3:reporter:scr:scr:1962:592	ca/scc/1962canlii70
3:reporter:scr:scr:1962:598	ca/scc/1962canlii71
3:reporter:scr:scr:1962:609	ca/scc/1962canlii11
3:reporter:scr:scr:1962:624	ca/scc/1962canlii72
3:reporter:scr:scr:1962:629	ca/scc/1962canlii73
3:reporter:scr:scr:1962:632	ca/scc/1962canlii74
3:reporter:scr:scr:1962:637	ca/scc/1962canlii75
3:reporter:scr:scr:1962:642	ca/scc/1962canlii43
3:reporter:scr:scr:1962:646	ca/scc/1962canlii76
3:reporter:scr:scr:1962:65	ca/scc/1961canlii89
3:reporter:scr:scr:1962:656	ca/scc/1962canlii13
3:reporter:scr:scr:1962:661	ca/scc/1962canlii77
3:reporter:scr:scr:1962:676	ca/scc/1962canlii79
3:reporter:scr:scr:1962:681	ca/scc/1962canlii80
3:reporter:scr:scr:1962:711	ca/scc/1962canlii81
3:reporter:scr:scr:1962:716	ca/scc/1962canlii14
3:reporter:scr:scr:1962:729	ca/scc/1962canlii1
3:reporter:scr:scr:1962:739	ca/scc/1962canlii44
3:reporter:scr:scr:1962:746	ca/scc/1962canlii16
3:reporter:scr:scr:1962:75	ca/scc/1961canlii21
3:reporter:scr:scr:1962:765	ca/scc/1962canlii95
3:reporter:scr:scr:1962:766	ca/scc/1962canlii82
3:reporter:scr:scr:1962:771	ca/scc/1962canlii96
3:reporter:scr:scr:1962:776	ca/scc/1962canlii83
3:reporter:scr:scr:1962:80	ca/scc/1962canlii35
3:reporter:scr:scr:1962:85	ca/scc/1961canlii47
3:reporter:scr:scr:1962:94	ca/scc/1961canlii90
3:reporter:scr:scr:1962:97	ca/scc/1961canlii91
3:reporter:scr:scr:1963:101	ca/scc/1962canlii90
3:reporter:scr:scr:1963:106	ca/scc/1962canlii91
3:reporter:scr:scr:1963:110	ca/scc/1963canlii4
3:reporter:scr:scr:1963:117	ca/scc/1962canlii92
3:reporter:scr:scr:1963:120	ca/scc/1962canlii93
3:reporter:scr:scr:1963:124	ca/scc/1963canlii5
3:reporter:scr:scr:1963:131	ca/scc/1963canlii46
3:reporter:scr:scr:1963:136	ca/scc/1963canlii47
3:reporter:scr:scr:1963:144	ca/scc/1963canlii6
3:reporter:scr:scr:1963:15	ca/scc/1962canlii17
3:reporter:scr:scr:1963:154	ca/scc/1963canlii1
3:reporter:scr:scr:1963:175	ca/scc/1963canlii33
3:reporter:scr:scr:1963:180	ca/scc/1963canlii9
3:reporter:scr:scr:1963:186	ca/scc/1963canlii48
3:reporter:scr:scr:1963:194	ca/scc/1963canlii49
3:reporter:scr:scr:1963:197	ca/scc/1963canlii38
3:reporter:scr:scr:1963:207	ca/scc/1963canlii50
3:reporter:scr:scr:1963:213	ca/scc/1963canlii51
3:reporter:scr:scr:1963:223	ca/scc/1963canlii52
3:reporter:scr:scr:1963:229	ca/scc/1963canlii39
3:reporter:scr:scr:1963:238	ca/scc/1963canlii10
3:reporter:scr:scr:1963:239	ca/scc/1963canlii40
3:reporter:scr:scr:1963:247	ca/scc/1963canlii53
3:reporter:scr:scr:1963:257	ca/scc/1963canlii54
3:reporter:scr:scr:1963:266	ca/scc/1963canlii55
3:reporter:scr:scr:1963:279	ca/scc/1963canlii56
3:reporter:scr:scr:1963:281	ca/scc/1963canlii57
3:reporter:scr:scr:1963:295	ca/scc/1963canlii58
3:reporter:scr:scr:1963:299	ca/scc/1963canlii59
3:reporter:scr:scr:1963:3	ca/scc/1962canlii45
3:reporter:scr:scr:1963:305	ca/scc/1963canlii11
3:reporter:scr:scr:1963:312	ca/scc/1963canlii60
3:reporter:scr:scr:1963:315	ca/scc/1963canlii61
3:reporter:scr:scr:1963:323	ca/scc/1963canlii45
3:reporter:scr:scr:1963:329	ca/scc/1963canlii62
3:reporter:scr:scr:1963:340	ca/scc/1963canlii105
3:reporter:scr:scr:1963:347	ca/scc/1963canlii106
3:reporter:scr:scr:1963:35	ca/scc/1962canlii84
3:reporter:scr:scr:1963:358	ca/scc/1963canlii64
3:reporter:scr:scr:1963:362	ca/scc/1963canlii41
3:reporter:scr:scr:1963:366	ca/scc/1963canlii42
3:reporter:scr:scr:1963:373	ca/scc/1963canlii65
3:reporter:scr:scr:1963:38	ca/scc/1962canlii85
3:reporter:scr:scr:1963:391	ca/scc/1963canlii66
3:reporter:scr:scr:1963:410	ca/scc/1963canlii67
3:reporter:scr:scr:1963:418	ca/scc/1963canlii68
3:reporter:scr:scr:1963:429	ca/scc/1963canlii69
3:reporter:scr:scr:1963:432	ca/scc/1963canlii70
3:reporter:scr:scr:1963:435	ca/scc/1963canlii71
3:reporter:scr:scr:1963:438	ca/scc/1963canlii43
3:reporter:scr:scr:1963:440	ca/scc/1963canlii72
3:reporter:scr:scr:1963:445	ca/scc/1963canlii73
3:reporter:scr:scr:1963:45	ca/scc/1962canlii86
3:reporter:scr:scr:1963:451	ca/scc/1963canlii13
3:reporter:scr:scr:1963:452	ca/scc/1963canlii74
3:reporter:scr:scr:1963:455	ca/scc/1963canlii75
3:reporter:scr:scr:1963:482	ca/scc/1963canlii76
3:reporter:scr:scr:1963:491	ca/scc/1963canlii77
3:reporter:scr:scr:1963:500	ca/scc/1963canlii78
3:reporter:scr:scr:1963:52	ca/scc/1962canlii87
3:reporter:scr:scr:1963:522	ca/scc/1963canlii79
3:reporter:scr:scr:1963:539	ca/scc/1963canlii14
3:reporter:scr:scr:1963:570	ca/scc/1963canlii15
3:reporter:scr:scr:1963:584	ca/scc/1963canlii44
3:reporter:scr:scr:1963:60	ca/scc/1962canlii47
3:reporter:scr:scr:1963:609	ca/scc/1963canlii80
3:reporter:scr:scr:1963:616	ca/scc/1963canlii81
3:reporter:scr:scr:1963:625	ca/scc/1963canlii82
3:reporter:scr:scr:1963:629	ca/scc/1963canlii83
3:reporter:scr:scr:1963:632	ca/scc/1963canlii34
3:reporter:scr:scr:1963:637	ca/scc/1963canlii16
3:reporter:scr:scr:1963:64	ca/scc/1962canlii88
3:reporter:scr:scr:1963:641	ca/scc/1963canlii84
3:reporter:scr:scr:1963:643	ca/scc/1963canlii85
3:reporter:scr:scr:1963:651	ca/scc/1963canlii17
3:reporter:scr:scr:1963:7	ca/scc/1962canlii46
3:reporter:scr:scr:1963:86	ca/scc/1962canlii18
3:reporter:scr:scr:1963:93	ca/scc/1962canlii89
3:reporter:scr:scr:1963:96	ca/scc/1963canlii3
3:reporter:scr:scr:1964:100	ca/scc/1963canlii93
3:reporter:scr:scr:1964:108	ca/scc/1963canlii19
3:reporter:scr:scr:1964:119	ca/scc/1963canlii94
3:reporter:scr:scr:1964:122	ca/scc/1963canlii95
3:reporter:scr:scr:1964:140	ca/scc/1963canlii103
3:reporter:scr:scr:1964:144	ca/scc/1963canlii96
3:reporter:scr:scr:1964:167	ca/scc/1963canlii107
3:reporter:scr:scr:1964:177	ca/scc/1963canlii97
3:reporter:scr:scr:1964:192	ca/scc/1963canlii108
3:reporter:scr:scr:1964:195	ca/scc/1963canlii98
3:reporter:scr:scr:1964:199	ca/scc/1963canlii99
3:reporter:scr:scr:1964:20	ca/scc/1963canlii35
3:reporter:scr:scr:1964:202	ca/scc/1963canlii100
3:reporter:scr:scr:1964:206	ca/scc/1964canlii63
3:reporter:scr:scr:1964:212	ca/scc/1964canlii2
3:reporter:scr:scr:1964:231	ca/scc/1964canlii64
3:reporter:scr:scr:1964:238	ca/scc/1964canlii3
3:reporter:scr:scr:1964:250	ca/scc/1964canlii65
3:reporter:scr:scr:1964:251	ca/scc/1964canlii66
3:reporter:scr:scr:1964:252	ca/scc/1964canlii67
3:reporter:scr:scr:1964:260	ca/scc/1964canlii68
3:reporter:scr:scr:1964:267	ca/scc/1964canlii69
3:reporter:scr:scr:1964:274	ca/scc/1964canlii4
3:reporter:scr:scr:1964:280	ca/scc/1964canlii70
3:reporter:scr:scr:1964:287	ca/scc/1964canlii5
3:reporter:scr:scr:1964:291	ca/scc/1964canlii71
3:reporter:scr:scr:1964:3	ca/scc/1963canlii18
3:reporter:scr:scr:1964:312	ca/scc/1964canlii6
3:reporter:scr:scr:1964:317	ca/scc/1964canlii7
3:reporter:scr:scr:1964:326	ca/scc/1964canlii72
3:reporter:scr:scr:1964:333	ca/scc/1964canlii8
3:reporter:scr:scr:1964:342	ca/scc/1964canlii73
3:reporter:scr:scr:1964:351	ca/scc/1964canlii74
3:reporter:scr:scr:1964:358	ca/scc/1964canlii75
3:reporter:scr:scr:1964:375	ca/scc/1964canlii41
3:reporter:scr:scr:1964:376	ca/scc/1964canlii76
3:reporter:scr:scr:1964:391	ca/scc/1964canlii77
3:reporter:scr:scr:1964:395	ca/scc/1964canlii78
3:reporter:scr:scr:1964:40	ca/scc/1963canlii86
3:reporter:scr:scr:1964:402	ca/scc/1964canlii79
3:reporter:scr:scr:1964:412	ca/scc/1964canlii80
3:reporter:scr:scr:1964:424	ca/scc/1964canlii9
3:reporter:scr:scr:1964:427	ca/scc/1964canlii95
3:reporter:scr:scr:1964:439	ca/scc/1964canlii81
3:reporter:scr:scr:1964:448	ca/scc/1964canlii10
3:reporter:scr:scr:1964:45	ca/scc/1963canlii87
3:reporter:scr:scr:1964:459	ca/scc/1964canlii11
3:reporter:scr:scr:1964:471	ca/scc/1964canlii42
3:reporter:scr:scr:1964:484	ca/scc/1964canlii43
3:reporter:scr:scr:1964:49	ca/scc/1963canlii2
3:reporter:scr:scr:1964:497	ca/scc/1964canlii12
3:reporter:scr:scr:1964:526	ca/scc/1964canlii13
3:reporter:scr:scr:1964:552	ca/scc/1964canlii82
3:reporter:scr:scr:1964:559	ca/scc/1964canlii83
3:reporter:scr:scr:1964:561	ca/scc/1964canlii14
3:reporter:scr:scr:1964:569	ca/scc/1964canlii15
3:reporter:scr:scr:1964:57	ca/scc/1963canlii88
3:reporter:scr:scr:1964:576	ca/scc/1964canlii84
3:reporter:scr:scr:1964:580	ca/scc/1964canlii96
3:reporter:scr:scr:1964:589	ca/scc/1964canlii16
3:reporter:scr:scr:1964:595	ca/scc/1964canlii85
3:reporter:scr:scr:1964:601	ca/scc/1964canlii86
3:reporter:scr:scr:1964:606	ca/scc/1964canlii87
3:reporter:scr:scr:1964:614	ca/scc/1964canlii88
3:reporter:scr:scr:1964:625	ca/scc/1964canlii17
3:reporter:scr:scr:1964:631	ca/scc/1964canlii89
3:reporter:scr:scr:1964:637	ca/scc/1964canlii90
3:reporter:scr:scr:1964:64	ca/scc/1963canlii36
3:reporter:scr:scr:1964:642	ca/scc/1964canlii62
3:reporter:scr:scr:1964:647	ca/scc/1964canlii91
3:reporter:scr:scr:1964:653	ca/scc/1964canlii92
3:reporter:scr:scr:1964:657	ca/scc/1964canlii93
3:reporter:scr:scr:1964:66	ca/scc/1963canlii89
3:reporter:scr:scr:1964:69	ca/scc/1963canlii104
3:reporter:scr:scr:1964:72	ca/scc/1963canlii90
3:reporter:scr:scr:1964:81	ca/scc/1963canlii91
3:reporter:scr:scr:1964:85	ca/scc/1963canlii92
3:reporter:scr:scr:1965:106	ca/scc/1964canlii21
3:reporter:scr:scr:1965:12	ca/scc/1964canlii45
3:reporter:scr:scr:1965:145	ca/scc/1964canlii50
3:reporter:scr:scr:1965:148	ca/scc/1964canlii22
3:reporter:scr:scr:1965:155	ca/scc/1964canlii23
3:reporter:scr:scr:1965:174	ca/scc/1964canlii52
3:reporter:scr:scr:1965:195	ca/scc/1964canlii53
3:reporter:scr:scr:1965:217	ca/scc/1964canlii55
3:reporter:scr:scr:1965:222	ca/scc/1965canlii42
3:reporter:scr:scr:1965:232	ca/scc/1964canlii56
3:reporter:scr:scr:1965:24	ca/scc/1964canlii19
3:reporter:scr:scr:1965:251	ca/scc/1965canlii7
3:reporter:scr:scr:1965:275	ca/scc/1964canlii58
3:reporter:scr:scr:1965:284	ca/scc/1964canlii59
3:reporter:scr:scr:1965:291	ca/scc/1965canlii68
3:reporter:scr:scr:1965:297	ca/scc/1965canlii8
3:reporter:scr:scr:1965:3	ca/scc/1964canlii44
3:reporter:scr:scr:1965:302	ca/scc/1965canlii9
3:reporter:scr:scr:1965:312	ca/scc/1965canlii10
3:reporter:scr:scr:1965:324	ca/scc/1964canlii24
3:reporter:scr:scr:1965:352	ca/scc/1965canlii74
3:reporter:scr:scr:1965:355	ca/scc/1965canlii109
3:reporter:scr:scr:1965:359	ca/scc/1965canlii463
3:reporter:scr:scr:1965:36	ca/scc/1964canlii46
3:reporter:scr:scr:1965:366	ca/scc/1965canlii82
3:reporter:scr:scr:1965:377	ca/scc/1965canlii83
3:reporter:scr:scr:1965:401	ca/scc/1965canlii11
3:reporter:scr:scr:1965:408	ca/scc/1965canlii1
3:reporter:scr:scr:1965:417	ca/scc/1965canlii89
3:reporter:scr:scr:1965:431	ca/scc/1965canlii12
3:reporter:scr:scr:1965:434	ca/scc/1965canlii91
3:reporter:scr:scr:1965:441	ca/scc/1965canlii95
3:reporter:scr:scr:1965:457	ca/scc/1965canlii99
3:reporter:scr:scr:1965:465	ca/scc/1965canlii102
3:reporter:scr:scr:1965:490	ca/scc/1965canlii105
3:reporter:scr:scr:1965:503	ca/scc/1965canlii13
3:reporter:scr:scr:1965:512	ca/scc/1965canlii106
3:reporter:scr:scr:1965:555	ca/scc/1965canlii53
3:reporter:scr:scr:1965:567	ca/scc/1965canlii54
3:reporter:scr:scr:1965:57	ca/scc/1964canlii20
3:reporter:scr:scr:1965:575	ca/scc/1965canlii57
3:reporter:scr:scr:1965:582	ca/scc/1965canlii59
3:reporter:scr:scr:1965:586	ca/scc/1965canlii61
3:reporter:scr:scr:1965:594	ca/scc/1965canlii64
3:reporter:scr:scr:1965:599	ca/scc/1965canlii65
3:reporter:scr:scr:1965:602	ca/scc/1965canlii69
3:reporter:scr:scr:1965:607	ca/scc/1965canlii72
3:reporter:scr:scr:1965:624	ca/scc/1965canlii75
3:reporter:scr:scr:1965:628	ca/scc/1965canlii78
3:reporter:scr:scr:1965:638	ca/scc/1965canlii80
3:reporter:scr:scr:1965:658	ca/scc/1965canlii87
3:reporter:scr:scr:1965:663	ca/scc/1965canlii15
3:reporter:scr:scr:1965:670	ca/scc/1965canlii90
3:reporter:scr:scr:1965:681	ca/scc/1965canlii16
3:reporter:scr:scr:1965:696	ca/scc/1965canlii92
3:reporter:scr:scr:1965:703	ca/scc/1965canlii96
3:reporter:scr:scr:1965:720	ca/scc/1965canlii98
3:reporter:scr:scr:1965:723	ca/scc/1965canlii100
3:reporter:scr:scr:1965:729	ca/scc/1965canlii103
3:reporter:scr:scr:1965:734	ca/scc/1965canlii43
3:reporter:scr:scr:1965:739	ca/scc/1965canlii2
3:reporter:scr:scr:1965:757	ca/scc/1965canlii17
3:reporter:scr:scr:1965:784	ca/scc/1965canlii49
3:reporter:scr:scr:1965:798	ca/scc/1965canlii3
3:reporter:scr:scr:1965:817	ca/scc/1965canlii18
3:reporter:scr:scr:1965:84	ca/scc/1964canlii48
3:reporter:scr:scr:1965:92	ca/scc/1964canlii49
3:reporter:scr:scr:1966:110	ca/scc/1965canlii88
3:reporter:scr:scr:1966:122	ca/scc/1965canlii93
3:reporter:scr:scr:1966:13	ca/scc/1965canlii4
3:reporter:scr:scr:1966:133	ca/scc/1965canlii6
3:reporter:scr:scr:1966:150	ca/scc/1965canlii101
3:reporter:scr:scr:1966:158	ca/scc/1965canlii104
3:reporter:scr:scr:1966:162	ca/scc/1966canlii4
3:reporter:scr:scr:1966:171	ca/scc/1965canlii44
3:reporter:scr:scr:1966:180	ca/scc/1965canlii47
3:reporter:scr:scr:1966:189	ca/scc/1965canlii52
3:reporter:scr:scr:1966:194	ca/scc/1965canlii56
3:reporter:scr:scr:1966:196	ca/scc/1965canlii63
3:reporter:scr:scr:1966:206	ca/scc/1965canlii67
3:reporter:scr:scr:1966:229	ca/scc/1966canlii82
3:reporter:scr:scr:1966:238	ca/scc/1966canlii5
3:reporter:scr:scr:1966:254	ca/scc/1966canlii6
3:reporter:scr:scr:1966:257	ca/scc/1966canlii7
3:reporter:scr:scr:1966:260	ca/scc/1966canlii83
3:reporter:scr:scr:1966:267	ca/scc/1966canlii2
3:reporter:scr:scr:1966:28	ca/scc/1965canlii149
3:reporter:scr:scr:1966:282	ca/scc/1966canlii84
3:reporter:scr:scr:1966:296	ca/scc/1966canlii85
3:reporter:scr:scr:1966:305	ca/scc/1966canlii43
3:reporter:scr:scr:1966:313	ca/scc/1966canlii45
3:reporter:scr:scr:1966:320	ca/scc/1966canlii80
3:reporter:scr:scr:1966:336	ca/scc/1966canlii86
3:reporter:scr:scr:1966:356	ca/scc/1965canlii94
3:reporter:scr:scr:1966:359	ca/scc/1966canlii46
3:reporter:scr:scr:1966:367	ca/scc/1966canlii47
3:reporter:scr:scr:1966:374	ca/scc/1966canlii48
3:reporter:scr:scr:1966:384	ca/scc/1966canlii49
3:reporter:scr:scr:1966:402	ca/scc/1966canlii51
3:reporter:scr:scr:1966:405	ca/scc/1966canlii52
3:reporter:scr:scr:1966:419	ca/scc/1966canlii53
3:reporter:scr:scr:1966:434	ca/scc/1966canlii8
3:reporter:scr:scr:1966:449	ca/scc/1966canlii54
3:reporter:scr:scr:1966:457	ca/scc/1966canlii55
3:reporter:scr:scr:1966:465	ca/scc/1966canlii56
3:reporter:scr:scr:1966:479	ca/scc/1966canlii57
3:reporter:scr:scr:1966:489	ca/scc/1966canlii58
3:reporter:scr:scr:1966:51	ca/scc/1965canlii66
3:reporter:scr:scr:1966:513	ca/scc/1966canlii9
3:reporter:scr:scr:1966:532	ca/scc/1966canlii11
3:reporter:scr:scr:1966:548	ca/scc/1966canlii60
3:reporter:scr:scr:1966:551	ca/scc/1966canlii61
3:reporter:scr:scr:1966:556	ca/scc/1966canlii62
3:reporter:scr:scr:1966:561	ca/scc/1966canlii63
3:reporter:scr:scr:1966:58	ca/scc/1965canlii148
3:reporter:scr:scr:1966:581	ca/scc/1966canlii64
3:reporter:scr:scr:1966:593	ca/scc/1966canlii65
3:reporter:scr:scr:1966:604	ca/scc/1966canlii66
3:reporter:scr:scr:1966:619	ca/scc/1966canlii12
3:reporter:scr:scr:1966:630	ca/scc/1966canlii67
3:reporter:scr:scr:1966:641	ca/scc/1966canlii68
3:reporter:scr:scr:1966:645	ca/scc/1966canlii70
3:reporter:scr:scr:1966:653	ca/scc/1966canlii71
3:reporter:scr:scr:1966:655	ca/scc/1966canlii72
3:reporter:scr:scr:1966:661	ca/scc/1966canlii73
3:reporter:scr:scr:1966:663	ca/scc/1966canlii74
3:reporter:scr:scr:1966:673	ca/scc/1966canlii75
3:reporter:scr:scr:1966:685	ca/scc/1966canlii76
3:reporter:scr:scr:1966:69	ca/scc/1965canlii73
3:reporter:scr:scr:1966:726	ca/scc/1966canlii77
3:reporter:scr:scr:1966:746	ca/scc/1966canlii13
3:reporter:scr:scr:1966:767	ca/scc/1966canlii1
3:reporter:scr:scr:1966:8	ca/scc/1965canlii58
3:reporter:scr:scr:1966:83	ca/scc/1965canlii76
3:reporter:scr:scr:1966:89	ca/scc/1965canlii79
3:reporter:scr:scr:1966:95	ca/scc/1965canlii81
3:reporter:scr:scr:1967:110	ca/scc/1966canlii29
3:reporter:scr:scr:1967:133	ca/scc/1966canlii40
3:reporter:scr:scr:1967:14	ca/scc/1966canlii3
3:reporter:scr:scr:1967:153	ca/scc/1967canlii94
3:reporter:scr:scr:1967:157	ca/scc/1967canlii1
3:reporter:scr:scr:1967:166	ca/scc/1967canlii98
3:reporter:scr:scr:1967:172	ca/scc/1967canlii2
3:reporter:scr:scr:1967:181	ca/scc/1967canlii3
3:reporter:scr:scr:1967:182	ca/scc/1967canlii4
3:reporter:scr:scr:1967:183	ca/scc/1967canlii102
3:reporter:scr:scr:1967:189	ca/scc/1967canlii104
3:reporter:scr:scr:1967:196	ca/scc/1967canlii106
3:reporter:scr:scr:1967:22	ca/scc/1966canlii30
3:reporter:scr:scr:1967:223	ca/scc/1967canlii112
3:reporter:scr:scr:1967:237	ca/scc/1967canlii115
3:reporter:scr:scr:1967:249	ca/scc/1967canlii46
3:reporter:scr:scr:1967:262	ca/scc/1967canlii49
3:reporter:scr:scr:1967:270	ca/scc/1967canlii5
3:reporter:scr:scr:1967:271	ca/scc/1967canlii6
3:reporter:scr:scr:1967:274	ca/scc/1967canlii52
3:reporter:scr:scr:1967:280	ca/scc/1967canlii54
3:reporter:scr:scr:1967:284	ca/scc/1967canlii56
3:reporter:scr:scr:1967:291	ca/scc/1967canlii58
3:reporter:scr:scr:1967:295	ca/scc/1967canlii60
3:reporter:scr:scr:1967:298	ca/scc/1967canlii62
3:reporter:scr:scr:1967:3	ca/scc/1966canlii14
3:reporter:scr:scr:1967:302	ca/scc/1967canlii64
3:reporter:scr:scr:1967:309	ca/scc/1967canlii66
3:reporter:scr:scr:1967:34	ca/scc/1966canlii31
3:reporter:scr:scr:1967:38	ca/scc/1966canlii32
3:reporter:scr:scr:1967:425	ca/scc/1967canlii70
3:reporter:scr:scr:1967:437	ca/scc/1967canlii72
3:reporter:scr:scr:1967:443	ca/scc/1967canlii7
3:reporter:scr:scr:1967:45	ca/scc/1966canlii33
3:reporter:scr:scr:1967:451	ca/scc/1967canlii75
3:reporter:scr:scr:1967:455	ca/scc/1967canlii77
3:reporter:scr:scr:1967:460	ca/scc/1967canlii8
3:reporter:scr:scr:1967:469	ca/scc/1967canlii79
3:reporter:scr:scr:1967:474	ca/scc/1967canlii81
3:reporter:scr:scr:1967:477	ca/scc/1967canlii82
3:reporter:scr:scr:1967:484	ca/scc/1967canlii84
3:reporter:scr:scr:1967:49	ca/scc/1966canlii15
3:reporter:scr:scr:1967:492	ca/scc/1967canlii9
3:reporter:scr:scr:1967:497	ca/scc/1967canlii86
3:reporter:scr:scr:1967:510	ca/scc/1967canlii10
3:reporter:scr:scr:1967:514	ca/scc/1967canlii90
3:reporter:scr:scr:1967:539	ca/scc/1967canlii11
3:reporter:scr:scr:1967:54	ca/scc/1966canlii34
3:reporter:scr:scr:1967:547	ca/scc/1967canlii92
3:reporter:scr:scr:1967:567	ca/scc/1967canlii12
3:reporter:scr:scr:1967:573	ca/scc/1967canlii13
3:reporter:scr:scr:1967:587	ca/scc/1967canlii99
3:reporter:scr:scr:1967:589	ca/scc/1967canlii14
3:reporter:scr:scr:1967:594	ca/scc/1967canlii15
3:reporter:scr:scr:1967:60	ca/scc/1966canlii35
3:reporter:scr:scr:1967:603	ca/scc/1967canlii103
3:reporter:scr:scr:1967:607	ca/scc/1967canlii105
3:reporter:scr:scr:1967:610	ca/scc/1967canlii107
3:reporter:scr:scr:1967:612	ca/scc/1967canlii110
3:reporter:scr:scr:1967:614	ca/scc/1967canlii113
3:reporter:scr:scr:1967:628	ca/scc/1967canlii116
3:reporter:scr:scr:1967:642	ca/scc/1967canlii47
3:reporter:scr:scr:1967:649	ca/scc/1967canlii50
3:reporter:scr:scr:1967:664	ca/scc/1967canlii53
3:reporter:scr:scr:1967:672	ca/scc/1967canlii55
3:reporter:scr:scr:1967:677	ca/scc/1967canlii57
3:reporter:scr:scr:1967:685	ca/scc/1967canlii59
3:reporter:scr:scr:1967:690	ca/scc/1967canlii61
3:reporter:scr:scr:1967:697	ca/scc/1967canlii63
3:reporter:scr:scr:1967:7	ca/scc/1966canlii42
3:reporter:scr:scr:1967:702	ca/scc/1967canlii65
3:reporter:scr:scr:1967:715	ca/scc/1967canlii16
3:reporter:scr:scr:1967:720	ca/scc/1967canlii17
3:reporter:scr:scr:1967:739	ca/scc/1967canlii67
3:reporter:scr:scr:1967:746	ca/scc/1967canlii18
3:reporter:scr:scr:1967:78	ca/scc/1966canlii36
3:reporter:scr:scr:1967:781	ca/scc/1967canlii69
3:reporter:scr:scr:1967:792	ca/scc/1967canlii71
3:reporter:scr:scr:1967:81	ca/scc/1966canlii16
3:reporter:scr:scr:1967:822	ca/scc/1967canlii73
3:reporter:scr:scr:1967:88	ca/scc/1966canlii37
3:reporter:scr:scr:1968:113	ca/scc/1967canlii45
3:reporter:scr:scr:1968:118	ca/scc/1967canlii93
3:reporter:scr:scr:1968:12	ca/scc/1967canlii76
3:reporter:scr:scr:1968:130	ca/scc/1967canlii96
3:reporter:scr:scr:1968:134	ca/scc/1967canlii100
3:reporter:scr:scr:1968:140	ca/scc/1968canlii112
3:reporter:scr:scr:1968:150	ca/scc/1968canlii115
3:reporter:scr:scr:1968:157	ca/scc/1967canlii22
3:reporter:scr:scr:1968:163	ca/scc/1967canlii108
3:reporter:scr:scr:1968:17	ca/scc/1967canlii78
3:reporter:scr:scr:1968:187	ca/scc/1968canlii64
3:reporter:scr:scr:1968:193	ca/scc/1968canlii66
3:reporter:scr:scr:1968:198	ca/scc/1968canlii4
3:reporter:scr:scr:1968:203	ca/scc/1968canlii70
3:reporter:scr:scr:1968:205	ca/scc/1968canlii71
3:reporter:scr:scr:1968:213	ca/scc/1968canlii74
3:reporter:scr:scr:1968:221	ca/scc/1968canlii75
3:reporter:scr:scr:1968:226	ca/scc/1968canlii78
3:reporter:scr:scr:1968:234	ca/scc/1968canlii80
3:reporter:scr:scr:1968:238	ca/scc/1968canlii82
3:reporter:scr:scr:1968:255	ca/scc/1968canlii84
3:reporter:scr:scr:1968:258	ca/scc/1968canlii86
3:reporter:scr:scr:1968:269	ca/scc/1968canlii88
3:reporter:scr:scr:1968:276	ca/scc/1968canlii90
3:reporter:scr:scr:1968:3	ca/scc/1967canlii19
3:reporter:scr:scr:1968:30	ca/scc/1967canlii20
3:reporter:scr:scr:1968:300	ca/scc/1968canlii95
3:reporter:scr:scr:1968:314	ca/scc/1968canlii5
3:reporter:scr:scr:1968:330	ca/scc/1968canlii6
3:reporter:scr:scr:1968:341	ca/scc/1968canlii102
3:reporter:scr:scr:1968:366	ca/scc/1968canlii7
3:reporter:scr:scr:1968:413	ca/scc/1967canlii97
3:reporter:scr:scr:1968:42	ca/scc/1967canlii80
3:reporter:scr:scr:1968:432	ca/scc/1967canlii101
3:reporter:scr:scr:1968:441	ca/scc/1968canlii8
3:reporter:scr:scr:1968:447	ca/scc/1968canlii116
3:reporter:scr:scr:1968:450	ca/scc/1968canlii9
3:reporter:scr:scr:1968:452	ca/scc/1968canlii10
3:reporter:scr:scr:1968:462	ca/scc/1968canlii118
3:reporter:scr:scr:1968:466	ca/scc/1968canlii120
3:reporter:scr:scr:1968:473	ca/scc/1968canlii11
3:reporter:scr:scr:1968:496	ca/scc/1968canlii60
3:reporter:scr:scr:1968:498	ca/scc/1968canlii62
3:reporter:scr:scr:1968:505	ca/scc/1968canlii65
3:reporter:scr:scr:1968:517	ca/scc/1968canlii67
3:reporter:scr:scr:1968:543	ca/scc/1968canlii12
3:reporter:scr:scr:1968:55	ca/scc/1967canlii44
3:reporter:scr:scr:1968:554	ca/scc/1968canlii14
3:reporter:scr:scr:1968:560	ca/scc/1968canlii72
3:reporter:scr:scr:1968:569	ca/scc/1968canlii2
3:reporter:scr:scr:1968:589	ca/scc/1968canlii76
3:reporter:scr:scr:1968:59	ca/scc/1967canlii83
3:reporter:scr:scr:1968:599	ca/scc/1968canlii79
3:reporter:scr:scr:1968:607	ca/scc/1968canlii81
3:reporter:scr:scr:1968:617	ca/scc/1968canlii83
3:reporter:scr:scr:1968:626	ca/scc/1968canlii85
3:reporter:scr:scr:1968:633	ca/scc/1968canlii87
3:reporter:scr:scr:1968:645	ca/scc/1968canlii16
3:reporter:scr:scr:1968:664	ca/scc/1968canlii17
3:reporter:scr:scr:1968:676	ca/scc/1968canlii89
3:reporter:scr:scr:1968:684	ca/scc/1968canlii91
3:reporter:scr:scr:1968:707	ca/scc/1968canlii18
3:reporter:scr:scr:1968:71	ca/scc/1967canlii21
3:reporter:scr:scr:1968:713	ca/scc/1968canlii96
3:reporter:scr:scr:1968:728	ca/scc/1968canlii103
3:reporter:scr:scr:1968:735	ca/scc/1968canlii19
3:reporter:scr:scr:1968:742	ca/scc/1968canlii106
3:reporter:scr:scr:1968:754	ca/scc/1968canlii20
3:reporter:scr:scr:1968:765	ca/scc/1968canlii110
3:reporter:scr:scr:1968:769	ca/scc/1968canlii114
3:reporter:scr:scr:1968:775	ca/scc/1968canlii117
3:reporter:scr:scr:1968:776	ca/scc/1968canlii119
3:reporter:scr:scr:1968:786	ca/scc/1968canlii21
3:reporter:scr:scr:1968:802	ca/scc/1968canlii22
3:reporter:scr:scr:1968:822	ca/scc/1968canlii61
3:reporter:scr:scr:1968:828	ca/scc/1968canlii23
3:reporter:scr:scr:1968:834	ca/scc/1968canlii63
3:reporter:scr:scr:1968:839	ca/scc/1968canlii68
3:reporter:scr:scr:1968:871	ca/scc/1968canlii92
3:reporter:scr:scr:1968:891	ca/scc/1968canlii94
3:reporter:scr:scr:1968:902	ca/scc/1968canlii24
3:reporter:scr:scr:1968:93	ca/scc/1967canlii85
3:reporter:scr:scr:1968:931	ca/scc/1968canlii25
3:reporter:scr:scr:1968:940	ca/scc/1968canlii97
3:reporter:scr:scr:1968:948	ca/scc/1968canlii100
3:reporter:scr:scr:1968:950	ca/scc/1968canlii104
3:reporter:scr:scr:1968:957	ca/scc/1968canlii109
3:reporter:scr:scr:1968:960	ca/scc/1968canlii111
3:reporter:scr:scr:1968:966	ca/scc/1968canlii26
3:reporter:scr:scr:1969:106	ca/scc/1968canlii30
3:reporter:scr:scr:1969:12	ca/scc/1968canlii52
3:reporter:scr:scr:1969:137	ca/scc/1968canlii55
3:reporter:scr:scr:1969:146	ca/scc/1968canlii56
3:reporter:scr:scr:1969:157	ca/scc/1968canlii31
3:reporter:scr:scr:1969:162	ca/scc/1968canlii57
3:reporter:scr:scr:1969:176	ca/scc/1968canlii58
3:reporter:scr:scr:1969:181	ca/scc/1968canlii59
3:reporter:scr:scr:1969:192	ca/scc/1968canlii1
3:reporter:scr:scr:1969:203	ca/scc/1968canlii32
3:reporter:scr:scr:1969:208	ca/scc/1968canlii122
3:reporter:scr:scr:1969:213	ca/scc/1969canlii61
3:reporter:scr:scr:1969:221	ca/scc/1968canlii33
3:reporter:scr:scr:1969:257	ca/scc/1968canlii123
3:reporter:scr:scr:1969:267	ca/scc/1968canlii34
3:reporter:scr:scr:1969:274	ca/scc/1968canlii124
3:reporter:scr:scr:1969:275	ca/scc/1968canlii125
3:reporter:scr:scr:1969:277	ca/scc/1968canlii126
3:reporter:scr:scr:1969:305	ca/scc/1968canlii128
3:reporter:scr:scr:1969:330	ca/scc/1969canlii62
3:reporter:scr:scr:1969:335	ca/scc/1969canlii63
3:reporter:scr:scr:1969:354	ca/scc/1968canlii35
3:reporter:scr:scr:1969:373	ca/scc/1968canlii36
3:reporter:scr:scr:1969:383	ca/scc/1969canlii64
3:reporter:scr:scr:1969:404	ca/scc/1969canlii66
3:reporter:scr:scr:1969:427	ca/scc/1969canlii67
3:reporter:scr:scr:1969:438	ca/scc/1969canlii24
3:reporter:scr:scr:1969:443	ca/scc/1969canlii10
3:reporter:scr:scr:1969:471	ca/scc/1969canlii69
3:reporter:scr:scr:1969:481	ca/scc/1969canlii11
3:reporter:scr:scr:1969:49	ca/scc/1968canlii28
3:reporter:scr:scr:1969:500	ca/scc/1969canlii71
3:reporter:scr:scr:1969:501	ca/scc/1969canlii72
3:reporter:scr:scr:1969:507	ca/scc/1969canlii73
3:reporter:scr:scr:1969:515	ca/scc/1969canlii2
3:reporter:scr:scr:1969:527	ca/scc/1969canlii75
3:reporter:scr:scr:1969:533	ca/scc/1969canlii77
3:reporter:scr:scr:1969:54	ca/scc/1968canlii49
3:reporter:scr:scr:1969:541	ca/scc/1969canlii78
3:reporter:scr:scr:1969:551	ca/scc/1969canlii79
3:reporter:scr:scr:1969:573	ca/scc/1969canlii12
3:reporter:scr:scr:1969:577	ca/scc/1969canlii80
3:reporter:scr:scr:1969:584	ca/scc/1969canlii13
3:reporter:scr:scr:1969:587	ca/scc/1969canlii81
3:reporter:scr:scr:1969:595	ca/scc/1969canlii82
3:reporter:scr:scr:1969:60	ca/scc/1968canlii51
3:reporter:scr:scr:1969:603	ca/scc/1969canlii84
3:reporter:scr:scr:1969:622	ca/scc/1969canlii14
3:reporter:scr:scr:1969:634	ca/scc/1969canlii15
3:reporter:scr:scr:1969:641	ca/scc/1969canlii16
3:reporter:scr:scr:1969:658	ca/scc/1969canlii86
3:reporter:scr:scr:1969:665	ca/scc/1969canlii87
3:reporter:scr:scr:1969:668	ca/scc/1969canlii88
3:reporter:scr:scr:1969:678	ca/scc/1969canlii89
3:reporter:scr:scr:1969:692	ca/scc/1969canlii90
3:reporter:scr:scr:1969:698	ca/scc/1969canlii17
3:reporter:scr:scr:1969:719	ca/scc/1969canlii91
3:reporter:scr:scr:1969:732	ca/scc/1969canlii92
3:reporter:scr:scr:1969:741	ca/scc/1969canlii94
3:reporter:scr:scr:1969:757	ca/scc/1969canlii95
3:reporter:scr:scr:1969:779	ca/scc/1969canlii18
3:reporter:scr:scr:1969:812	ca/scc/1969canlii19
3:reporter:scr:scr:1969:845	ca/scc/1969canlii20
3:reporter:scr:scr:1969:85	ca/scc/1968canlii29
3:reporter:scr:scr:1969:865	ca/scc/1969canlii101
3:reporter:scr:scr:1969:880	ca/scc/1969canlii21
3:reporter:scr:scr:1969:886	ca/scc/1969canlii102
3:reporter:scr:scr:1969:898	ca/scc/1969canlii104
3:reporter:scr:scr:1969:905	ca/scc/1969canlii22
3:reporter:scr:scr:1969:923	ca/scc/1969canlii23
3:reporter:scr:scr:1969:952	ca/scc/1969canlii105
3:reporter:scr:scr:1969:953	ca/scc/1969canlii106
3:reporter:scr:scr:1969:955	ca/scc/1969canlii107
3:reporter:scr:scr:1970:1010	ca/scc/1970canlii4
3:reporter:scr:scr:1970:1022	ca/scc/1970canlii20
3:reporter:scr:scr:1970:109	ca/scc/1969canlii47
3:reporter:scr:scr:1970:168	ca/scc/1969canlii48
3:reporter:scr:scr:1970:175	ca/scc/1969canlii49
3:reporter:scr:scr:1970:2	ca/scc/1969canlii41
3:reporter:scr:scr:1970:203	ca/scc/1969canlii50
3:reporter:scr:scr:1970:205	ca/scc/1969canlii7
3:reporter:scr:scr:1970:211	ca/scc/1969canlii51
3:reporter:scr:scr:1970:214	ca/scc/1969canlii52
3:reporter:scr:scr:1970:217	ca/scc/1969canlii53
3:reporter:scr:scr:1970:220	ca/scc/1969canlii54
3:reporter:scr:scr:1970:237	ca/scc/1969canlii134
3:reporter:scr:scr:1970:25	ca/scc/1969canlii42
3:reporter:scr:scr:1970:261	ca/scc/1969canlii140
3:reporter:scr:scr:1970:263	ca/scc/1969canlii55
3:reporter:scr:scr:1970:282	ca/scc/1969canlii1
3:reporter:scr:scr:1970:30	ca/scc/1969canlii43
3:reporter:scr:scr:1970:308	ca/scc/1969canlii56
3:reporter:scr:scr:1970:310	ca/scc/1969canlii57
3:reporter:scr:scr:1970:318	ca/scc/1969canlii58
3:reporter:scr:scr:1970:323	ca/scc/1969canlii59
3:reporter:scr:scr:1970:328	ca/scc/1969canlii60
3:reporter:scr:scr:1970:332	ca/scc/1969canlii121
3:reporter:scr:scr:1970:337	ca/scc/1970canlii164
3:reporter:scr:scr:1970:348	ca/scc/1970canlii166
3:reporter:scr:scr:1970:362	ca/scc/1970canlii172
3:reporter:scr:scr:1970:39	ca/scc/1969canlii44
3:reporter:scr:scr:1970:393	ca/scc/1970canlii175
3:reporter:scr:scr:1970:402	ca/scc/1970canlii176
3:reporter:scr:scr:1970:409	ca/scc/1970canlii180
3:reporter:scr:scr:1970:421	ca/scc/1970canlii187
3:reporter:scr:scr:1970:425	ca/scc/1970canlii7
3:reporter:scr:scr:1970:437	ca/scc/1970canlii191
3:reporter:scr:scr:1970:438	ca/scc/1970canlii126
3:reporter:scr:scr:1970:440	ca/scc/1970canlii128
3:reporter:scr:scr:1970:441	ca/scc/1969canlii9
3:reporter:scr:scr:1970:453	ca/scc/1970canlii132
3:reporter:scr:scr:1970:46	ca/scc/1969canlii4
3:reporter:scr:scr:1970:465	ca/scc/1970canlii135
3:reporter:scr:scr:1970:477	ca/scc/1969canlii110
3:reporter:scr:scr:1970:494	ca/scc/1970canlii141
3:reporter:scr:scr:1970:502	ca/scc/1970canlii8
3:reporter:scr:scr:1970:511	ca/scc/1970canlii144
3:reporter:scr:scr:1970:533	ca/scc/1970canlii155
3:reporter:scr:scr:1970:538	ca/scc/1970canlii156
3:reporter:scr:scr:1970:553	ca/scc/1970canlii158
3:reporter:scr:scr:1970:56	ca/scc/1969canlii112
3:reporter:scr:scr:1970:561	ca/scc/1970canlii9
3:reporter:scr:scr:1970:567	ca/scc/1970canlii222
3:reporter:scr:scr:1970:576	ca/scc/1970canlii169
3:reporter:scr:scr:1970:584	ca/scc/1970canlii10
3:reporter:scr:scr:1970:588	ca/scc/1970canlii173
3:reporter:scr:scr:1970:608	ca/scc/1970canlii5
3:reporter:scr:scr:1970:627	ca/scc/1970canlii11
3:reporter:scr:scr:1970:631	ca/scc/1970canlii12
3:reporter:scr:scr:1970:638	ca/scc/1970canlii177
3:reporter:scr:scr:1970:64	ca/scc/1969canlii46
3:reporter:scr:scr:1970:649	ca/scc/1970canlii181
3:reporter:scr:scr:1970:680	ca/scc/1970canlii185
3:reporter:scr:scr:1970:691	ca/scc/1970canlii13
3:reporter:scr:scr:1970:699	ca/scc/1970canlii188
3:reporter:scr:scr:1970:713	ca/scc/1970canlii192
3:reporter:scr:scr:1970:726	ca/scc/1970canlii14
3:reporter:scr:scr:1970:74	ca/scc/1969canlii5
3:reporter:scr:scr:1970:753	ca/scc/1970canlii15
3:reporter:scr:scr:1970:772	ca/scc/1970canlii127
3:reporter:scr:scr:1970:777	ca/scc/1970canlii129
3:reporter:scr:scr:1970:804	ca/scc/1970canlii16
3:reporter:scr:scr:1970:843	ca/scc/1970canlii17
3:reporter:scr:scr:1970:861	ca/scc/1970canlii136
3:reporter:scr:scr:1970:865	ca/scc/1970canlii18
3:reporter:scr:scr:1970:877	ca/scc/1970canlii138
3:reporter:scr:scr:1970:883	ca/scc/1970canlii19
3:reporter:scr:scr:1970:894	ca/scc/1970canlii142
3:reporter:scr:scr:1970:917	ca/scc/1970canlii145
3:reporter:scr:scr:1970:92	ca/scc/1969canlii6
3:reporter:scr:scr:1970:932	ca/scc/1970canlii3
3:reporter:scr:scr:1970:941	ca/scc/1970canlii149
3:reporter:scr:scr:1970:942	ca/scc/1970canlii153
3:reporter:scr:scr:1970:948	ca/scc/1970canlii157
3:reporter:scr:scr:1970:953	ca/scc/1970canlii159
3:reporter:scr:scr:1970:958	ca/scc/1970canlii161
3:reporter:scr:scr:1970:992	ca/scc/1970canlii162
3:reporter:scr:scr:1971:101	ca/scc/1970canlii148
3:reporter:scr:scr:1971:1026	ca/scc/1971canlii146
3:reporter:scr:scr:1971:1032	ca/scc/1971canlii147
3:reporter:scr:scr:1971:1038	ca/scc/1971canlii148
3:reporter:scr:scr:1971:1043	ca/scc/1971canlii149
3:reporter:scr:scr:1971:131	ca/scc/1970canlii150
3:reporter:scr:scr:1971:141	ca/scc/1970canlii221
3:reporter:scr:scr:1971:148	ca/scc/1970canlii163
3:reporter:scr:scr:1971:165	ca/scc/1971canlii125
3:reporter:scr:scr:1971:170	ca/scc/1970canlii167
3:reporter:scr:scr:1971:184	ca/scc/1970canlii22
3:reporter:scr:scr:1971:196	ca/scc/1970canlii170
3:reporter:scr:scr:1971:2	ca/scc/1970canlii21
3:reporter:scr:scr:1971:209	ca/scc/1971canlii88
3:reporter:scr:scr:1971:23	ca/scc/1970canlii182
3:reporter:scr:scr:1971:233	ca/scc/1970canlii179
3:reporter:scr:scr:1971:250	ca/scc/1971canlii6
3:reporter:scr:scr:1971:257	ca/scc/1970canlii23
3:reporter:scr:scr:1971:260	ca/scc/1970canlii183
3:reporter:scr:scr:1971:266	ca/scc/1971canlii7
3:reporter:scr:scr:1971:272	ca/scc/1970canlii2
3:reporter:scr:scr:1971:306	ca/scc/1970canlii25
3:reporter:scr:scr:1971:320	ca/scc/1970canlii190
3:reporter:scr:scr:1971:321	ca/scc/1970canlii131
3:reporter:scr:scr:1971:361	ca/scc/1970canlii147
3:reporter:scr:scr:1971:369	ca/scc/1970canlii151
3:reporter:scr:scr:1971:377	ca/scc/1971canlii124
3:reporter:scr:scr:1971:385	ca/scc/1970canlii168
3:reporter:scr:scr:1971:406	ca/scc/1971canlii127
3:reporter:scr:scr:1971:413	ca/scc/1970canlii184
3:reporter:scr:scr:1971:446	ca/scc/1971canlii194
3:reporter:scr:scr:1971:481	ca/scc/1971canlii128
3:reporter:scr:scr:1971:49	ca/scc/1970canlii189
3:reporter:scr:scr:1971:493	ca/scc/1970canlii152
3:reporter:scr:scr:1971:5	ca/scc/1970canlii178
3:reporter:scr:scr:1971:522	ca/scc/1970canlii171
3:reporter:scr:scr:1971:543	ca/scc/1970canlii194
3:reporter:scr:scr:1971:55	ca/scc/1970canlii193
3:reporter:scr:scr:1971:553	ca/scc/1970canlii195
3:reporter:scr:scr:1971:562	ca/scc/1971canlii123
3:reporter:scr:scr:1971:577	ca/scc/1970canlii196
3:reporter:scr:scr:1971:600	ca/scc/1971canlii129
3:reporter:scr:scr:1971:601	ca/scc/1970canlii197
3:reporter:scr:scr:1971:609	ca/scc/1970canlii27
3:reporter:scr:scr:1971:614	ca/scc/1971canlii130
3:reporter:scr:scr:1971:623	ca/scc/1971canlii131
3:reporter:scr:scr:1971:628	ca/scc/1970canlii28
3:reporter:scr:scr:1971:63	ca/scc/1970canlii130
3:reporter:scr:scr:1971:637	ca/scc/1970canlii198
3:reporter:scr:scr:1971:643	ca/scc/1971canlii132
3:reporter:scr:scr:1971:650	ca/scc/1971canlii133
3:reporter:scr:scr:1971:669	ca/scc/1971canlii134
3:reporter:scr:scr:1971:670	ca/scc/1970canlii204
3:reporter:scr:scr:1971:680	ca/scc/1971canlii831
3:reporter:scr:scr:1971:689	ca/scc/1971canlii193
3:reporter:scr:scr:1971:72	ca/scc/1970canlii134
3:reporter:scr:scr:1971:725	ca/scc/1971canlii136
3:reporter:scr:scr:1971:738	ca/scc/1970canlii30
3:reporter:scr:scr:1971:746	ca/scc/1971canlii8
3:reporter:scr:scr:1971:756	ca/scc/1971canlii1
3:reporter:scr:scr:1971:781	ca/scc/1970canlii199
3:reporter:scr:scr:1971:81	ca/scc/1970canlii137
3:reporter:scr:scr:1971:817	ca/scc/1971canlii137
3:reporter:scr:scr:1971:821	ca/scc/1971canlii138
3:reporter:scr:scr:1971:831	ca/scc/1971canlii139
3:reporter:scr:scr:1971:849	ca/scc/1971canlii140
3:reporter:scr:scr:1971:888	ca/scc/1971canlii11
3:reporter:scr:scr:1971:90	ca/scc/1970canlii139
3:reporter:scr:scr:1971:906	ca/scc/1971canlii141
3:reporter:scr:scr:1971:92	ca/scc/1970canlii143
3:reporter:scr:scr:1971:933	ca/scc/1971canlii12
3:reporter:scr:scr:1971:943	ca/scc/1970canlii200
3:reporter:scr:scr:1971:95	ca/scc/1970canlii146
3:reporter:scr:scr:1971:957	ca/scc/1970canlii1
3:reporter:scr:scr:1971:973	ca/scc/1971canlii142
3:reporter:scr:scr:1971:981	ca/scc/1971canlii143
3:reporter:scr:scr:1971:991	ca/scc/1971canlii108
3:reporter:scr:scr:1971:997	ca/scc/1971canlii145
3:reporter:scr:scr:1972:101	ca/scc/1971canlii156
3:reporter:scr:scr:1972:118	ca/scc/1971canlii16
3:reporter:scr:scr:1972:119	ca/scc/1971canlii157
3:reporter:scr:scr:1972:135	ca/scc/1971canlii158
3:reporter:scr:scr:1972:150	ca/scc/1971canlii17
3:reporter:scr:scr:1972:160	ca/scc/1971canlii159
3:reporter:scr:scr:1972:165	ca/scc/1971canlii18
3:reporter:scr:scr:1972:175	ca/scc/1971canlii19
3:reporter:scr:scr:1972:18	ca/scc/1971canlii52
3:reporter:scr:scr:1972:182	ca/scc/1971canlii160
3:reporter:scr:scr:1972:2	ca/scc/1971canlii13
3:reporter:scr:scr:1972:201	ca/scc/1971canlii161
3:reporter:scr:scr:1972:216	ca/scc/1971canlii162
3:reporter:scr:scr:1972:22	ca/scc/1971canlii150
3:reporter:scr:scr:1972:227	ca/scc/1971canlii163
3:reporter:scr:scr:1972:234	ca/scc/1972canlii5
3:reporter:scr:scr:1972:244	ca/scc/1971canlii20
3:reporter:scr:scr:1972:259	ca/scc/1971canlii164
3:reporter:scr:scr:1972:26	ca/scc/1971canlii151
3:reporter:scr:scr:1972:268	ca/scc/1971canlii165
3:reporter:scr:scr:1972:278	ca/scc/1971canlii166
3:reporter:scr:scr:1972:285	ca/scc/1971canlii167
3:reporter:scr:scr:1972:289	ca/scc/1971canlii168
3:reporter:scr:scr:1972:29	ca/scc/1971canlii152
3:reporter:scr:scr:1972:295	ca/scc/1971canlii169
3:reporter:scr:scr:1972:303	ca/scc/1971canlii4
3:reporter:scr:scr:1972:319	ca/scc/1971canlii170
3:reporter:scr:scr:1972:343	ca/scc/1971canlii22
3:reporter:scr:scr:1972:359	ca/scc/1971canlii171
3:reporter:scr:scr:1972:368	ca/scc/1971canlii172
3:reporter:scr:scr:1972:380	ca/scc/1971canlii5
3:reporter:scr:scr:1972:387	ca/scc/1971canlii173
3:reporter:scr:scr:1972:419	ca/scc/1971canlii175
3:reporter:scr:scr:1972:42	ca/scc/1971canlii153
3:reporter:scr:scr:1972:435	ca/scc/1971canlii23
3:reporter:scr:scr:1972:441	ca/scc/1971canlii338
3:reporter:scr:scr:1972:471	ca/scc/1971canlii176
3:reporter:scr:scr:1972:478	ca/scc/1971canlii177
3:reporter:scr:scr:1972:490	ca/scc/1971canlii178
3:reporter:scr:scr:1972:498	ca/scc/1971canlii179
3:reporter:scr:scr:1972:506	ca/scc/1971canlii180
3:reporter:scr:scr:1972:525	ca/scc/1971canlii181
3:reporter:scr:scr:1972:553	ca/scc/1971canlii25
3:reporter:scr:scr:1972:564	ca/scc/1971canlii26
3:reporter:scr:scr:1972:569	ca/scc/1971canlii27
3:reporter:scr:scr:1972:577	ca/scc/1971canlii3
3:reporter:scr:scr:1972:600	ca/scc/1972canlii6
3:reporter:scr:scr:1972:61	ca/scc/1971canlii14
3:reporter:scr:scr:1972:625	ca/scc/1971canlii182
3:reporter:scr:scr:1972:640	ca/scc/1971canlii28
3:reporter:scr:scr:1972:653	ca/scc/1972canlii128
3:reporter:scr:scr:1972:660	ca/scc/1972canlii129
3:reporter:scr:scr:1972:67	ca/scc/1971canlii15
3:reporter:scr:scr:1972:670	ca/scc/1972canlii130
3:reporter:scr:scr:1972:678	ca/scc/1972canlii131
3:reporter:scr:scr:1972:686	ca/scc/1972canlii7
3:reporter:scr:scr:1972:703	ca/scc/1971canlii183
3:reporter:scr:scr:1972:733	ca/scc/1972canlii132
3:reporter:scr:scr:1972:746	ca/scc/1972canlii133
3:reporter:scr:scr:1972:755	ca/scc/1972canlii8
3:reporter:scr:scr:1972:769	ca/scc/1972canlii12
3:reporter:scr:scr:1972:811	ca/scc/1972canlii13
3:reporter:scr:scr:1972:821	ca/scc/1972canlii14
3:reporter:scr:scr:1972:829	ca/scc/1972canlii134
3:reporter:scr:scr:1972:845	ca/scc/1972canlii135
3:reporter:scr:scr:1972:879	ca/scc/1972canlii136
3:reporter:scr:scr:1972:889	ca/scc/1972canlii15
3:reporter:scr:scr:1972:89	ca/scc/1971canlii155
3:reporter:scr:scr:1972:917	ca/scc/1972canlii16
3:reporter:scr:scr:1972:926	ca/scc/1972canlii17
3:reporter:scr:scr:1973:10	ca/scc/1972canlii18
3:reporter:scr:scr:1973:102	ca/scc/1972canlii3
3:reporter:scr:scr:1973:108	ca/scc/1972canlii21
3:reporter:scr:scr:1973:120	ca/scc/1972canlii139
3:reporter:scr:scr:1973:131	ca/scc/1972canlii11
3:reporter:scr:scr:1973:171	ca/scc/1972canlii10
3:reporter:scr:scr:1973:189	ca/scc/1972canlii9
3:reporter:scr:scr:1973:199	ca/scc/1972canlii140
3:reporter:scr:scr:1973:2	ca/scc/1972canlii124
3:reporter:scr:scr:1973:205	ca/scc/1972canlii141
3:reporter:scr:scr:1973:21	ca/scc/1972canlii125
3:reporter:scr:scr:1973:220	ca/scc/1972canlii23
3:reporter:scr:scr:1973:232	ca/scc/1972canlii142
3:reporter:scr:scr:1973:256	ca/scc/1972canlii143
3:reporter:scr:scr:1973:266	ca/scc/1972canlii144
3:reporter:scr:scr:1973:268	ca/scc/1972canlii145
3:reporter:scr:scr:1973:281	ca/scc/1972canlii146
3:reporter:scr:scr:1973:303	ca/scc/1972canlii147
3:reporter:scr:scr:1973:31	ca/scc/1972canlii126
3:reporter:scr:scr:1973:313	ca/scc/1973canlii4
3:reporter:scr:scr:1973:38	ca/scc/1972canlii22
3:reporter:scr:scr:1973:42	ca/scc/1972canlii127
3:reporter:scr:scr:1973:428	ca/scc/1971canlii184
3:reporter:scr:scr:1973:437	ca/scc/1972canlii148
3:reporter:scr:scr:1973:456	ca/scc/1973canlii132
3:reporter:scr:scr:1973:466	ca/scc/1973canlii10
3:reporter:scr:scr:1973:493	ca/scc/1973canlii200
3:reporter:scr:scr:1973:529	ca/scc/1971canlii186
3:reporter:scr:scr:1973:541	ca/scc/1973canlii38
3:reporter:scr:scr:1973:55	ca/scc/1972canlii19
3:reporter:scr:scr:1973:552	ca/scc/1973canlii12
3:reporter:scr:scr:1973:568	ca/scc/1973canlii13
3:reporter:scr:scr:1973:588	ca/scc/1973canlii133
3:reporter:scr:scr:1973:596	ca/scc/1973canlii11
3:reporter:scr:scr:1973:609	ca/scc/1972canlii149
3:reporter:scr:scr:1973:621	ca/scc/1972canlii150
3:reporter:scr:scr:1973:628	ca/scc/1972canlii151
3:reporter:scr:scr:1973:635	ca/scc/1973canlii14
3:reporter:scr:scr:1973:65	ca/scc/1972canlii137
3:reporter:scr:scr:1973:654	ca/scc/1973canlii2
3:reporter:scr:scr:1973:673	ca/scc/1972canlii152
3:reporter:scr:scr:1973:681	ca/scc/1972canlii153
3:reporter:scr:scr:1973:694	ca/scc/1973canlii134
3:reporter:scr:scr:1973:702	ca/scc/1972canlii154
3:reporter:scr:scr:1973:708	ca/scc/1972canlii155
3:reporter:scr:scr:1973:716	ca/scc/1972canlii156
3:reporter:scr:scr:1973:723	ca/scc/1972canlii157
3:reporter:scr:scr:1973:735	ca/scc/1972canlii158
3:reporter:scr:scr:1973:741	ca/scc/1972canlii159
3:reporter:scr:scr:1973:747	ca/scc/1972canlii160
3:reporter:scr:scr:1973:751	ca/scc/1972canlii161
3:reporter:scr:scr:1973:756	ca/scc/1973canlii135
3:reporter:scr:scr:1973:790	ca/scc/1972canlii162
3:reporter:scr:scr:1973:792	ca/scc/1972canlii163
3:reporter:scr:scr:1973:802	ca/scc/1972canlii164
3:reporter:scr:scr:1973:814	ca/scc/1973canlii136
3:reporter:scr:scr:1973:820	ca/scc/1973canlii15
3:reporter:scr:scr:1973:833	ca/scc/1973canlii3
3:reporter:scr:scr:1973:85	ca/scc/1972canlii20
3:reporter:scr:scr:1973:859	ca/scc/1972canlii165
3:reporter:scr:scr:1973:891	ca/scc/1973canlii137
3:reporter:scr:scr:1973:97	ca/scc/1972canlii138
3:reporter:scr:scr:1974:1023	ca/scc/1973canlii161
3:reporter:scr:scr:1974:1037	ca/scc/1973canlii162
3:reporter:scr:scr:1974:1057	ca/scc/1972canlii184
3:reporter:scr:scr:1974:1062	ca/scc/1972canlii188
3:reporter:scr:scr:1974:1071	ca/scc/1973canlii167
3:reporter:scr:scr:1974:1088	ca/scc/1972canlii189
3:reporter:scr:scr:1974:1096	ca/scc/1973canlii168
3:reporter:scr:scr:1974:111	ca/scc/1972canlii167
3:reporter:scr:scr:1974:1111	ca/scc/1973canlii30
3:reporter:scr:scr:1974:1119	ca/scc/1972canlii190
3:reporter:scr:scr:1974:1129	ca/scc/1973canlii169
3:reporter:scr:scr:1974:1144	ca/scc/1972canlii191
3:reporter:scr:scr:1974:1153	ca/scc/1973canlii170
3:reporter:scr:scr:1974:1159	ca/scc/1973canlii171
3:reporter:scr:scr:1974:1176	ca/scc/1973canlii172
3:reporter:scr:scr:1974:1181	ca/scc/1973canlii173
3:reporter:scr:scr:1974:1189	ca/scc/1973canlii6
3:reporter:scr:scr:1974:1225	ca/scc/1972canlii192
3:reporter:scr:scr:1974:123	ca/scc/1972canlii168
3:reporter:scr:scr:1974:1248	ca/scc/1972canlii193
3:reporter:scr:scr:1974:1261	ca/scc/1973canlii174
3:reporter:scr:scr:1974:1286	ca/scc/1972canlii194
3:reporter:scr:scr:1974:133	ca/scc/1972canlii169
3:reporter:scr:scr:1974:1336	ca/scc/1972canlii195
3:reporter:scr:scr:1974:1349	ca/scc/1973canlii175
3:reporter:scr:scr:1974:155	ca/scc/1971canlii190
3:reporter:scr:scr:1974:158	ca/scc/1973canlii17
3:reporter:scr:scr:1974:175	ca/scc/1973canlii143
3:reporter:scr:scr:1974:185	ca/scc/1972canlii170
3:reporter:scr:scr:1974:195	ca/scc/1972canlii171
3:reporter:scr:scr:1974:2	ca/scc/1971canlii187
3:reporter:scr:scr:1974:206	ca/scc/1972canlii172
3:reporter:scr:scr:1974:22	ca/scc/1973canlii138
3:reporter:scr:scr:1974:239	ca/scc/1973canlii16
3:reporter:scr:scr:1974:253	ca/scc/1972canlii25
3:reporter:scr:scr:1974:273	ca/scc/1972canlii174
3:reporter:scr:scr:1974:278	ca/scc/1972canlii26
3:reporter:scr:scr:1974:287	ca/scc/1972canlii27
3:reporter:scr:scr:1974:31	ca/scc/1973canlii139
3:reporter:scr:scr:1974:315	ca/scc/1973canlii144
3:reporter:scr:scr:1974:335	ca/scc/1973canlii18
3:reporter:scr:scr:1974:354	ca/scc/1973canlii145
3:reporter:scr:scr:1974:387	ca/scc/1972canlii175
3:reporter:scr:scr:1974:399	ca/scc/1973canlii146
3:reporter:scr:scr:1974:409	ca/scc/1973canlii19
3:reporter:scr:scr:1974:419	ca/scc/1971canlii191
3:reporter:scr:scr:1974:42	ca/scc/1973canlii140
3:reporter:scr:scr:1974:435	ca/scc/1973canlii147
3:reporter:scr:scr:1974:438	ca/scc/1972canlii176
3:reporter:scr:scr:1974:443	ca/scc/1973canlii148
3:reporter:scr:scr:1974:449	ca/scc/1973canlii149
3:reporter:scr:scr:1974:474	ca/scc/1973canlii150
3:reporter:scr:scr:1974:481	ca/scc/1973canlii20
3:reporter:scr:scr:1974:491	ca/scc/1973canlii151
3:reporter:scr:scr:1974:501	ca/scc/1973canlii152
3:reporter:scr:scr:1974:514	ca/scc/1971canlii192
3:reporter:scr:scr:1974:52	ca/scc/1973canlii141
3:reporter:scr:scr:1974:526	ca/scc/1973canlii153
3:reporter:scr:scr:1974:565	ca/scc/1973canlii21
3:reporter:scr:scr:1974:573	ca/scc/1973canlii22
3:reporter:scr:scr:1974:584	ca/scc/1973canlii154
3:reporter:scr:scr:1974:59	ca/scc/1971canlii188
3:reporter:scr:scr:1974:592	ca/scc/1973canlii23
3:reporter:scr:scr:1974:623	ca/scc/1973canlii155
3:reporter:scr:scr:1974:635	ca/scc/1973canlii24
3:reporter:scr:scr:1974:640	ca/scc/1973canlii25
3:reporter:scr:scr:1974:649	ca/scc/1973canlii156
3:reporter:scr:scr:1974:659	ca/scc/1973canlii157
3:reporter:scr:scr:1974:675	ca/scc/1973canlii26
3:reporter:scr:scr:1974:695	ca/scc/1973canlii8
3:reporter:scr:scr:1974:730	ca/scc/1972canlii178
3:reporter:scr:scr:1974:749	ca/scc/1972canlii179
3:reporter:scr:scr:1974:762	ca/scc/1973canlii158
3:reporter:scr:scr:1974:779	ca/scc/1973canlii163
3:reporter:scr:scr:1974:788	ca/scc/1973canlii27
3:reporter:scr:scr:1974:793	ca/scc/1973canlii28
3:reporter:scr:scr:1974:803	ca/scc/1973canlii164
3:reporter:scr:scr:1974:824	ca/scc/1972canlii185
3:reporter:scr:scr:1974:826	ca/scc/1973canlii165
3:reporter:scr:scr:1974:83	ca/scc/1973canlii142
3:reporter:scr:scr:1974:832	ca/scc/1973canlii166
3:reporter:scr:scr:1974:839	ca/scc/1972canlii186
3:reporter:scr:scr:1974:845	ca/scc/1972canlii187
3:reporter:scr:scr:1974:850	ca/scc/1973canlii5
3:reporter:scr:scr:1974:875	ca/scc/1972canlii4
3:reporter:scr:scr:1974:887	ca/scc/1972canlii180
3:reporter:scr:scr:1974:898	ca/scc/1972canlii181
3:reporter:scr:scr:1974:903	ca/scc/1973canlii29
3:reporter:scr:scr:1974:920	ca/scc/1973canlii159
3:reporter:scr:scr:1974:933	ca/scc/1973canlii160
3:reporter:scr:scr:1974:955	ca/scc/1972canlii182
3:reporter:scr:scr:1974:98	ca/scc/1971canlii189
3:reporter:scr:scr:1975:1:109	ca/scc/1974canlii133
3:reporter:scr:scr:1975:1:115	ca/scc/1974canlii5
3:reporter:scr:scr:1975:1:118	ca/scc/1973canlii182
3:reporter:scr:scr:1975:1:138	ca/scc/1974canlii6
3:reporter:scr:scr:1975:1:164	ca/scc/1974canlii134
3:reporter:scr:scr:1975:1:171	ca/scc/1974canlii199
3:reporter:scr:scr:1975:1:178	ca/scc/1973canlii183
3:reporter:scr:scr:1975:1:190	ca/scc/1974canlii135
3:reporter:scr:scr:1975:1:2	ca/scc/1973canlii31
3:reporter:scr:scr:1975:1:228	ca/scc/1973canlii184
3:reporter:scr:scr:1975:1:25	ca/scc/1973canlii177
3:reporter:scr:scr:1975:1:251	ca/scc/1973canlii185
3:reporter:scr:scr:1975:1:262	ca/scc/1973canlii186
3:reporter:scr:scr:1975:1:263	ca/scc/1973canlii187
3:reporter:scr:scr:1975:1:266	ca/scc/1974canlii136
3:reporter:scr:scr:1975:1:273	ca/scc/1974canlii7
3:reporter:scr:scr:1975:1:285	ca/scc/1974canlii8
3:reporter:scr:scr:1975:1:303	ca/scc/1974canlii137
3:reporter:scr:scr:1975:1:332	ca/scc/1974canlii9
3:reporter:scr:scr:1975:1:338	ca/scc/1973canlii188
3:reporter:scr:scr:1975:1:347	ca/scc/1973canlii189
3:reporter:scr:scr:1975:1:365	ca/scc/1974canlii10
3:reporter:scr:scr:1975:1:376	ca/scc/1973canlii190
3:reporter:scr:scr:1975:1:382	ca/scc/1973canlii191
3:reporter:scr:scr:1975:1:39	ca/scc/1973canlii32
3:reporter:scr:scr:1975:1:393	ca/scc/1973canlii192
3:reporter:scr:scr:1975:1:40	ca/scc/1973canlii33
3:reporter:scr:scr:1975:1:411	ca/scc/1974canlii15
3:reporter:scr:scr:1975:1:423	ca/scc/1973canlii193
3:reporter:scr:scr:1975:1:458	ca/scc/1974canlii138
3:reporter:scr:scr:1975:1:46	ca/scc/1973canlii34
3:reporter:scr:scr:1975:1:472	ca/scc/1974canlii139
3:reporter:scr:scr:1975:1:48	ca/scc/1973canlii178
3:reporter:scr:scr:1975:1:485	ca/scc/1974canlii11
3:reporter:scr:scr:1975:1:494	ca/scc/1973canlii194
3:reporter:scr:scr:1975:1:5	ca/scc/1973canlii176
3:reporter:scr:scr:1975:1:508	ca/scc/1974canlii140
3:reporter:scr:scr:1975:1:512	ca/scc/1974canlii141
3:reporter:scr:scr:1975:1:517	ca/scc/1974canlii12
3:reporter:scr:scr:1975:1:525	ca/scc/1973canlii195
3:reporter:scr:scr:1975:1:534	ca/scc/1974canlii142
3:reporter:scr:scr:1975:1:556	ca/scc/1974canlii143
3:reporter:scr:scr:1975:1:56	ca/scc/1973canlii179
3:reporter:scr:scr:1975:1:566	ca/scc/1974canlii144
3:reporter:scr:scr:1975:1:592	ca/scc/1974canlii145
3:reporter:scr:scr:1975:1:618	ca/scc/1974canlii146
3:reporter:scr:scr:1975:1:630	ca/scc/1974canlii13
3:reporter:scr:scr:1975:1:665	ca/scc/1974canlii147
3:reporter:scr:scr:1975:1:677	ca/scc/1974canlii148
3:reporter:scr:scr:1975:1:68	ca/scc/1973canlii180
3:reporter:scr:scr:1975:1:684	ca/scc/1974canlii149
3:reporter:scr:scr:1975:1:693	ca/scc/1974canlii150
3:reporter:scr:scr:1975:1:720	ca/scc/1974canlii151
3:reporter:scr:scr:1975:1:724	ca/scc/1974canlii152
3:reporter:scr:scr:1975:1:729	ca/scc/1974canlii14
3:reporter:scr:scr:1975:1:756	ca/scc/1974canlii153
3:reporter:scr:scr:1975:1:78	ca/scc/1974canlii3
3:reporter:scr:scr:1975:1:786	ca/scc/1974canlii154
3:reporter:scr:scr:1975:1:87	ca/scc/1974canlii4
3:reporter:scr:scr:1975:1:97	ca/scc/1973canlii181
3:reporter:scr:scr:1975:2:107	ca/scc/1974canlii161
3:reporter:scr:scr:1975:2:115	ca/scc/1974canlii162
3:reporter:scr:scr:1975:2:121	ca/scc/1973canlii196
3:reporter:scr:scr:1975:2:124	ca/scc/1974canlii163
3:reporter:scr:scr:1975:2:151	ca/scc/1973canlii197
3:reporter:scr:scr:1975:2:160	ca/scc/1973canlii198
3:reporter:scr:scr:1975:2:182	ca/scc/1974canlii164
3:reporter:scr:scr:1975:2:2	ca/scc/1974canlii155
3:reporter:scr:scr:1975:2:201	ca/scc/1973canlii35
3:reporter:scr:scr:1975:2:222	ca/scc/1974canlii165
3:reporter:scr:scr:1975:2:233	ca/scc/1974canlii166
3:reporter:scr:scr:1975:2:248	ca/scc/1974canlii168
3:reporter:scr:scr:1975:2:275	ca/scc/1973canlii199
3:reporter:scr:scr:1975:2:294	ca/scc/1974canlii170
3:reporter:scr:scr:1975:2:306	ca/scc/1974canlii19
3:reporter:scr:scr:1975:2:311	ca/scc/1974canlii20
3:reporter:scr:scr:1975:2:32	ca/scc/1974canlii156
3:reporter:scr:scr:1975:2:345	ca/scc/1974canlii171
3:reporter:scr:scr:1975:2:354	ca/scc/1974canlii172
3:reporter:scr:scr:1975:2:37	ca/scc/1974canlii157
3:reporter:scr:scr:1975:2:381	ca/scc/1974canlii173
3:reporter:scr:scr:1975:2:388	ca/scc/1974canlii174
3:reporter:scr:scr:1975:2:402	ca/scc/1973canlii36
3:reporter:scr:scr:1975:2:414	ca/scc/1974canlii21
3:reporter:scr:scr:1975:2:426	ca/scc/1973canlii37
3:reporter:scr:scr:1975:2:449	ca/scc/1974canlii175
3:reporter:scr:scr:1975:2:465	ca/scc/1974canlii177
3:reporter:scr:scr:1975:2:47	ca/scc/1974canlii158
3:reporter:scr:scr:1975:2:477	ca/scc/1974canlii178
3:reporter:scr:scr:1975:2:485	ca/scc/1974canlii179
3:reporter:scr:scr:1975:2:503	ca/scc/1974canlii180
3:reporter:scr:scr:1975:2:507	ca/scc/1974canlii22
3:reporter:scr:scr:1975:2:523	ca/scc/1974canlii181
3:reporter:scr:scr:1975:2:539	ca/scc/1974canlii182
3:reporter:scr:scr:1975:2:546	ca/scc/1974canlii183
3:reporter:scr:scr:1975:2:560	ca/scc/1974canlii184
3:reporter:scr:scr:1975:2:574	ca/scc/1974canlii185
3:reporter:scr:scr:1975:2:599	ca/scc/1974canlii186
3:reporter:scr:scr:1975:2:62	ca/scc/1974canlii159
3:reporter:scr:scr:1975:2:624	ca/scc/1974canlii23
3:reporter:scr:scr:1975:2:633	ca/scc/1974canlii187
3:reporter:scr:scr:1975:2:663	ca/scc/1974canlii188
3:reporter:scr:scr:1975:2:678	ca/scc/1974canlii189
3:reporter:scr:scr:1975:2:70	ca/scc/1974canlii16
3:reporter:scr:scr:1975:2:715	ca/scc/1974canlii190
3:reporter:scr:scr:1975:2:739	ca/scc/1974canlii191
3:reporter:scr:scr:1975:2:749	ca/scc/1974canlii192
3:reporter:scr:scr:1975:2:767	ca/scc/1974canlii24
3:reporter:scr:scr:1975:2:78	ca/scc/1974canlii17
3:reporter:scr:scr:1975:2:790	ca/scc/1974canlii193
3:reporter:scr:scr:1975:2:805	ca/scc/1974canlii194
3:reporter:scr:scr:1975:2:820	ca/scc/1974canlii195
3:reporter:scr:scr:1975:2:831	ca/scc/1974canlii196
3:reporter:scr:scr:1975:2:846	ca/scc/1974canlii25
3:reporter:scr:scr:1975:2:86	ca/scc/1974canlii160
3:reporter:scr:scr:1975:2:866	ca/scc/1974canlii26
3:reporter:scr:scr:1975:2:881	ca/scc/1974canlii197
3:reporter:scr:scr:1975:2:884	ca/scc/1974canlii198
3:reporter:scr:scr:1975:2:95	ca/scc/1974canlii18
3:reporter:scr:scr:1976:1:101	ca/scc/1974canlii205
3:reporter:scr:scr:1976:1:108	ca/scc/1974canlii1
3:reporter:scr:scr:1976:1:117	ca/scc/1974canlii206
3:reporter:scr:scr:1976:1:13	ca/scc/1975canlii18
3:reporter:scr:scr:1976:1:132	ca/scc/1974canlii207
3:reporter:scr:scr:1976:1:144	ca/scc/1974canlii208
3:reporter:scr:scr:1976:1:152	ca/scc/1974canlii209
3:reporter:scr:scr:1976:1:162	ca/scc/1975canlii19
3:reporter:scr:scr:1976:1:170	ca/scc/1975canlii137
3:reporter:scr:scr:1976:1:2	ca/scc/1974canlii200
3:reporter:scr:scr:1976:1:20	ca/scc/1974canlii201
3:reporter:scr:scr:1976:1:219	ca/scc/1974canlii210
3:reporter:scr:scr:1976:1:225	ca/scc/1975canlii20
3:reporter:scr:scr:1976:1:240	ca/scc/1974canlii211
3:reporter:scr:scr:1976:1:245	ca/scc/1974canlii212
3:reporter:scr:scr:1976:1:254	ca/scc/1975canlii5
3:reporter:scr:scr:1976:1:267	ca/scc/1975canlii6
3:reporter:scr:scr:1976:1:284	ca/scc/1974canlii213
3:reporter:scr:scr:1976:1:286	ca/scc/1974canlii214
3:reporter:scr:scr:1976:1:292	ca/scc/1975canlii138
3:reporter:scr:scr:1976:1:294	ca/scc/1975canlii139
3:reporter:scr:scr:1976:1:296	ca/scc/1975canlii140
3:reporter:scr:scr:1976:1:309	ca/scc/1975canlii141
3:reporter:scr:scr:1976:1:319	ca/scc/1974canlii30
3:reporter:scr:scr:1976:1:33	ca/scc/1974canlii202
3:reporter:scr:scr:1976:1:341	ca/scc/1975canlii205
3:reporter:scr:scr:1976:1:353	ca/scc/1975canlii206
3:reporter:scr:scr:1976:1:363	ca/scc/1975canlii208
3:reporter:scr:scr:1976:1:376	ca/scc/1975canlii7
3:reporter:scr:scr:1976:1:385	ca/scc/1975canlii209
3:reporter:scr:scr:1976:1:386	ca/scc/1975canlii210
3:reporter:scr:scr:1976:1:387	ca/scc/1975canlii211
3:reporter:scr:scr:1976:1:39	ca/scc/1974canlii203
3:reporter:scr:scr:1976:1:453	ca/scc/1974canlii216
3:reporter:scr:scr:1976:1:477	ca/scc/1975canlii212
3:reporter:scr:scr:1976:1:49	ca/scc/1974canlii27
3:reporter:scr:scr:1976:1:527	ca/scc/1975canlii213
3:reporter:scr:scr:1976:1:53	ca/scc/1974canlii28
3:reporter:scr:scr:1976:1:541	ca/scc/1975canlii214
3:reporter:scr:scr:1976:1:555	ca/scc/1974canlii2
3:reporter:scr:scr:1976:1:572	ca/scc/1975canlii215
3:reporter:scr:scr:1976:1:580	ca/scc/1975canlii170
3:reporter:scr:scr:1976:1:588	ca/scc/1975canlii172
3:reporter:scr:scr:1976:1:595	ca/scc/1974canlii31
3:reporter:scr:scr:1976:1:616	ca/scc/1975canlii8
3:reporter:scr:scr:1976:1:687	ca/scc/1975canlii174
3:reporter:scr:scr:1976:1:711	ca/scc/1975canlii176
3:reporter:scr:scr:1976:1:718	ca/scc/1975canlii9
3:reporter:scr:scr:1976:1:735	ca/scc/1975canlii180
3:reporter:scr:scr:1976:1:751	ca/scc/1975canlii202
3:reporter:scr:scr:1976:1:763	ca/scc/1975canlii318
3:reporter:scr:scr:1976:1:776	ca/scc/1975canlii23
3:reporter:scr:scr:1976:1:781	ca/scc/1975canlii142
3:reporter:scr:scr:1976:1:783	ca/scc/1975canlii144
3:reporter:scr:scr:1976:1:786	ca/scc/1975canlii319
3:reporter:scr:scr:1976:1:815	ca/scc/1975canlii147
3:reporter:scr:scr:1976:1:89	ca/scc/1974canlii204
3:reporter:scr:scr:1976:1:9	ca/scc/1975canlii17
3:reporter:scr:scr:1976:2:101	ca/scc/1975canlii154
3:reporter:scr:scr:1976:2:112	ca/scc/1975canlii155
3:reporter:scr:scr:1976:2:137	ca/scc/1975canlii157
3:reporter:scr:scr:1976:2:147	ca/scc/1975canlii156
3:reporter:scr:scr:1976:2:168	ca/scc/1975canlii158
3:reporter:scr:scr:1976:2:183	ca/scc/1975canlii159
3:reporter:scr:scr:1976:2:200	ca/scc/1975canlii160
3:reporter:scr:scr:1976:2:221	ca/scc/1975canlii26
3:reporter:scr:scr:1976:2:255	ca/scc/1975canlii27
3:reporter:scr:scr:1976:2:259	ca/scc/1975canlii28
3:reporter:scr:scr:1976:2:265	ca/scc/1975canlii14
3:reporter:scr:scr:1976:2:272	ca/scc/1975canlii161
3:reporter:scr:scr:1976:2:292	ca/scc/1975canlii29
3:reporter:scr:scr:1976:2:308	ca/scc/1975canlii30
3:reporter:scr:scr:1976:2:324	ca/scc/1975canlii15
3:reporter:scr:scr:1976:2:349	ca/scc/1975canlii162
3:reporter:scr:scr:1976:2:35	ca/scc/1975canlii25
3:reporter:scr:scr:1976:2:366	ca/scc/1975canlii163
3:reporter:scr:scr:1976:2:373	ca/scc/1976canlii16
3:reporter:scr:scr:1976:2:46	ca/scc/1975canlii151
3:reporter:scr:scr:1976:2:475	ca/scc/1975canlii164
3:reporter:scr:scr:1976:2:484	ca/scc/1975canlii165
3:reporter:scr:scr:1976:2:501	ca/scc/1975canlii31
3:reporter:scr:scr:1976:2:520	ca/scc/1975canlii32
3:reporter:scr:scr:1976:2:531	ca/scc/1975canlii33
3:reporter:scr:scr:1976:2:56	ca/scc/1975canlii13
3:reporter:scr:scr:1976:2:561	ca/scc/1975canlii166
3:reporter:scr:scr:1976:2:570	ca/scc/1975canlii101
3:reporter:scr:scr:1976:2:599	ca/scc/1975canlii168
3:reporter:scr:scr:1976:2:606	ca/scc/1975canlii169
3:reporter:scr:scr:1976:2:621	ca/scc/1975canlii16
3:reporter:scr:scr:1976:2:640	ca/scc/1975canlii125
3:reporter:scr:scr:1976:2:651	ca/scc/1975canlii173
3:reporter:scr:scr:1976:2:675	ca/scc/1975canlii175
3:reporter:scr:scr:1976:2:680	ca/scc/1975canlii177
3:reporter:scr:scr:1976:2:695	ca/scc/1975canlii181
3:reporter:scr:scr:1976:2:721	ca/scc/1975canlii34
3:reporter:scr:scr:1976:2:739	ca/scc/1975canlii204
3:reporter:scr:scr:1976:2:751	ca/scc/1975canlii143
3:reporter:scr:scr:1976:2:78	ca/scc/1975canlii152
3:reporter:scr:scr:1976:2:789	ca/scc/1975canlii145
3:reporter:scr:scr:1976:2:796	ca/scc/1975canlii35
3:reporter:scr:scr:1976:2:802	ca/scc/1975canlii146
3:reporter:scr:scr:1976:2:825	ca/scc/1976canlii19
3:reporter:scr:scr:1976:2:834	ca/scc/1975canlii148
3:reporter:scr:scr:1976:2:842	ca/scc/1975canlii149
3:reporter:scr:scr:1976:2:86	ca/scc/1975canlii153
3:reporter:scr:scr:1976:2:9	ca/scc/1975canlii12
3:reporter:scr:scr:1977:1:101	ca/scc/1975canlii36
3:reporter:scr:scr:1977:1:112	ca/scc/1975canlii183
3:reporter:scr:scr:1977:1:147	ca/scc/1975canlii1
3:reporter:scr:scr:1977:1:169	ca/scc/1976canlii35
3:reporter:scr:scr:1977:1:175	ca/scc/1975canlii184
3:reporter:scr:scr:1977:1:181	ca/scc/1975canlii185
3:reporter:scr:scr:1977:1:193	ca/scc/1977canlii212
3:reporter:scr:scr:1977:1:195	ca/scc/1976canlii150
3:reporter:scr:scr:1977:1:2	ca/scc/1976canlii20
3:reporter:scr:scr:1977:1:200	ca/scc/1976canlii151
3:reporter:scr:scr:1977:1:217	ca/scc/1975canlii186
3:reporter:scr:scr:1977:1:238	ca/scc/1976canlii3
3:reporter:scr:scr:1977:1:248	ca/scc/1976canlii152
3:reporter:scr:scr:1977:1:25	ca/scc/1976canlii21
3:reporter:scr:scr:1977:1:261	ca/scc/1976canlii153
3:reporter:scr:scr:1977:1:271	ca/scc/1975canlii4
3:reporter:scr:scr:1977:1:293	ca/scc/1976canlii154
3:reporter:scr:scr:1977:1:310	ca/scc/1975canlii187
3:reporter:scr:scr:1977:1:314	ca/scc/1975canlii188
3:reporter:scr:scr:1977:1:32	ca/scc/1975canlii178
3:reporter:scr:scr:1977:1:322	ca/scc/1976canlii22
3:reporter:scr:scr:1977:1:334	ca/scc/1975canlii189
3:reporter:scr:scr:1977:1:339	ca/scc/1975canlii190
3:reporter:scr:scr:1977:1:362	ca/scc/1976canlii155
3:reporter:scr:scr:1977:1:371	ca/scc/1975canlii2
3:reporter:scr:scr:1977:1:385	ca/scc/1975canlii37
3:reporter:scr:scr:1977:1:390	ca/scc/1976canlii156
3:reporter:scr:scr:1977:1:399	ca/scc/1976canlii157
3:reporter:scr:scr:1977:1:40	ca/scc/1977canlii211
3:reporter:scr:scr:1977:1:41	ca/scc/1975canlii179
3:reporter:scr:scr:1977:1:413	ca/scc/1976canlii158
3:reporter:scr:scr:1977:1:418	ca/scc/1975canlii191
3:reporter:scr:scr:1977:1:429	ca/scc/1975canlii192
3:reporter:scr:scr:1977:1:441	ca/scc/1975canlii193
3:reporter:scr:scr:1977:1:456	ca/scc/1975canlii194
3:reporter:scr:scr:1977:1:466	ca/scc/1976canlii6
3:reporter:scr:scr:1977:1:486	ca/scc/1976canlii159
3:reporter:scr:scr:1977:1:500	ca/scc/1976canlii160
3:reporter:scr:scr:1977:1:509	ca/scc/1976canlii161
3:reporter:scr:scr:1977:1:51	ca/scc/1976canlii147
3:reporter:scr:scr:1977:1:517	ca/scc/1976canlii162
3:reporter:scr:scr:1977:1:536	ca/scc/1976canlii163
3:reporter:scr:scr:1977:1:547	ca/scc/1975canlii195
3:reporter:scr:scr:1977:1:558	ca/scc/1976canlii164
3:reporter:scr:scr:1977:1:570	ca/scc/1975canlii3
3:reporter:scr:scr:1977:1:581	ca/scc/1975canlii196
3:reporter:scr:scr:1977:1:597	ca/scc/1976canlii11
3:reporter:scr:scr:1977:1:612	ca/scc/1976canlii23
3:reporter:scr:scr:1977:1:629	ca/scc/1975canlii197
3:reporter:scr:scr:1977:1:640	ca/scc/1975canlii198
3:reporter:scr:scr:1977:1:650	ca/scc/1975canlii199
3:reporter:scr:scr:1977:1:659	ca/scc/1975canlii200
3:reporter:scr:scr:1977:1:673	ca/scc/1976canlii165
3:reporter:scr:scr:1977:1:703	ca/scc/1976canlii166
3:reporter:scr:scr:1977:1:71	ca/scc/1976canlii148
3:reporter:scr:scr:1977:1:712	ca/scc/1976canlii167
3:reporter:scr:scr:1977:1:713	ca/scc/1976canlii168
3:reporter:scr:scr:1977:1:714	ca/scc/1976canlii169
3:reporter:scr:scr:1977:1:722	ca/scc/1976canlii170
3:reporter:scr:scr:1977:1:758	ca/scc/1975canlii201
3:reporter:scr:scr:1977:1:785	ca/scc/1975canlii203
3:reporter:scr:scr:1977:1:793	ca/scc/1976canlii171
3:reporter:scr:scr:1977:1:802	ca/scc/1975canlii207
3:reporter:scr:scr:1977:1:814	ca/scc/1976canlii172
3:reporter:scr:scr:1977:1:826	ca/scc/1976canlii173
3:reporter:scr:scr:1977:1:827	ca/scc/1975canlii38
3:reporter:scr:scr:1977:1:91	ca/scc/1975canlii182
3:reporter:scr:scr:1977:1:99	ca/scc/1976canlii149
3:reporter:scr:scr:1977:2:1008	ca/scc/1976canlii209
3:reporter:scr:scr:1977:2:1025	ca/scc/1976canlii210
3:reporter:scr:scr:1977:2:1036	ca/scc/1976canlii92
3:reporter:scr:scr:1977:2:1054	ca/scc/1976canlii10
3:reporter:scr:scr:1977:2:1067	ca/scc/1976canlii8
3:reporter:scr:scr:1977:2:1090	ca/scc/1976canlii212
3:reporter:scr:scr:1977:2:1098	ca/scc/1976canlii213
3:reporter:scr:scr:1977:2:1112	ca/scc/1976canlii214
3:reporter:scr:scr:1977:2:1118	ca/scc/1976canlii215
3:reporter:scr:scr:1977:2:112	ca/scc/1976canlii179
3:reporter:scr:scr:1977:2:1132	ca/scc/1976canlii13
3:reporter:scr:scr:1977:2:121	ca/scc/1976canlii180
3:reporter:scr:scr:1977:2:13	ca/scc/1976canlii26
3:reporter:scr:scr:1977:2:134	ca/scc/1976canlii181
3:reporter:scr:scr:1977:2:179	ca/scc/1976canlii182
3:reporter:scr:scr:1977:2:189	ca/scc/1976canlii24
3:reporter:scr:scr:1977:2:198	ca/scc/1976canlii93
3:reporter:scr:scr:1977:2:2	ca/scc/1976canlii25
3:reporter:scr:scr:1977:2:205	ca/scc/1976canlii184
3:reporter:scr:scr:1977:2:207	ca/scc/1976canlii28
3:reporter:scr:scr:1977:2:218	ca/scc/1976canlii29
3:reporter:scr:scr:1977:2:23	ca/scc/1976canlii174
3:reporter:scr:scr:1977:2:238	ca/scc/1976canlii185
3:reporter:scr:scr:1977:2:256	ca/scc/1976canlii186
3:reporter:scr:scr:1977:2:264	ca/scc/1976canlii187
3:reporter:scr:scr:1977:2:267	ca/scc/1977canlii15
3:reporter:scr:scr:1977:2:269	ca/scc/1977canlii213
3:reporter:scr:scr:1977:2:271	ca/scc/1976canlii188
3:reporter:scr:scr:1977:2:277	ca/scc/1976canlii7
3:reporter:scr:scr:1977:2:293	ca/scc/1977canlii16
3:reporter:scr:scr:1977:2:302	ca/scc/1976canlii14
3:reporter:scr:scr:1977:2:326	ca/scc/1976canlii30
3:reporter:scr:scr:1977:2:342	ca/scc/1976canlii189
3:reporter:scr:scr:1977:2:355	ca/scc/1976canlii190
3:reporter:scr:scr:1977:2:36	ca/scc/1976canlii175
3:reporter:scr:scr:1977:2:384	ca/scc/1976canlii31
3:reporter:scr:scr:1977:2:399	ca/scc/1977canlii214
3:reporter:scr:scr:1977:2:400	ca/scc/1976canlii32
3:reporter:scr:scr:1977:2:412	ca/scc/1977canlii215
3:reporter:scr:scr:1977:2:413	ca/scc/1977canlii216
3:reporter:scr:scr:1977:2:414	ca/scc/1976canlii191
3:reporter:scr:scr:1977:2:422	ca/scc/1976canlii5
3:reporter:scr:scr:1977:2:45	ca/scc/1976canlii27
3:reporter:scr:scr:1977:2:456	ca/scc/1976canlii192
3:reporter:scr:scr:1977:2:490	ca/scc/1976canlii193
3:reporter:scr:scr:1977:2:503	ca/scc/1976canlii194
3:reporter:scr:scr:1977:2:504	ca/scc/1976canlii195
3:reporter:scr:scr:1977:2:520	ca/scc/1977canlii217
3:reporter:scr:scr:1977:2:521	ca/scc/1977canlii218
3:reporter:scr:scr:1977:2:522	ca/scc/1977canlii219
3:reporter:scr:scr:1977:2:523	ca/scc/1977canlii17
3:reporter:scr:scr:1977:2:537	ca/scc/1976canlii196
3:reporter:scr:scr:1977:2:55	ca/scc/1976canlii176
3:reporter:scr:scr:1977:2:554	ca/scc/1977canlii220
3:reporter:scr:scr:1977:2:566	ca/scc/1977canlii221
3:reporter:scr:scr:1977:2:568	ca/scc/1976canlii197
3:reporter:scr:scr:1977:2:576	ca/scc/1976canlii15
3:reporter:scr:scr:1977:2:600	ca/scc/1977canlii222
3:reporter:scr:scr:1977:2:601	ca/scc/1977canlii223
3:reporter:scr:scr:1977:2:602	ca/scc/1977canlii224
3:reporter:scr:scr:1977:2:603	ca/scc/1976canlii198
3:reporter:scr:scr:1977:2:620	ca/scc/1976canlii199
3:reporter:scr:scr:1977:2:621	ca/scc/1977canlii225
3:reporter:scr:scr:1977:2:623	ca/scc/1977canlii226
3:reporter:scr:scr:1977:2:624	ca/scc/1977canlii227
3:reporter:scr:scr:1977:2:626	ca/scc/1977canlii228
3:reporter:scr:scr:1977:2:628	ca/scc/1976canlii200
3:reporter:scr:scr:1977:2:646	ca/scc/1977canlii229
3:reporter:scr:scr:1977:2:654	ca/scc/1977canlii13
3:reporter:scr:scr:1977:2:665	ca/scc/1976canlii140
3:reporter:scr:scr:1977:2:67	ca/scc/1976canlii4
3:reporter:scr:scr:1977:2:680	ca/scc/1976canlii12
3:reporter:scr:scr:1977:2:717	ca/scc/1976canlii201
3:reporter:scr:scr:1977:2:729	ca/scc/1977canlii230
3:reporter:scr:scr:1977:2:740	ca/scc/1977canlii231
3:reporter:scr:scr:1977:2:748	ca/scc/1976canlii202
3:reporter:scr:scr:1977:2:762	ca/scc/1976canlii203
3:reporter:scr:scr:1977:2:791	ca/scc/1977canlii232
3:reporter:scr:scr:1977:2:793	ca/scc/1976canlii204
3:reporter:scr:scr:1977:2:805	ca/scc/1977canlii18
3:reporter:scr:scr:1977:2:812	ca/scc/1977canlii233
3:reporter:scr:scr:1977:2:817	ca/scc/1977canlii234
3:reporter:scr:scr:1977:2:822	ca/scc/1977canlii235
3:reporter:scr:scr:1977:2:824	ca/scc/1977canlii19
3:reporter:scr:scr:1977:2:832	ca/scc/1977canlii20
3:reporter:scr:scr:1977:2:849	ca/scc/1976canlii205
3:reporter:scr:scr:1977:2:85	ca/scc/1976canlii177
3:reporter:scr:scr:1977:2:858	ca/scc/1976canlii206
3:reporter:scr:scr:1977:2:872	ca/scc/1976canlii207
3:reporter:scr:scr:1977:2:897	ca/scc/1977canlii21
3:reporter:scr:scr:1977:2:915	ca/scc/1976canlii33
3:reporter:scr:scr:1977:2:959	ca/scc/1976canlii34
3:reporter:scr:scr:1977:2:97	ca/scc/1976canlii178
3:reporter:scr:scr:1977:2:996	ca/scc/1976canlii208
3:reporter:scr:scr:1978:1:1007	ca/scc/1977canlii186
3:reporter:scr:scr:1978:1:1015	ca/scc/1977canlii187
3:reporter:scr:scr:1978:1:1017	ca/scc/1977canlii188
3:reporter:scr:scr:1978:1:1018	ca/scc/1977canlii189
3:reporter:scr:scr:1978:1:1020	ca/scc/1977canlii190
3:reporter:scr:scr:1978:1:1021	ca/scc/1977canlii191
3:reporter:scr:scr:1978:1:104	ca/scc/1977canlii3
3:reporter:scr:scr:1978:1:1047	ca/scc/1977canlii192
3:reporter:scr:scr:1978:1:1048	ca/scc/1977canlii193
3:reporter:scr:scr:1978:1:1064	ca/scc/1977canlii194
3:reporter:scr:scr:1978:1:1092	ca/scc/1977canlii195
3:reporter:scr:scr:1978:1:1095	ca/scc/1977canlii34
3:reporter:scr:scr:1978:1:1096	ca/scc/1977canlii35
3:reporter:scr:scr:1978:1:1097	ca/scc/1977canlii196
3:reporter:scr:scr:1978:1:1107	ca/scc/1977canlii197
3:reporter:scr:scr:1978:1:1123	ca/scc/1977canlii198
3:reporter:scr:scr:1978:1:1148	ca/scc/1977canlii36
3:reporter:scr:scr:1978:1:118	ca/scc/1977canlii4
3:reporter:scr:scr:1978:1:134	ca/scc/1976canlii141
3:reporter:scr:scr:1978:1:152	ca/scc/1976canlii1
3:reporter:scr:scr:1978:1:18	ca/scc/1977canlii23
3:reporter:scr:scr:1978:1:2	ca/scc/1977canlii22
3:reporter:scr:scr:1978:1:230	ca/scc/1976canlii142
3:reporter:scr:scr:1978:1:243	ca/scc/1977canlii153
3:reporter:scr:scr:1978:1:247	ca/scc/1977canlii154
3:reporter:scr:scr:1978:1:275	ca/scc/1977canlii156
3:reporter:scr:scr:1978:1:289	ca/scc/1977canlii157
3:reporter:scr:scr:1978:1:29	ca/scc/1977canlii2
3:reporter:scr:scr:1978:1:308	ca/scc/1977canlii158
3:reporter:scr:scr:1978:1:317	ca/scc/1976canlii138
3:reporter:scr:scr:1978:1:332	ca/scc/1976canlii144
3:reporter:scr:scr:1978:1:361	ca/scc/1976canlii145
3:reporter:scr:scr:1978:1:369	ca/scc/1976canlii2
3:reporter:scr:scr:1978:1:408	ca/scc/1976canlii146
3:reporter:scr:scr:1978:1:427	ca/scc/1976canlii36
3:reporter:scr:scr:1978:1:441	ca/scc/1977canlii159
3:reporter:scr:scr:1978:1:447	ca/scc/1977canlii160
3:reporter:scr:scr:1978:1:458	ca/scc/1977canlii161
3:reporter:scr:scr:1978:1:470	ca/scc/1977canlii162
3:reporter:scr:scr:1978:1:480	ca/scc/1977canlii5
3:reporter:scr:scr:1978:1:490	ca/scc/1977canlii163
3:reporter:scr:scr:1978:1:491	ca/scc/1977canlii6
3:reporter:scr:scr:1978:1:506	ca/scc/1977canlii7
3:reporter:scr:scr:1978:1:524	ca/scc/1977canlii164
3:reporter:scr:scr:1978:1:538	ca/scc/1977canlii25
3:reporter:scr:scr:1978:1:548	ca/scc/1977canlii26
3:reporter:scr:scr:1978:1:559	ca/scc/1977canlii166
3:reporter:scr:scr:1978:1:570	ca/scc/1977canlii167
3:reporter:scr:scr:1978:1:591	ca/scc/1977canlii168
3:reporter:scr:scr:1978:1:605	ca/scc/1977canlii8
3:reporter:scr:scr:1978:1:61	ca/scc/1977canlii150
3:reporter:scr:scr:1978:1:622	ca/scc/1977canlii27
3:reporter:scr:scr:1978:1:632	ca/scc/1977canlii169
3:reporter:scr:scr:1978:1:640	ca/scc/1977canlii28
3:reporter:scr:scr:1978:1:646	ca/scc/1977canlii170
3:reporter:scr:scr:1978:1:660	ca/scc/1977canlii9
3:reporter:scr:scr:1978:1:672	ca/scc/1977canlii171
3:reporter:scr:scr:1978:1:696	ca/scc/1977canlii172
3:reporter:scr:scr:1978:1:708	ca/scc/1977canlii173
3:reporter:scr:scr:1978:1:731	ca/scc/1977canlii174
3:reporter:scr:scr:1978:1:753	ca/scc/1977canlii175
3:reporter:scr:scr:1978:1:8	ca/scc/1977canlii1
3:reporter:scr:scr:1978:1:810	ca/scc/1977canlii176
3:reporter:scr:scr:1978:1:818	ca/scc/1977canlii177
3:reporter:scr:scr:1978:1:819	ca/scc/1977canlii178
3:reporter:scr:scr:1978:1:84	ca/scc/1977canlii151
3:reporter:scr:scr:1978:1:851	ca/scc/1977canlii10
3:reporter:scr:scr:1978:1:860	ca/scc/1977canlii11
3:reporter:scr:scr:1978:1:884	ca/scc/1977canlii179
3:reporter:scr:scr:1978:1:893	ca/scc/1977canlii29
3:reporter:scr:scr:1978:1:907	ca/scc/1977canlii180
3:reporter:scr:scr:1978:1:918	ca/scc/1977canlii30
3:reporter:scr:scr:1978:1:937	ca/scc/1977canlii181
3:reporter:scr:scr:1978:1:95	ca/scc/1977canlii152
3:reporter:scr:scr:1978:1:951	ca/scc/1977canlii31
3:reporter:scr:scr:1978:1:969	ca/scc/1977canlii182
3:reporter:scr:scr:1978:1:970	ca/scc/1977canlii2124
3:reporter:scr:scr:1978:1:972	ca/scc/1977canlii183
3:reporter:scr:scr:1978:1:974	ca/scc/1977canlii33
3:reporter:scr:scr:1978:1:988	ca/scc/1977canlii184
3:reporter:scr:scr:1978:1:999	ca/scc/1977canlii185
3:reporter:scr:scr:1978:2:1015	ca/scc/1978canlii213
3:reporter:scr:scr:1978:2:1030	ca/scc/1978canlii36
3:reporter:scr:scr:1978:2:1039	ca/scc/1978canlii214
3:reporter:scr:scr:1978:2:1072	ca/scc/1978canlii215
3:reporter:scr:scr:1978:2:1088	ca/scc/1978canlii37
3:reporter:scr:scr:1978:2:1107	ca/scc/1978canlii181
3:reporter:scr:scr:1978:2:112	ca/scc/1977canlii37
3:reporter:scr:scr:1978:2:1121	ca/scc/1978canlii182
3:reporter:scr:scr:1978:2:1153	ca/scc/1978canlii38
3:reporter:scr:scr:1978:2:1175	ca/scc/1978canlii9
3:reporter:scr:scr:1978:2:1198	ca/scc/1978canlii10
3:reporter:scr:scr:1978:2:1299	ca/scc/1978canlii11
3:reporter:scr:scr:1978:2:133	ca/scc/1977canlii206
3:reporter:scr:scr:1978:2:1333	ca/scc/1978canlii216
3:reporter:scr:scr:1978:2:1346	ca/scc/1978canlii39
3:reporter:scr:scr:1978:2:135	ca/scc/1978canlii183
3:reporter:scr:scr:1978:2:1357	ca/scc/1978canlii217
3:reporter:scr:scr:1978:2:1382	ca/scc/1978canlii218
3:reporter:scr:scr:1978:2:139	ca/scc/1978canlii184
3:reporter:scr:scr:1978:2:141	ca/scc/1977canlii12
3:reporter:scr:scr:1978:2:15	ca/scc/1977canlii200
3:reporter:scr:scr:1978:2:191	ca/scc/1977canlii207
3:reporter:scr:scr:1978:2:2	ca/scc/1977canlii199
3:reporter:scr:scr:1978:2:211	ca/scc/1978canlii185
3:reporter:scr:scr:1978:2:229	ca/scc/1978canlii1
3:reporter:scr:scr:1978:2:267	ca/scc/1978canlii12
3:reporter:scr:scr:1978:2:287	ca/scc/1978canlii2
3:reporter:scr:scr:1978:2:342	ca/scc/1978canlii28
3:reporter:scr:scr:1978:2:375	ca/scc/1977canlii208
3:reporter:scr:scr:1978:2:385	ca/scc/1978canlii186
3:reporter:scr:scr:1978:2:391	ca/scc/1978canlii187
3:reporter:scr:scr:1978:2:392	ca/scc/1978canlii188
3:reporter:scr:scr:1978:2:393	ca/scc/1977canlii209
3:reporter:scr:scr:1978:2:434	ca/scc/1978canlii189
3:reporter:scr:scr:1978:2:436	ca/scc/1978canlii3
3:reporter:scr:scr:1978:2:44	ca/scc/1977canlii201
3:reporter:scr:scr:1978:2:476	ca/scc/1978canlii190
3:reporter:scr:scr:1978:2:487	ca/scc/1977canlii38
3:reporter:scr:scr:1978:2:504	ca/scc/1978canlii29
3:reporter:scr:scr:1978:2:511	ca/scc/1978canlii30
3:reporter:scr:scr:1978:2:516	ca/scc/1978canlii4
3:reporter:scr:scr:1978:2:529	ca/scc/1978canlii191
3:reporter:scr:scr:1978:2:605	ca/scc/1978canlii192
3:reporter:scr:scr:1978:2:612	ca/scc/1978canlii193
3:reporter:scr:scr:1978:2:62	ca/scc/1977canlii202
3:reporter:scr:scr:1978:2:621	ca/scc/1978canlii5
3:reporter:scr:scr:1978:2:631	ca/scc/1978canlii194
3:reporter:scr:scr:1978:2:638	ca/scc/1978canlii195
3:reporter:scr:scr:1978:2:64	ca/scc/1977canlii203
3:reporter:scr:scr:1978:2:662	ca/scc/1978canlii6
3:reporter:scr:scr:1978:2:702	ca/scc/1978canlii196
3:reporter:scr:scr:1978:2:704	ca/scc/1978canlii31
3:reporter:scr:scr:1978:2:716	ca/scc/1978canlii197
3:reporter:scr:scr:1978:2:718	ca/scc/1978canlii198
3:reporter:scr:scr:1978:2:719	ca/scc/1978canlii199
3:reporter:scr:scr:1978:2:728	ca/scc/1978canlii200
3:reporter:scr:scr:1978:2:736	ca/scc/1978canlii32
3:reporter:scr:scr:1978:2:749	ca/scc/1977canlii39
3:reporter:scr:scr:1978:2:770	ca/scc/1978canlii201
3:reporter:scr:scr:1978:2:79	ca/scc/1977canlii204
3:reporter:scr:scr:1978:2:801	ca/scc/1978canlii202
3:reporter:scr:scr:1978:2:818	ca/scc/1978canlii203
3:reporter:scr:scr:1978:2:830	ca/scc/1978canlii204
3:reporter:scr:scr:1978:2:834	ca/scc/1978canlii205
3:reporter:scr:scr:1978:2:836	ca/scc/1978canlii206
3:reporter:scr:scr:1978:2:838	ca/scc/1978canlii208
3:reporter:scr:scr:1978:2:852	ca/scc/1978canlii209
3:reporter:scr:scr:1978:2:858	ca/scc/1978canlii33
3:reporter:scr:scr:1978:2:864	ca/scc/1978canlii210
3:reporter:scr:scr:1978:2:869	ca/scc/1978canlii211
3:reporter:scr:scr:1978:2:897	ca/scc/1978canlii212
3:reporter:scr:scr:1978:2:907	ca/scc/1978canlii34
3:reporter:scr:scr:1978:2:916	ca/scc/1978canlii7
3:reporter:scr:scr:1978:2:940	ca/scc/1978canlii8
3:reporter:scr:scr:1978:2:97	ca/scc/1977canlii205
3:reporter:scr:scr:1978:2:988	ca/scc/1978canlii35
3:reporter:scr:scr:1979:1:100	ca/scc/1978canlii157
3:reporter:scr:scr:1979:1:101	ca/scc/1978canlii22
3:reporter:scr:scr:1979:1:1062	ca/scc/1979canlii206
3:reporter:scr:scr:1979:1:1067	ca/scc/1978canlii20
3:reporter:scr:scr:1979:1:120	ca/scc/1978canlii158
3:reporter:scr:scr:1979:1:146	ca/scc/1978canlii159
3:reporter:scr:scr:1979:1:16	ca/scc/1978canlii147
3:reporter:scr:scr:1979:1:17	ca/scc/1978canlii41
3:reporter:scr:scr:1979:1:18	ca/scc/1978canlii148
3:reporter:scr:scr:1979:1:183	ca/scc/1978canlii25
3:reporter:scr:scr:1979:1:195	ca/scc/1978canlii160
3:reporter:scr:scr:1979:1:2	ca/scc/1978canlii40
3:reporter:scr:scr:1979:1:215	ca/scc/1978canlii161
3:reporter:scr:scr:1979:1:218	ca/scc/1978canlii23
3:reporter:scr:scr:1979:1:261	ca/scc/1978canlii162
3:reporter:scr:scr:1979:1:275	ca/scc/1978canlii42
3:reporter:scr:scr:1979:1:297	ca/scc/1978canlii163
3:reporter:scr:scr:1979:1:311	ca/scc/1978canlii24
3:reporter:scr:scr:1979:1:337	ca/scc/1978canlii164
3:reporter:scr:scr:1979:1:34	ca/scc/1978canlii149
3:reporter:scr:scr:1979:1:35	ca/scc/1978canlii150
3:reporter:scr:scr:1979:1:359	ca/scc/1978canlii165
3:reporter:scr:scr:1979:1:36	ca/scc/1978canlii151
3:reporter:scr:scr:1979:1:364	ca/scc/1978canlii166
3:reporter:scr:scr:1979:1:395	ca/scc/1978canlii167
3:reporter:scr:scr:1979:1:42	ca/scc/1978canlii21
3:reporter:scr:scr:1979:1:441	ca/scc/1978canlii169
3:reporter:scr:scr:1979:1:476	ca/scc/1978canlii170
3:reporter:scr:scr:1979:1:481	ca/scc/1978canlii171
3:reporter:scr:scr:1979:1:495	ca/scc/1978canlii13
3:reporter:scr:scr:1979:1:511	ca/scc/1978canlii14
3:reporter:scr:scr:1979:1:520	ca/scc/1979canlii192
3:reporter:scr:scr:1979:1:521	ca/scc/1978canlii172
3:reporter:scr:scr:1979:1:525	ca/scc/1978canlii15
3:reporter:scr:scr:1979:1:552	ca/scc/1979canlii193
3:reporter:scr:scr:1979:1:553	ca/scc/1979canlii28
3:reporter:scr:scr:1979:1:554	ca/scc/1979canlii29
3:reporter:scr:scr:1979:1:555	ca/scc/1979canlii194
3:reporter:scr:scr:1979:1:565	ca/scc/1978canlii173
3:reporter:scr:scr:1979:1:577	ca/scc/1978canlii174
3:reporter:scr:scr:1979:1:588	ca/scc/1978canlii175
3:reporter:scr:scr:1979:1:621	ca/scc/1978canlii176
3:reporter:scr:scr:1979:1:630	ca/scc/1979canlii195
3:reporter:scr:scr:1979:1:631	ca/scc/1979canlii196
3:reporter:scr:scr:1979:1:633	ca/scc/1978canlii16
3:reporter:scr:scr:1979:1:677	ca/scc/1979canlii197
3:reporter:scr:scr:1979:1:683	ca/scc/1979canlii198
3:reporter:scr:scr:1979:1:684	ca/scc/1978canlii17
3:reporter:scr:scr:1979:1:712	ca/scc/1978canlii43
3:reporter:scr:scr:1979:1:729	ca/scc/1978canlii177
3:reporter:scr:scr:1979:1:754	ca/scc/1978canlii18
3:reporter:scr:scr:1979:1:783	ca/scc/1978canlii178
3:reporter:scr:scr:1979:1:790	ca/scc/1979canlii22
3:reporter:scr:scr:1979:1:823	ca/scc/1979canlii199
3:reporter:scr:scr:1979:1:833	ca/scc/1979canlii200
3:reporter:scr:scr:1979:1:842	ca/scc/1979canlii201
3:reporter:scr:scr:1979:1:846	ca/scc/1978canlii44
3:reporter:scr:scr:1979:1:865	ca/scc/1979canlii12
3:reporter:scr:scr:1979:1:883	ca/scc/1978canlii179
3:reporter:scr:scr:1979:1:891	ca/scc/1979canlii202
3:reporter:scr:scr:1979:1:902	ca/scc/1979canlii203
3:reporter:scr:scr:1979:1:926	ca/scc/1978canlii19
3:reporter:scr:scr:1979:1:93	ca/scc/1978canlii153
3:reporter:scr:scr:1979:1:95	ca/scc/1978canlii154
3:reporter:scr:scr:1979:1:960	ca/scc/1979canlii204
3:reporter:scr:scr:1979:1:97	ca/scc/1978canlii2557
3:reporter:scr:scr:1979:1:98	ca/scc/1978canlii156
3:reporter:scr:scr:1979:1:983	ca/scc/1979canlii205
3:reporter:scr:scr:1979:1:984	ca/scc/1979canlii13
3:reporter:scr:scr:1979:2:1009	ca/scc/1979canlii238
3:reporter:scr:scr:1979:2:1010	ca/scc/1979canlii239
3:reporter:scr:scr:1979:2:1012	ca/scc/1979canlii240
3:reporter:scr:scr:1979:2:1014	ca/scc/1979canlii241
3:reporter:scr:scr:1979:2:1016	ca/scc/1979canlii21
3:reporter:scr:scr:1979:2:1032	ca/scc/1979canlii242
3:reporter:scr:scr:1979:2:104	ca/scc/1979canlii32
3:reporter:scr:scr:1979:2:1072	ca/scc/1979canlii47
3:reporter:scr:scr:1979:2:1108	ca/scc/1979canlii244
3:reporter:scr:scr:1979:2:1134	ca/scc/1979canlii48
3:reporter:scr:scr:1979:2:1148	ca/scc/1979canlii245
3:reporter:scr:scr:1979:2:12	ca/scc/1979canlii207
3:reporter:scr:scr:1979:2:121	ca/scc/1979canlii33
3:reporter:scr:scr:1979:2:13	ca/scc/1979canlii208
3:reporter:scr:scr:1979:2:136	ca/scc/1979canlii216
3:reporter:scr:scr:1979:2:15	ca/scc/1979canlii31
3:reporter:scr:scr:1979:2:153	ca/scc/1979canlii34
3:reporter:scr:scr:1979:2:155	ca/scc/1979canlii35
3:reporter:scr:scr:1979:2:157	ca/scc/1979canlii217
3:reporter:scr:scr:1979:2:16	ca/scc/1979canlii209
3:reporter:scr:scr:1979:2:168	ca/scc/1979canlii218
3:reporter:scr:scr:1979:2:17	ca/scc/1979canlii210
3:reporter:scr:scr:1979:2:170	ca/scc/1979canlii219
3:reporter:scr:scr:1979:2:172	ca/scc/1979canlii15
3:reporter:scr:scr:1979:2:2	ca/scc/1979canlii30
3:reporter:scr:scr:1979:2:205	ca/scc/1979canlii220
3:reporter:scr:scr:1979:2:212	ca/scc/1979canlii36
3:reporter:scr:scr:1979:2:227	ca/scc/1979canlii23
3:reporter:scr:scr:1979:2:244	ca/scc/1979canlii37
3:reporter:scr:scr:1979:2:25	ca/scc/1979canlii3038
3:reporter:scr:scr:1979:2:256	ca/scc/1979canlii38
3:reporter:scr:scr:1979:2:26	ca/scc/1979canlii1604
3:reporter:scr:scr:1979:2:27	ca/scc/1979canlii213
3:reporter:scr:scr:1979:2:289	ca/scc/1979canlii221
3:reporter:scr:scr:1979:2:298	ca/scc/1979canlii222
3:reporter:scr:scr:1979:2:30	ca/scc/1979canlii14
3:reporter:scr:scr:1979:2:305	ca/scc/1979canlii223
3:reporter:scr:scr:1979:2:311	ca/scc/1979canlii39
3:reporter:scr:scr:1979:2:326	ca/scc/1979canlii224
3:reporter:scr:scr:1979:2:343	ca/scc/1979canlii40
3:reporter:scr:scr:1979:2:376	ca/scc/1979canlii16
3:reporter:scr:scr:1979:2:43	ca/scc/1978canlii180
3:reporter:scr:scr:1979:2:435	ca/scc/1979canlii225
3:reporter:scr:scr:1979:2:474	ca/scc/1979canlii17
3:reporter:scr:scr:1979:2:529	ca/scc/1979canlii226
3:reporter:scr:scr:1979:2:547	ca/scc/1979canlii227
3:reporter:scr:scr:1979:2:561	ca/scc/1979canlii18
3:reporter:scr:scr:1979:2:618	ca/scc/1979canlii24
3:reporter:scr:scr:1979:2:63	ca/scc/1979canlii214
3:reporter:scr:scr:1979:2:650	ca/scc/1979canlii228
3:reporter:scr:scr:1979:2:668	ca/scc/1979canlii229
3:reporter:scr:scr:1979:2:669	ca/scc/1979canlii41
3:reporter:scr:scr:1979:2:686	ca/scc/1979canlii42
3:reporter:scr:scr:1979:2:699	ca/scc/1979canlii230
3:reporter:scr:scr:1979:2:707	ca/scc/1979canlii231
3:reporter:scr:scr:1979:2:709	ca/scc/1979canlii25
3:reporter:scr:scr:1979:2:73	ca/scc/1979canlii215
3:reporter:scr:scr:1979:2:749	ca/scc/1979canlii43
3:reporter:scr:scr:1979:2:756	ca/scc/1979canlii232
3:reporter:scr:scr:1979:2:768	ca/scc/1979canlii26
3:reporter:scr:scr:1979:2:784	ca/scc/1979canlii233
3:reporter:scr:scr:1979:2:821	ca/scc/1979canlii19
3:reporter:scr:scr:1979:2:849	ca/scc/1979canlii234
3:reporter:scr:scr:1979:2:881	ca/scc/1979canlii20
3:reporter:scr:scr:1979:2:910	ca/scc/1979canlii45
3:reporter:scr:scr:1979:2:916	ca/scc/1979canlii46
3:reporter:scr:scr:1979:2:929	ca/scc/1979canlii235
3:reporter:scr:scr:1979:2:953	ca/scc/1979canlii236
3:reporter:scr:scr:1979:2:996	ca/scc/1979canlii237
3:reporter:scr:scr:1980:1:1008	ca/scc/1979canlii61
3:reporter:scr:scr:1980:1:1053	ca/scc/1980canlii179
3:reporter:scr:scr:1980:1:1063	ca/scc/1980canlii180
3:reporter:scr:scr:1980:1:1065	ca/scc/1980canlii32
3:reporter:scr:scr:1980:1:1077	ca/scc/1980canlii181
3:reporter:scr:scr:1980:1:1089	ca/scc/1980canlii182
3:reporter:scr:scr:1980:1:1104	ca/scc/1980canlii183
3:reporter:scr:scr:1980:1:1105	ca/scc/1980canlii10
3:reporter:scr:scr:1980:1:1124	ca/scc/1980canlii184
3:reporter:scr:scr:1980:1:1140	ca/scc/1980canlii185
3:reporter:scr:scr:1980:1:1149	ca/scc/1979canlii63
3:reporter:scr:scr:1980:1:115	ca/scc/1979canlii3
3:reporter:scr:scr:1980:1:1182	ca/scc/1980canlii186
3:reporter:scr:scr:1980:1:1218	ca/scc/1980canlii187
3:reporter:scr:scr:1980:1:142	ca/scc/1979canlii172
3:reporter:scr:scr:1980:1:144	ca/scc/1979canlii191
3:reporter:scr:scr:1980:1:158	ca/scc/1979canlii49
3:reporter:scr:scr:1980:1:165	ca/scc/1979canlii50
3:reporter:scr:scr:1980:1:176	ca/scc/1980canlii158
3:reporter:scr:scr:1980:1:178	ca/scc/1979canlii4
3:reporter:scr:scr:1980:1:2	ca/scc/1979canlii168
3:reporter:scr:scr:1980:1:221	ca/scc/1979canlii174
3:reporter:scr:scr:1980:1:245	ca/scc/1979canlii1606
3:reporter:scr:scr:1980:1:294	ca/scc/1979canlii175
3:reporter:scr:scr:1980:1:316	ca/scc/1980canlii159
3:reporter:scr:scr:1980:1:318	ca/scc/1980canlii160
3:reporter:scr:scr:1980:1:319	ca/scc/1980canlii161
3:reporter:scr:scr:1980:1:321	ca/scc/1979canlii176
3:reporter:scr:scr:1980:1:348	ca/scc/1980canlii162
3:reporter:scr:scr:1980:1:35	ca/scc/1979canlii2
3:reporter:scr:scr:1980:1:350	ca/scc/1979canlii177
3:reporter:scr:scr:1980:1:357	ca/scc/1979canlii6
3:reporter:scr:scr:1980:1:380	ca/scc/1979canlii1601
3:reporter:scr:scr:1980:1:400	ca/scc/1980canlii163
3:reporter:scr:scr:1980:1:401	ca/scc/1980canlii164
3:reporter:scr:scr:1980:1:403	ca/scc/1979canlii178
3:reporter:scr:scr:1980:1:411	ca/scc/1979canlii52
3:reporter:scr:scr:1980:1:423	ca/scc/1979canlii179
3:reporter:scr:scr:1980:1:431	ca/scc/1980canlii165
3:reporter:scr:scr:1980:1:433	ca/scc/1979canlii180
3:reporter:scr:scr:1980:1:471	ca/scc/1979canlii181
3:reporter:scr:scr:1980:1:481	ca/scc/1979canlii53
3:reporter:scr:scr:1980:1:496	ca/scc/1979canlii54
3:reporter:scr:scr:1980:1:527	ca/scc/1980canlii166
3:reporter:scr:scr:1980:1:536	ca/scc/1980canlii167
3:reporter:scr:scr:1980:1:54	ca/scc/1979canlii169
3:reporter:scr:scr:1980:1:548	ca/scc/1980canlii168
3:reporter:scr:scr:1980:1:553	ca/scc/1979canlii182
3:reporter:scr:scr:1980:1:568	ca/scc/1980canlii9
3:reporter:scr:scr:1980:1:580	ca/scc/1980canlii169
3:reporter:scr:scr:1980:1:588	ca/scc/1980canlii170
3:reporter:scr:scr:1980:1:589	ca/scc/1980canlii171
3:reporter:scr:scr:1980:1:591	ca/scc/1980canlii172
3:reporter:scr:scr:1980:1:593	ca/scc/1980canlii173
3:reporter:scr:scr:1980:1:639	ca/scc/1979canlii185
3:reporter:scr:scr:1980:1:669	ca/scc/1980canlii29
3:reporter:scr:scr:1980:1:670	ca/scc/1979canlii186
3:reporter:scr:scr:1980:1:695	ca/scc/1979canlii187
3:reporter:scr:scr:1980:1:714	ca/scc/1980canlii30
3:reporter:scr:scr:1980:1:720	ca/scc/1979canlii55
3:reporter:scr:scr:1980:1:740	ca/scc/1980canlii174
3:reporter:scr:scr:1980:1:758	ca/scc/1980canlii175
3:reporter:scr:scr:1980:1:759	ca/scc/1979canlii8
3:reporter:scr:scr:1980:1:783	ca/scc/1979canlii188
3:reporter:scr:scr:1980:1:785	ca/scc/1980canlii31
3:reporter:scr:scr:1980:1:787	ca/scc/1980canlii176
3:reporter:scr:scr:1980:1:798	ca/scc/1979canlii56
3:reporter:scr:scr:1980:1:80	ca/scc/1977canlii149
3:reporter:scr:scr:1980:1:808	ca/scc/1979canlii189
3:reporter:scr:scr:1980:1:812	ca/scc/1980canlii177
3:reporter:scr:scr:1980:1:821	ca/scc/1979canlii9
3:reporter:scr:scr:1980:1:83	ca/scc/1979canlii170
3:reporter:scr:scr:1980:1:844	ca/scc/1979canlii57
3:reporter:scr:scr:1980:1:869	ca/scc/1979canlii58
3:reporter:scr:scr:1980:1:888	ca/scc/1979canlii10
3:reporter:scr:scr:1980:1:905	ca/scc/1980canlii178
3:reporter:scr:scr:1980:1:961	ca/scc/1979canlii59
3:reporter:scr:scr:1980:1:976	ca/scc/1979canlii60
3:reporter:scr:scr:1980:1:99	ca/scc/1979canlii171
3:reporter:scr:scr:1980:2:100	ca/scc/1980canlii195
3:reporter:scr:scr:1980:2:1011	ca/scc/1980canlii55
3:reporter:scr:scr:1980:2:102	ca/scc/1980canlii12
3:reporter:scr:scr:1980:2:1056	ca/scc/1980canlii56
3:reporter:scr:scr:1980:2:1057	ca/scc/1980canlii24
3:reporter:scr:scr:1980:2:115	ca/scc/1980canlii34
3:reporter:scr:scr:1980:2:117	ca/scc/1980canlii196
3:reporter:scr:scr:1980:2:118	ca/scc/1980canlii35
3:reporter:scr:scr:1980:2:119	ca/scc/1980canlii36
3:reporter:scr:scr:1980:2:120	ca/scc/1980canlii13
3:reporter:scr:scr:1980:2:166	ca/scc/1980canlii197
3:reporter:scr:scr:1980:2:169	ca/scc/1980canlii37
3:reporter:scr:scr:1980:2:177	ca/scc/1980canlii198
3:reporter:scr:scr:1980:2:179	ca/scc/1980canlii199
3:reporter:scr:scr:1980:2:181	ca/scc/1980canlii200
3:reporter:scr:scr:1980:2:192	ca/scc/1980canlii14
3:reporter:scr:scr:1980:2:2	ca/scc/1980canlii188
3:reporter:scr:scr:1980:2:21	ca/scc/1980canlii189
3:reporter:scr:scr:1980:2:213	ca/scc/1980canlii201
3:reporter:scr:scr:1980:2:22	ca/scc/1980canlii190
3:reporter:scr:scr:1980:2:228	ca/scc/1980canlii202
3:reporter:scr:scr:1980:2:242	ca/scc/1980canlii203
3:reporter:scr:scr:1980:2:243	ca/scc/1980canlii204
3:reporter:scr:scr:1980:2:254	ca/scc/1980canlii205
3:reporter:scr:scr:1980:2:256	ca/scc/1980canlii206
3:reporter:scr:scr:1980:2:265	ca/scc/1980canlii207
3:reporter:scr:scr:1980:2:267	ca/scc/1980canlii208
3:reporter:scr:scr:1980:2:268	ca/scc/1980canlii15
3:reporter:scr:scr:1980:2:283	ca/scc/1980canlii209
3:reporter:scr:scr:1980:2:29	ca/scc/1980canlii191
3:reporter:scr:scr:1980:2:292	ca/scc/1980canlii210
3:reporter:scr:scr:1980:2:303	ca/scc/1980canlii16
3:reporter:scr:scr:1980:2:322	ca/scc/1980canlii211
3:reporter:scr:scr:1980:2:331	ca/scc/1980canlii212
3:reporter:scr:scr:1980:2:343	ca/scc/1980canlii213
3:reporter:scr:scr:1980:2:356	ca/scc/1980canlii8
3:reporter:scr:scr:1980:2:365	ca/scc/1980canlii214
3:reporter:scr:scr:1980:2:366	ca/scc/1980canlii215
3:reporter:scr:scr:1980:2:368	ca/scc/1980canlii216
3:reporter:scr:scr:1980:2:370	ca/scc/1980canlii217
3:reporter:scr:scr:1980:2:39	ca/scc/1980canlii192
3:reporter:scr:scr:1980:2:412	ca/scc/1980canlii218
3:reporter:scr:scr:1980:2:418	ca/scc/1980canlii219
3:reporter:scr:scr:1980:2:430	ca/scc/1980canlii17
3:reporter:scr:scr:1980:2:442	ca/scc/1980canlii220
3:reporter:scr:scr:1980:2:451	ca/scc/1980canlii18
3:reporter:scr:scr:1980:2:466	ca/scc/1980canlii221
3:reporter:scr:scr:1980:2:493	ca/scc/1980canlii43
3:reporter:scr:scr:1980:2:513	ca/scc/1980canlii44
3:reporter:scr:scr:1980:2:555	ca/scc/1980canlii222
3:reporter:scr:scr:1980:2:578	ca/scc/1980canlii223
3:reporter:scr:scr:1980:2:582	ca/scc/1980canlii224
3:reporter:scr:scr:1980:2:598	ca/scc/1980canlii45
3:reporter:scr:scr:1980:2:621	ca/scc/1980canlii225
3:reporter:scr:scr:1980:2:64	ca/scc/1980canlii193
3:reporter:scr:scr:1980:2:644	ca/scc/1980canlii226
3:reporter:scr:scr:1980:2:679	ca/scc/1980canlii227
3:reporter:scr:scr:1980:2:694	ca/scc/1980canlii20
3:reporter:scr:scr:1980:2:718	ca/scc/1980canlii47
3:reporter:scr:scr:1980:2:727	ca/scc/1980canlii48
3:reporter:scr:scr:1980:2:735	ca/scc/1980canlii21
3:reporter:scr:scr:1980:2:761	ca/scc/1980canlii228
3:reporter:scr:scr:1980:2:774	ca/scc/1980canlii229
3:reporter:scr:scr:1980:2:78	ca/scc/1980canlii11
3:reporter:scr:scr:1980:2:827	ca/scc/1980canlii230
3:reporter:scr:scr:1980:2:834	ca/scc/1980canlii22
3:reporter:scr:scr:1980:2:865	ca/scc/1980canlii50
3:reporter:scr:scr:1980:2:880	ca/scc/1980canlii23
3:reporter:scr:scr:1980:2:89	ca/scc/1980canlii194
3:reporter:scr:scr:1980:2:931	ca/scc/1980canlii52
3:reporter:scr:scr:1980:2:956	ca/scc/1980canlii53
3:reporter:scr:scr:1980:2:985	ca/scc/1980canlii54
3:reporter:scr:scr:1981:1:111	ca/scc/1981canlii17
3:reporter:scr:scr:1981:1:12	ca/scc/1981canlii159
3:reporter:scr:scr:1981:1:129	ca/scc/1981canlii167
3:reporter:scr:scr:1981:1:138	ca/scc/1981canlii168
3:reporter:scr:scr:1981:1:153	ca/scc/1981canlii169
3:reporter:scr:scr:1981:1:171	ca/scc/1981canlii41
3:reporter:scr:scr:1981:1:188	ca/scc/1981canlii170
3:reporter:scr:scr:1981:1:199	ca/scc/1981canlii171
3:reporter:scr:scr:1981:1:2	ca/scc/1981canlii11
3:reporter:scr:scr:1981:1:211	ca/scc/1981canlii172
3:reporter:scr:scr:1981:1:233	ca/scc/1981canlii173
3:reporter:scr:scr:1981:1:248	ca/scc/1981canlii42
3:reporter:scr:scr:1981:1:254	ca/scc/1981canlii43
3:reporter:scr:scr:1981:1:260	ca/scc/1981canlii174
3:reporter:scr:scr:1981:1:261	ca/scc/1981canlii175
3:reporter:scr:scr:1981:1:280	ca/scc/1981canlii176
3:reporter:scr:scr:1981:1:282	ca/scc/1981canlii13
3:reporter:scr:scr:1981:1:29	ca/scc/1981canlii160
3:reporter:scr:scr:1981:1:295	ca/scc/1981canlii177
3:reporter:scr:scr:1981:1:301	ca/scc/1981canlii178
3:reporter:scr:scr:1981:1:312	ca/scc/1981canlii14
3:reporter:scr:scr:1981:1:335	ca/scc/1981canlii179
3:reporter:scr:scr:1981:1:336	ca/scc/1981canlii180
3:reporter:scr:scr:1981:1:361	ca/scc/1981canlii181
3:reporter:scr:scr:1981:1:363	ca/scc/1981canlii182
3:reporter:scr:scr:1981:1:401	ca/scc/1981canlii183
3:reporter:scr:scr:1981:1:411	ca/scc/1981canlii184
3:reporter:scr:scr:1981:1:42	ca/scc/1981canlii161
3:reporter:scr:scr:1981:1:424	ca/scc/1981canlii19
3:reporter:scr:scr:1981:1:445	ca/scc/1981canlii187
3:reporter:scr:scr:1981:1:449	ca/scc/1981canlii44
3:reporter:scr:scr:1981:1:459	ca/scc/1981canlii45
3:reporter:scr:scr:1981:1:469	ca/scc/1981canlii46
3:reporter:scr:scr:1981:1:49	ca/scc/1981canlii39
3:reporter:scr:scr:1981:1:504	ca/scc/1981canlii15
3:reporter:scr:scr:1981:1:539	ca/scc/1981canlii188
3:reporter:scr:scr:1981:1:553	ca/scc/1981canlii189
3:reporter:scr:scr:1981:1:564	ca/scc/1981canlii190
3:reporter:scr:scr:1981:1:566	ca/scc/1981canlii47
3:reporter:scr:scr:1981:1:576	ca/scc/1981canlii48
3:reporter:scr:scr:1981:1:578	ca/scc/1981canlii16
3:reporter:scr:scr:1981:1:593	ca/scc/1981canlii49
3:reporter:scr:scr:1981:1:600	ca/scc/1981canlii50
3:reporter:scr:scr:1981:1:625	ca/scc/1981canlii191
3:reporter:scr:scr:1981:1:631	ca/scc/1981canlii192
3:reporter:scr:scr:1981:1:640	ca/scc/1981canlii23
3:reporter:scr:scr:1981:1:67	ca/scc/1981canlii162
3:reporter:scr:scr:1981:1:69	ca/scc/1981canlii163
3:reporter:scr:scr:1981:1:699	ca/scc/1981canlii193
3:reporter:scr:scr:1981:1:714	ca/scc/1981canlii24
3:reporter:scr:scr:1981:1:753	ca/scc/1981canlii25
3:reporter:scr:scr:1981:1:77	ca/scc/1981canlii164
3:reporter:scr:scr:1981:1:78	ca/scc/1981canlii165
3:reporter:scr:scr:1981:1:92	ca/scc/1981canlii166
3:reporter:scr:scr:1981:1:94	ca/scc/1981canlii12
3:reporter:scr:scr:1981:2:113	ca/scc/1981canlii28
3:reporter:scr:scr:1981:2:130	ca/scc/1981canlii196
3:reporter:scr:scr:1981:2:131	ca/scc/1981canlii57
3:reporter:scr:scr:1981:2:133	ca/scc/1981canlii197
3:reporter:scr:scr:1981:2:137	ca/scc/1981canlii58
3:reporter:scr:scr:1981:2:139	ca/scc/1981canlii198
3:reporter:scr:scr:1981:2:145	ca/scc/1981canlii59
3:reporter:scr:scr:1981:2:179	ca/scc/1981canlii199
3:reporter:scr:scr:1981:2:180	ca/scc/1981canlii200
3:reporter:scr:scr:1981:2:181	ca/scc/1981canlii29
3:reporter:scr:scr:1981:2:196	ca/scc/1981canlii201
3:reporter:scr:scr:1981:2:2	ca/scc/1981canlii26
3:reporter:scr:scr:1981:2:21	ca/scc/1981canlii27
3:reporter:scr:scr:1981:2:214	ca/scc/1981canlii202
3:reporter:scr:scr:1981:2:219	ca/scc/1981canlii203
3:reporter:scr:scr:1981:2:220	ca/scc/1981canlii30
3:reporter:scr:scr:1981:2:240	ca/scc/1981canlii204
3:reporter:scr:scr:1981:2:253	ca/scc/1981canlii205
3:reporter:scr:scr:1981:2:264	ca/scc/1981canlii61
3:reporter:scr:scr:1981:2:265	ca/scc/1981canlii62
3:reporter:scr:scr:1981:2:267	ca/scc/1981canlii206
3:reporter:scr:scr:1981:2:315	ca/scc/1981canlii207
3:reporter:scr:scr:1981:2:339	ca/scc/1981canlii31
3:reporter:scr:scr:1981:2:364	ca/scc/1981canlii208
3:reporter:scr:scr:1981:2:39	ca/scc/1981canlii55
3:reporter:scr:scr:1981:2:392	ca/scc/1981canlii32
3:reporter:scr:scr:1981:2:413	ca/scc/1981canlii209
3:reporter:scr:scr:1981:2:434	ca/scc/1981canlii210
3:reporter:scr:scr:1981:2:437	ca/scc/1981canlii211
3:reporter:scr:scr:1981:2:468	ca/scc/1981canlii212
3:reporter:scr:scr:1981:2:480	ca/scc/1981canlii213
3:reporter:scr:scr:1981:2:494	ca/scc/1981canlii33
3:reporter:scr:scr:1981:2:541	ca/scc/1981canlii214
3:reporter:scr:scr:1981:2:561	ca/scc/1981canlii64
3:reporter:scr:scr:1981:2:563	ca/scc/1981canlii65
3:reporter:scr:scr:1981:2:565	ca/scc/1981canlii215
3:reporter:scr:scr:1981:2:575	ca/scc/1981canlii34
3:reporter:scr:scr:1981:2:6	ca/scc/1981canlii53
3:reporter:scr:scr:1981:2:600	ca/scc/1981canlii216
3:reporter:scr:scr:1981:2:606	ca/scc/1981canlii217
3:reporter:scr:scr:1981:2:613	ca/scc/1981canlii66
3:reporter:scr:scr:1981:2:617	ca/scc/1981canlii218
3:reporter:scr:scr:1981:2:629	ca/scc/1981canlii35
3:reporter:scr:scr:1981:2:64	ca/scc/1981canlii56
3:reporter:scr:scr:1981:2:645	ca/scc/1981canlii219
3:reporter:scr:scr:1981:2:657	ca/scc/1981canlii67
3:reporter:scr:scr:1981:2:670	ca/scc/1981canlii68
3:reporter:scr:scr:1981:2:676	ca/scc/1981canlii220
3:reporter:scr:scr:1981:2:688	ca/scc/1981canlii221
3:reporter:scr:scr:1981:2:79	ca/scc/1981canlii21
3:reporter:scr:scr:1981:2:90	ca/scc/1981canlii194
3:reporter:scr:scr:1981:2:98	ca/scc/1981canlii195
3:reporter:scr:scr:1982:1:1004	ca/scc/1982canlii189
3:reporter:scr:scr:1982:1:1083	ca/scc/1982canlii190
3:reporter:scr:scr:1982:1:1092	ca/scc/1982canlii191
3:reporter:scr:scr:1982:1:1103	ca/scc/1982canlii192
3:reporter:scr:scr:1982:1:1107	ca/scc/1982canlii193
3:reporter:scr:scr:1982:1:115	ca/scc/1982canlii156
3:reporter:scr:scr:1982:1:125	ca/scc/1982canlii157
3:reporter:scr:scr:1982:1:144	ca/scc/1982canlii158
3:reporter:scr:scr:1982:1:164	ca/scc/1982canlii13
3:reporter:scr:scr:1982:1:172	ca/scc/1982canlii159
3:reporter:scr:scr:1982:1:173	ca/scc/1982canlii160
3:reporter:scr:scr:1982:1:175	ca/scc/1982canlii14
3:reporter:scr:scr:1982:1:2	ca/scc/1982canlii11
3:reporter:scr:scr:1982:1:202	ca/scc/1982canlii15
3:reporter:scr:scr:1982:1:215	ca/scc/1982canlii161
3:reporter:scr:scr:1982:1:231	ca/scc/1982canlii16
3:reporter:scr:scr:1982:1:250	ca/scc/1982canlii162
3:reporter:scr:scr:1982:1:28	ca/scc/1982canlii153
3:reporter:scr:scr:1982:1:281	ca/scc/1982canlii163
3:reporter:scr:scr:1982:1:282	ca/scc/1982canlii164
3:reporter:scr:scr:1982:1:283	ca/scc/1982canlii165
3:reporter:scr:scr:1982:1:284	ca/scc/1982canlii41
3:reporter:scr:scr:1982:1:320	ca/scc/1982canlii166
3:reporter:scr:scr:1982:1:337	ca/scc/1982canlii167
3:reporter:scr:scr:1982:1:338	ca/scc/1982canlii168
3:reporter:scr:scr:1982:1:34	ca/scc/1982canlii154
3:reporter:scr:scr:1982:1:344	ca/scc/1982canlii169
3:reporter:scr:scr:1982:1:345	ca/scc/1982canlii170
3:reporter:scr:scr:1982:1:347	ca/scc/1982canlii42
3:reporter:scr:scr:1982:1:41	ca/scc/1982canlii12
3:reporter:scr:scr:1982:1:414	ca/scc/1982canlii171
3:reporter:scr:scr:1982:1:443	ca/scc/1982canlii172
3:reporter:scr:scr:1982:1:451	ca/scc/1982canlii43
3:reporter:scr:scr:1982:1:452	ca/scc/1982canlii17
3:reporter:scr:scr:1982:1:485	ca/scc/1982canlii44
3:reporter:scr:scr:1982:1:494	ca/scc/1982canlii45
3:reporter:scr:scr:1982:1:508	ca/scc/1982canlii173
3:reporter:scr:scr:1982:1:522	ca/scc/1982canlii174
3:reporter:scr:scr:1982:1:530	ca/scc/1982canlii175
3:reporter:scr:scr:1982:1:553	ca/scc/1982canlii46
3:reporter:scr:scr:1982:1:559	ca/scc/1982canlii47
3:reporter:scr:scr:1982:1:573	ca/scc/1982canlii224
3:reporter:scr:scr:1982:1:589	ca/scc/1982canlii225
3:reporter:scr:scr:1982:1:605	ca/scc/1982canlii176
3:reporter:scr:scr:1982:1:619	ca/scc/1982canlii178
3:reporter:scr:scr:1982:1:62	ca/scc/1982canlii155
3:reporter:scr:scr:1982:1:621	ca/scc/1982canlii179
3:reporter:scr:scr:1982:1:666	ca/scc/1982canlii48
3:reporter:scr:scr:1982:1:688	ca/scc/1982canlii180
3:reporter:scr:scr:1982:1:690	ca/scc/1982canlii181
3:reporter:scr:scr:1982:1:696	ca/scc/1982canlii182
3:reporter:scr:scr:1982:1:710	ca/scc/1982canlii18
3:reporter:scr:scr:1982:1:726	ca/scc/1982canlii19
3:reporter:scr:scr:1982:1:751	ca/scc/1982canlii183
3:reporter:scr:scr:1982:1:811	ca/scc/1982canlii20
3:reporter:scr:scr:1982:1:834	ca/scc/1982canlii21
3:reporter:scr:scr:1982:1:859	ca/scc/1982canlii184
3:reporter:scr:scr:1982:1:860	ca/scc/1982canlii22
3:reporter:scr:scr:1982:1:897	ca/scc/1982canlii51
3:reporter:scr:scr:1982:1:907	ca/scc/1982canlii185
3:reporter:scr:scr:1982:1:923	ca/scc/1982canlii186
3:reporter:scr:scr:1982:1:949	ca/scc/1982canlii23
3:reporter:scr:scr:1982:1:958	ca/scc/1982canlii52
3:reporter:scr:scr:1982:1:974	ca/scc/1982canlii187
3:reporter:scr:scr:1982:1:988	ca/scc/1982canlii188
3:reporter:scr:scr:1982:2:112	ca/scc/1982canlii26
3:reporter:scr:scr:1982:2:145	ca/scc/1982canlii27
3:reporter:scr:scr:1982:2:161	ca/scc/1982canlii1705
3:reporter:scr:scr:1982:2:2	ca/scc/1982canlii24
3:reporter:scr:scr:1982:2:227	ca/scc/1982canlii196
3:reporter:scr:scr:1982:2:24	ca/scc/1982canlii25
3:reporter:scr:scr:1982:2:260	ca/scc/1982canlii197
3:reporter:scr:scr:1982:2:286	ca/scc/1982canlii198
3:reporter:scr:scr:1982:2:307	ca/scc/1982canlii29
3:reporter:scr:scr:1982:2:368	ca/scc/1982canlii30
3:reporter:scr:scr:1982:2:418	ca/scc/1982canlii31
3:reporter:scr:scr:1982:2:47	ca/scc/1982canlii54
3:reporter:scr:scr:1982:2:475	ca/scc/1982canlii199
3:reporter:scr:scr:1982:2:488	ca/scc/1982canlii57
3:reporter:scr:scr:1982:2:493	ca/scc/1982canlii200
3:reporter:scr:scr:1982:2:504	ca/scc/1982canlii201
3:reporter:scr:scr:1982:2:518	ca/scc/1982canlii202
3:reporter:scr:scr:1982:2:530	ca/scc/1982canlii203
3:reporter:scr:scr:1982:2:531	ca/scc/1982canlii3911
3:reporter:scr:scr:1982:2:532	ca/scc/1982canlii205
3:reporter:scr:scr:1982:2:534	ca/scc/1982canlii206
3:reporter:scr:scr:1982:2:536	ca/scc/1982canlii207
3:reporter:scr:scr:1982:2:557	ca/scc/1982canlii208
3:reporter:scr:scr:1982:2:582	ca/scc/1982canlii58
3:reporter:scr:scr:1982:2:583	ca/scc/1982canlii59
3:reporter:scr:scr:1982:2:587	ca/scc/1982canlii209
3:reporter:scr:scr:1982:2:60	ca/scc/1982canlii194
3:reporter:scr:scr:1982:2:603	ca/scc/1982canlii210
3:reporter:scr:scr:1982:2:604	ca/scc/1982canlii211
3:reporter:scr:scr:1982:2:605	ca/scc/1982canlii212
3:reporter:scr:scr:1982:2:616	ca/scc/1982canlii60
3:reporter:scr:scr:1982:2:677	ca/scc/1982canlii214
3:reporter:scr:scr:1982:2:686	ca/scc/1982canlii215
3:reporter:scr:scr:1982:2:709	ca/scc/1982canlii61
3:reporter:scr:scr:1982:2:716	ca/scc/1982canlii32
3:reporter:scr:scr:1982:2:72	ca/scc/1982canlii195
3:reporter:scr:scr:1982:2:730	ca/scc/1982canlii216
3:reporter:scr:scr:1982:2:743	ca/scc/1982canlii62
3:reporter:scr:scr:1982:2:774	ca/scc/1982canlii63
3:reporter:scr:scr:1982:2:789	ca/scc/1982canlii217
3:reporter:scr:scr:1982:2:79	ca/scc/1982canlii28
3:reporter:scr:scr:1982:2:791	ca/scc/1982canlii218
3:reporter:scr:scr:1982:2:793	ca/scc/1982canlii219
3:reporter:scr:scr:1982:2:819	ca/scc/1982canlii33
3:reporter:scr:scr:1982:2:842	ca/scc/1982canlii220
3:reporter:scr:scr:1982:2:856	ca/scc/1982canlii221
3:reporter:scr:scr:1982:2:866	ca/scc/1982canlii222
3:reporter:scr:scr:1982:2:888	ca/scc/1982canlii34
3:reporter:scr:scr:1982:2:9	ca/scc/1982canlii53
3:reporter:scr:scr:1982:2:905	ca/scc/1982canlii223
3:reporter:scr:scr:1983:1:106	ca/scc/1983canlii20
3:reporter:scr:scr:1983:1:12	ca/scc/1983canlii135
3:reporter:scr:scr:1983:1:124	ca/scc/1983canlii118
3:reporter:scr:scr:1983:1:14	ca/scc/1983canlii137
3:reporter:scr:scr:1983:1:147	ca/scc/1983canlii121
3:reporter:scr:scr:1983:1:171	ca/scc/1983canlii47
3:reporter:scr:scr:1983:1:2	ca/scc/1983canlii17
3:reporter:scr:scr:1983:1:205	ca/scc/1983canlii21
3:reporter:scr:scr:1983:1:229	ca/scc/1983canlii48
3:reporter:scr:scr:1983:1:240	ca/scc/1983canlii124
3:reporter:scr:scr:1983:1:241	ca/scc/1983canlii126
3:reporter:scr:scr:1983:1:243	ca/scc/1983canlii129
3:reporter:scr:scr:1983:1:245	ca/scc/1983canlii133
3:reporter:scr:scr:1983:1:259	ca/scc/1983canlii49
3:reporter:scr:scr:1983:1:265	ca/scc/1983canlii136
3:reporter:scr:scr:1983:1:283	ca/scc/1983canlii138
3:reporter:scr:scr:1983:1:29	ca/scc/1983canlii18
3:reporter:scr:scr:1983:1:303	ca/scc/1983canlii117
3:reporter:scr:scr:1983:1:308	ca/scc/1983canlii119
3:reporter:scr:scr:1983:1:312	ca/scc/1983canlii120
3:reporter:scr:scr:1983:1:335	ca/scc/1983canlii122
3:reporter:scr:scr:1983:1:339	ca/scc/1983canlii50
3:reporter:scr:scr:1983:1:357	ca/scc/1983canlii51
3:reporter:scr:scr:1983:1:365	ca/scc/1983canlii123
3:reporter:scr:scr:1983:1:382	ca/scc/1983canlii125
3:reporter:scr:scr:1983:1:388	ca/scc/1983canlii127
3:reporter:scr:scr:1983:1:403	ca/scc/1983canlii22
3:reporter:scr:scr:1983:1:43	ca/scc/1983canlii1
3:reporter:scr:scr:1983:1:452	ca/scc/1983canlii23
3:reporter:scr:scr:1983:1:481	ca/scc/1983canlii128
3:reporter:scr:scr:1983:1:491	ca/scc/1983canlii130
3:reporter:scr:scr:1983:1:498	ca/scc/1983canlii131
3:reporter:scr:scr:1983:1:513	ca/scc/1983canlii52
3:reporter:scr:scr:1983:1:529	ca/scc/1983canlii24
3:reporter:scr:scr:1983:1:55	ca/scc/1983canlii140
3:reporter:scr:scr:1983:1:57	ca/scc/1983canlii45
3:reporter:scr:scr:1983:1:582	ca/scc/1983canlii141
3:reporter:scr:scr:1983:1:623	ca/scc/1983canlii53
3:reporter:scr:scr:1983:1:641	ca/scc/1983canlii142
3:reporter:scr:scr:1983:1:654	ca/scc/1983canlii143
3:reporter:scr:scr:1983:1:656	ca/scc/1983canlii144
3:reporter:scr:scr:1983:1:658	ca/scc/1983canlii145
3:reporter:scr:scr:1983:1:660	ca/scc/1983canlii54
3:reporter:scr:scr:1983:1:661	ca/scc/1983canlii146
3:reporter:scr:scr:1983:1:683	ca/scc/1983canlii147
3:reporter:scr:scr:1983:1:704	ca/scc/1983canlii149
3:reporter:scr:scr:1983:1:72	ca/scc/1983canlii19
3:reporter:scr:scr:1983:1:724	ca/scc/1983canlii150
3:reporter:scr:scr:1983:1:725	ca/scc/1983canlii151
3:reporter:scr:scr:1983:1:732	ca/scc/1983canlii56
3:reporter:scr:scr:1983:1:733	ca/scc/1983canlii25
3:reporter:scr:scr:1983:1:781	ca/scc/1983canlii152
3:reporter:scr:scr:1983:1:794	ca/scc/1983canlii153
3:reporter:scr:scr:1983:2:112	ca/scc/1983canlii159
3:reporter:scr:scr:1983:2:121	ca/scc/1983canlii160
3:reporter:scr:scr:1983:2:144	ca/scc/1983canlii59
3:reporter:scr:scr:1983:2:159	ca/scc/1983canlii60
3:reporter:scr:scr:1983:2:161	ca/scc/1983canlii161
3:reporter:scr:scr:1983:2:173	ca/scc/1983canlii27
3:reporter:scr:scr:1983:2:190	ca/scc/1983canlii28
3:reporter:scr:scr:1983:2:2	ca/scc/1983canlii57
3:reporter:scr:scr:1983:2:206	ca/scc/1983canlii36
3:reporter:scr:scr:1983:2:28	ca/scc/1983canlii154
3:reporter:scr:scr:1983:2:284	ca/scc/1983canlii29
3:reporter:scr:scr:1983:2:311	ca/scc/1983canlii162
3:reporter:scr:scr:1983:2:36	ca/scc/1983canlii155
3:reporter:scr:scr:1983:2:361	ca/scc/1983canlii163
3:reporter:scr:scr:1983:2:362	ca/scc/1983canlii164
3:reporter:scr:scr:1983:2:364	ca/scc/1983canlii165
3:reporter:scr:scr:1983:2:388	ca/scc/1983canlii30
3:reporter:scr:scr:1983:2:401	ca/scc/1983canlii31
3:reporter:scr:scr:1983:2:428	ca/scc/1983canlii32
3:reporter:scr:scr:1983:2:448	ca/scc/1983canlii61
3:reporter:scr:scr:1983:2:47	ca/scc/1983canlii156
3:reporter:scr:scr:1983:2:471	ca/scc/1983canlii166
3:reporter:scr:scr:1983:2:493	ca/scc/1983canlii33
3:reporter:scr:scr:1983:2:513	ca/scc/1983canlii167
3:reporter:scr:scr:1983:2:541	ca/scc/1983canlii168
3:reporter:scr:scr:1983:2:551	ca/scc/1983canlii34
3:reporter:scr:scr:1983:2:58	ca/scc/1983canlii157
3:reporter:scr:scr:1983:2:59	ca/scc/1983canlii158
3:reporter:scr:scr:1983:2:594	ca/scc/1983canlii35
3:reporter:scr:scr:1983:2:6	ca/scc/1983canlii58
3:reporter:scr:scr:1983:2:60	ca/scc/1983canlii26
3:reporter:scr:scr:1984:1:131	ca/scc/1984canlii67
3:reporter:scr:scr:1984:1:176	ca/scc/1984canlii133
3:reporter:scr:scr:1984:1:19	ca/scc/1984canlii129
3:reporter:scr:scr:1984:1:192	ca/scc/1984canlii134
3:reporter:scr:scr:1984:1:2	ca/scc/1984canlii15
3:reporter:scr:scr:1984:1:208	ca/scc/1984canlii68
3:reporter:scr:scr:1984:1:225	ca/scc/1984canlii69
3:reporter:scr:scr:1984:1:252	ca/scc/1984canlii2588
3:reporter:scr:scr:1984:1:266	ca/scc/1984canlii136
3:reporter:scr:scr:1984:1:269	ca/scc/1984canlii2
3:reporter:scr:scr:1984:1:297	ca/scc/1984canlii17
3:reporter:scr:scr:1984:1:337	ca/scc/1984canlii137
3:reporter:scr:scr:1984:1:357	ca/scc/1984canlii3
3:reporter:scr:scr:1984:1:386	ca/scc/1984canlii71
3:reporter:scr:scr:1984:1:387	ca/scc/1984canlii72
3:reporter:scr:scr:1984:1:388	ca/scc/1984canlii138
3:reporter:scr:scr:1984:1:472	ca/scc/1984canlii139
3:reporter:scr:scr:1984:1:485	ca/scc/1984canlii140
3:reporter:scr:scr:1984:1:509	ca/scc/1984canlii18
3:reporter:scr:scr:1984:1:536	ca/scc/1984canlii20
3:reporter:scr:scr:1984:1:57	ca/scc/1984canlii118
3:reporter:scr:scr:1984:1:583	ca/scc/1984canlii73
3:reporter:scr:scr:1984:1:614	ca/scc/1984canlii1
3:reporter:scr:scr:1984:1:74	ca/scc/1984canlii130
3:reporter:scr:scr:1984:1:83	ca/scc/1984canlii131
3:reporter:scr:scr:1984:1:86	ca/scc/1984canlii132
3:reporter:scr:scr:1984:2:124	ca/scc/1984canlii142
3:reporter:scr:scr:1984:2:125	ca/scc/1984canlii75
3:reporter:scr:scr:1984:2:137	ca/scc/1984canlii76
3:reporter:scr:scr:1984:2:145	ca/scc/1984canlii33
3:reporter:scr:scr:1984:2:171	ca/scc/1983canlii139
3:reporter:scr:scr:1984:2:173	ca/scc/1984canlii77
3:reporter:scr:scr:1984:2:197	ca/scc/1984canlii78
3:reporter:scr:scr:1984:2:199	ca/scc/1984canlii79
3:reporter:scr:scr:1984:2:2	ca/scc/1984canlii21
3:reporter:scr:scr:1984:2:232	ca/scc/1984canlii23
3:reporter:scr:scr:1984:2:280	ca/scc/1984canlii80
3:reporter:scr:scr:1984:2:310	ca/scc/1984canlii81
3:reporter:scr:scr:1984:2:311	ca/scc/1984canlii82
3:reporter:scr:scr:1984:2:333	ca/scc/1984canlii143
3:reporter:scr:scr:1984:2:335	ca/scc/1984canlii25
3:reporter:scr:scr:1984:2:396	ca/scc/1984canlii83
3:reporter:scr:scr:1984:2:406	ca/scc/1984canlii119
3:reporter:scr:scr:1984:2:407	ca/scc/1984canlii120
3:reporter:scr:scr:1984:2:412	ca/scc/1984canlii26
3:reporter:scr:scr:1984:2:447	ca/scc/1984canlii121
3:reporter:scr:scr:1984:2:476	ca/scc/1984canlii27
3:reporter:scr:scr:1984:2:502	ca/scc/1984canlii122
3:reporter:scr:scr:1984:2:523	ca/scc/1984canlii112
3:reporter:scr:scr:1984:2:524	ca/scc/1984canlii124
3:reporter:scr:scr:1984:2:525	ca/scc/1984canlii125
3:reporter:scr:scr:1984:2:526	ca/scc/1984canlii84
3:reporter:scr:scr:1984:2:536	ca/scc/1984canlii85
3:reporter:scr:scr:1984:2:555	ca/scc/1984canlii126
3:reporter:scr:scr:1984:2:565	ca/scc/1984canlii127
3:reporter:scr:scr:1984:2:570	ca/scc/1984canlii28
3:reporter:scr:scr:1984:2:575	ca/scc/1984canlii29
3:reporter:scr:scr:1984:2:603	ca/scc/1984canlii128
3:reporter:scr:scr:1984:2:62	ca/scc/1984canlii74
3:reporter:scr:scr:1984:2:631	ca/scc/1983canlii132
3:reporter:scr:scr:1984:2:633	ca/scc/1984canlii30
3:reporter:scr:scr:1984:2:66	ca/scc/1984canlii32
3:reporter:scr:scr:1984:2:697	ca/scc/1984canlii31
3:reporter:scr:scr:1984:2:93	ca/scc/1984canlii22
3:reporter:scr:scr:1985:1:106	ca/scc/1985canlii60
3:reporter:scr:scr:1985:1:137	ca/scc/1985canlii61
3:reporter:scr:scr:1985:1:146	ca/scc/1985canlii62
3:reporter:scr:scr:1985:1:174	ca/scc/1985canlii63
3:reporter:scr:scr:1985:1:176	ca/scc/1985canlii64
3:reporter:scr:scr:1985:1:177	ca/scc/1985canlii65
3:reporter:scr:scr:1985:1:2	ca/scc/1985canlii55
3:reporter:scr:scr:1985:1:241	ca/scc/1985canlii66
3:reporter:scr:scr:1985:1:271	ca/scc/1985canlii608
3:reporter:scr:scr:1985:1:290	ca/scc/1985canlii67
3:reporter:scr:scr:1985:1:293	ca/scc/1985canlii68
3:reporter:scr:scr:1985:1:295	ca/scc/1985canlii69
3:reporter:scr:scr:1985:1:364	ca/scc/1985canlii70
3:reporter:scr:scr:1985:1:366	ca/scc/1985canlii71
3:reporter:scr:scr:1985:1:368	ca/scc/1985canlii97
3:reporter:scr:scr:1985:1:39	ca/scc/1985canlii56
3:reporter:scr:scr:1985:1:423	ca/scc/1985canlii72
3:reporter:scr:scr:1985:1:439	ca/scc/1985canlii73
3:reporter:scr:scr:1985:1:441	ca/scc/1985canlii74
3:reporter:scr:scr:1985:1:494	ca/scc/1985canlii75
3:reporter:scr:scr:1985:1:533	ca/scc/1985canlii76
3:reporter:scr:scr:1985:1:54	ca/scc/1985canlii57
3:reporter:scr:scr:1985:1:566	ca/scc/1985canlii77
3:reporter:scr:scr:1985:1:568	ca/scc/1985canlii78
3:reporter:scr:scr:1985:1:570	ca/scc/1985canlii79
3:reporter:scr:scr:1985:1:589	ca/scc/1985canlii27
3:reporter:scr:scr:1985:1:594	ca/scc/1985canlii28
3:reporter:scr:scr:1985:1:596	ca/scc/1985canlii609
3:reporter:scr:scr:1985:1:613	ca/scc/1985canlii29
3:reporter:scr:scr:1985:1:655	ca/scc/1985canlii30
3:reporter:scr:scr:1985:1:659	ca/scc/1985canlii31
3:reporter:scr:scr:1985:1:662	ca/scc/1985canlii32
3:reporter:scr:scr:1985:1:721	ca/scc/1985canlii33
3:reporter:scr:scr:1985:1:785	ca/scc/1985canlii82
3:reporter:scr:scr:1985:1:810	ca/scc/1985canlii34
3:reporter:scr:scr:1985:1:83	ca/scc/1985canlii58
3:reporter:scr:scr:1985:1:831	ca/scc/1985canlii35
3:reporter:scr:scr:1985:1:840	ca/scc/1985canlii36
3:reporter:scr:scr:1985:1:847	ca/scc/1985canlii37
3:reporter:scr:scr:1985:1:849	ca/scc/1985canlii38
3:reporter:scr:scr:1985:1:851	ca/scc/1985canlii39
3:reporter:scr:scr:1985:1:861	ca/scc/1985canlii40
3:reporter:scr:scr:1985:1:87	ca/scc/1985canlii59
3:reporter:scr:scr:1985:2:119	ca/scc/1985canlii46
3:reporter:scr:scr:1985:2:128	ca/scc/1985canlii47
3:reporter:scr:scr:1985:2:150	ca/scc/1985canlii48
3:reporter:scr:scr:1985:2:159	ca/scc/1985canlii49
3:reporter:scr:scr:1985:2:164	ca/scc/1985canlii50
3:reporter:scr:scr:1985:2:178	ca/scc/1985canlii51
3:reporter:scr:scr:1985:2:2	ca/scc/1985canlii41
3:reporter:scr:scr:1985:2:216	ca/scc/1985canlii52
3:reporter:scr:scr:1985:2:233	ca/scc/1985canlii53
3:reporter:scr:scr:1985:2:241	ca/scc/1985canlii54
3:reporter:scr:scr:1985:2:255	ca/scc/1985canlii2
3:reporter:scr:scr:1985:2:273	ca/scc/1985canlii3
3:reporter:scr:scr:1985:2:278	ca/scc/1985canlii4
3:reporter:scr:scr:1985:2:285	ca/scc/1985canlii5
3:reporter:scr:scr:1985:2:287	ca/scc/1985canlii3186
3:reporter:scr:scr:1985:2:288	ca/scc/1985canlii7
3:reporter:scr:scr:1985:2:309	ca/scc/1985canlii80
3:reporter:scr:scr:1985:2:332	ca/scc/1985canlii8
3:reporter:scr:scr:1985:2:347	ca/scc/1985canlii9
3:reporter:scr:scr:1985:2:38	ca/scc/1985canlii42
3:reporter:scr:scr:1985:2:387	ca/scc/1985canlii11
3:reporter:scr:scr:1985:2:417	ca/scc/1985canlii12
3:reporter:scr:scr:1985:2:434	ca/scc/1985canlii13
3:reporter:scr:scr:1985:2:455	ca/scc/1985canlii14
3:reporter:scr:scr:1985:2:46	ca/scc/1985canlii43
3:reporter:scr:scr:1985:2:476	ca/scc/1985canlii15
3:reporter:scr:scr:1985:2:483	ca/scc/1985canlii16
3:reporter:scr:scr:1985:2:485	ca/scc/1985canlii17
3:reporter:scr:scr:1985:2:486	ca/scc/1985canlii81
3:reporter:scr:scr:1985:2:536	ca/scc/1985canlii18
3:reporter:scr:scr:1985:2:561	ca/scc/1985canlii19
3:reporter:scr:scr:1985:2:592	ca/scc/1985canlii20
3:reporter:scr:scr:1985:2:612	ca/scc/1985canlii21
3:reporter:scr:scr:1985:2:613	ca/scc/1985canlii22
3:reporter:scr:scr:1985:2:643	ca/scc/1985canlii23
3:reporter:scr:scr:1985:2:662	ca/scc/1985canlii24
3:reporter:scr:scr:1985:2:673	ca/scc/1985canlii25
3:reporter:scr:scr:1985:2:716	ca/scc/1985canlii26
3:reporter:scr:scr:1985:2:74	ca/scc/1985canlii44
3:reporter:scr:scr:1985:2:85	ca/scc/1985canlii45
3:reporter:scr:scr:1986:1:103	ca/scc/1986canlii46
3:reporter:scr:scr:1986:1:144	ca/scc/1986canlii47
3:reporter:scr:scr:1986:1:145	ca/scc/1986canlii48
3:reporter:scr:scr:1986:1:190	ca/scc/1986canlii49
3:reporter:scr:scr:1986:1:2	ca/scc/1986canlii93
3:reporter:scr:scr:1986:1:209	ca/scc/1986canlii50
3:reporter:scr:scr:1986:1:228	ca/scc/1986canlii51
3:reporter:scr:scr:1986:1:248	ca/scc/1986canlii52
3:reporter:scr:scr:1986:1:250	ca/scc/1986canlii53
3:reporter:scr:scr:1986:1:264	ca/scc/1986canlii54
3:reporter:scr:scr:1986:1:278	ca/scc/1986canlii55
3:reporter:scr:scr:1986:1:285	ca/scc/1986canlii56
3:reporter:scr:scr:1986:1:306	ca/scc/1986canlii57
3:reporter:scr:scr:1986:1:31	ca/scc/1986canlii72
3:reporter:scr:scr:1986:1:313	ca/scc/1986canlii58
3:reporter:scr:scr:1986:1:356	ca/scc/1986canlii59
3:reporter:scr:scr:1986:1:383	ca/scc/1986canlii61
3:reporter:scr:scr:1986:1:401	ca/scc/1986canlii62
3:reporter:scr:scr:1986:1:41	ca/scc/1986canlii73
3:reporter:scr:scr:1986:1:415	ca/scc/1986canlii63
3:reporter:scr:scr:1986:1:449	ca/scc/1986canlii64
3:reporter:scr:scr:1986:1:460	ca/scc/1986canlii65
3:reporter:scr:scr:1986:1:53	ca/scc/1986canlii74
3:reporter:scr:scr:1986:1:549	ca/scc/1986canlii66
3:reporter:scr:scr:1986:1:55	ca/scc/1986canlii43
3:reporter:scr:scr:1986:1:57	ca/scc/1986canlii44
3:reporter:scr:scr:1986:1:649	ca/scc/1986canlii67
3:reporter:scr:scr:1986:1:668	ca/scc/1986canlii68
3:reporter:scr:scr:1986:1:678	ca/scc/1986canlii69
3:reporter:scr:scr:1986:1:70	ca/scc/1986canlii45
3:reporter:scr:scr:1986:1:703	ca/scc/1986canlii70
3:reporter:scr:scr:1986:1:704	ca/scc/1986canlii71
3:reporter:scr:scr:1986:1:732	ca/scc/1986canlii13
3:reporter:scr:scr:1986:1:749	ca/scc/1986canlii14
3:reporter:scr:scr:1986:1:750	ca/scc/1986canlii15
3:reporter:scr:scr:1986:1:752	ca/scc/1986canlii91
3:reporter:scr:scr:1986:1:802	ca/scc/1986canlii16
3:reporter:scr:scr:1986:1:863	ca/scc/1986canlii17
3:reporter:scr:scr:1986:1:981	ca/scc/1986canlii18
3:reporter:scr:scr:1986:1:989	ca/scc/1986canlii19
3:reporter:scr:scr:1986:1:991	ca/scc/1986canlii20
3:reporter:scr:scr:1986:2:124	ca/scc/1986canlii25
3:reporter:scr:scr:1986:2:131	ca/scc/1986canlii26
3:reporter:scr:scr:1986:2:137	ca/scc/1986canlii27
3:reporter:scr:scr:1986:2:145	ca/scc/1986canlii28
3:reporter:scr:scr:1986:2:147	ca/scc/1986canlii29
3:reporter:scr:scr:1986:2:2	ca/scc/1986canlii21
3:reporter:scr:scr:1986:2:226	ca/scc/1986canlii30
3:reporter:scr:scr:1986:2:272	ca/scc/1986canlii31
3:reporter:scr:scr:1986:2:284	ca/scc/1986canlii32
3:reporter:scr:scr:1986:2:29	ca/scc/1986canlii22
3:reporter:scr:scr:1986:2:327	ca/scc/1986canlii33
3:reporter:scr:scr:1986:2:351	ca/scc/1986canlii34
3:reporter:scr:scr:1986:2:376	ca/scc/1986canlii35
3:reporter:scr:scr:1986:2:38	ca/scc/1986canlii23
3:reporter:scr:scr:1986:2:388	ca/scc/1986canlii36
3:reporter:scr:scr:1986:2:439	ca/scc/1986canlii37
3:reporter:scr:scr:1986:2:459	ca/scc/1986canlii38
3:reporter:scr:scr:1986:2:466	ca/scc/1986canlii39
3:reporter:scr:scr:1986:2:480	ca/scc/1986canlii40
3:reporter:scr:scr:1986:2:509	ca/scc/1986canlii41
3:reporter:scr:scr:1986:2:522	ca/scc/1986canlii42
3:reporter:scr:scr:1986:2:537	ca/scc/1986canlii1
3:reporter:scr:scr:1986:2:539	ca/scc/1986canlii2
3:reporter:scr:scr:1986:2:551	ca/scc/1986canlii3
3:reporter:scr:scr:1986:2:56	ca/scc/1986canlii24
3:reporter:scr:scr:1986:2:571	ca/scc/1986canlii4
3:reporter:scr:scr:1986:2:573	ca/scc/1986canlii5
3:reporter:scr:scr:1986:2:607	ca/scc/1986canlii6
3:reporter:scr:scr:1986:2:637	ca/scc/1986canlii7
3:reporter:scr:scr:1986:2:684	ca/scc/1986canlii8
3:reporter:scr:scr:1986:2:707	ca/scc/1986canlii9
3:reporter:scr:scr:1986:2:709	ca/scc/1986canlii10
3:reporter:scr:scr:1986:2:711	ca/scc/1986canlii11
3:reporter:scr:scr:1986:2:713	ca/scc/1986canlii12
3:reporter:scr:scr:1987:1:1045	ca/scc/1987canlii64
3:reporter:scr:scr:1987:1:110	ca/scc/1987canlii79
3:reporter:scr:scr:1987:1:1114	ca/scc/1987canlii109
3:reporter:scr:scr:1987:1:1148	ca/scc/1987canlii65
3:reporter:scr:scr:1987:1:1212	ca/scc/1987canlii66
3:reporter:scr:scr:1987:1:1233	ca/scc/1987canlii67
3:reporter:scr:scr:1987:1:1247	ca/scc/1987canlii68
3:reporter:scr:scr:1987:1:1253	ca/scc/1987canlii69
3:reporter:scr:scr:1987:1:1255	ca/scc/1987canlii70
3:reporter:scr:scr:1987:1:158	ca/scc/1987canlii80
3:reporter:scr:scr:1987:1:181	ca/scc/1987canlii81
3:reporter:scr:scr:1987:1:2	ca/scc/1987canlii75
3:reporter:scr:scr:1987:1:241	ca/scc/1987canlii82
3:reporter:scr:scr:1987:1:244	ca/scc/1987canlii83
3:reporter:scr:scr:1987:1:265	ca/scc/1987canlii84
3:reporter:scr:scr:1987:1:295	ca/scc/1987canlii85
3:reporter:scr:scr:1987:1:301	ca/scc/1987canlii86
3:reporter:scr:scr:1987:1:310	ca/scc/1987canlii87
3:reporter:scr:scr:1987:1:313	ca/scc/1987canlii88
3:reporter:scr:scr:1987:1:32	ca/scc/1987canlii76
3:reporter:scr:scr:1987:1:424	ca/scc/1987canlii89
3:reporter:scr:scr:1987:1:460	ca/scc/1987canlii90
3:reporter:scr:scr:1987:1:497	ca/scc/1987canlii46
3:reporter:scr:scr:1987:1:499	ca/scc/1987canlii47
3:reporter:scr:scr:1987:1:536	ca/scc/1987canlii49
3:reporter:scr:scr:1987:1:564	ca/scc/1987canlii50
3:reporter:scr:scr:1987:1:57	ca/scc/1987canlii77
3:reporter:scr:scr:1987:1:588	ca/scc/1987canlii52
3:reporter:scr:scr:1987:1:59	ca/scc/1987canlii78
3:reporter:scr:scr:1987:1:652	ca/scc/1987canlii53
3:reporter:scr:scr:1987:1:706	ca/scc/1987canlii54
3:reporter:scr:scr:1987:1:711	ca/scc/1987canlii55
3:reporter:scr:scr:1987:1:782	ca/scc/1987canlii56
3:reporter:scr:scr:1987:1:801	ca/scc/1987canlii57
3:reporter:scr:scr:1987:1:857	ca/scc/1987canlii58
3:reporter:scr:scr:1987:1:892	ca/scc/1987canlii59
3:reporter:scr:scr:1987:1:906	ca/scc/1987canlii60
3:reporter:scr:scr:1987:1:918	ca/scc/1987canlii61
3:reporter:scr:scr:1987:1:945	ca/scc/1987canlii62
3:reporter:scr:scr:1987:1:951	ca/scc/1987canlii63
3:reporter:scr:scr:1987:1:952	ca/scc/1987canlii2807
3:reporter:scr:scr:1987:2:154	ca/scc/1987canlii16
3:reporter:scr:scr:1987:2:168	ca/scc/1987canlii17
3:reporter:scr:scr:1987:2:193	ca/scc/1987canlii18
3:reporter:scr:scr:1987:2:2	ca/scc/1987canlii71
3:reporter:scr:scr:1987:2:219	ca/scc/1987canlii19
3:reporter:scr:scr:1987:2:244	ca/scc/1987canlii20
3:reporter:scr:scr:1987:2:289	ca/scc/1987canlii21
3:reporter:scr:scr:1987:2:291	ca/scc/1987canlii22
3:reporter:scr:scr:1987:2:293	ca/scc/1987canlii23
3:reporter:scr:scr:1987:2:304	ca/scc/1987canlii24
3:reporter:scr:scr:1987:2:309	ca/scc/1987canlii25
3:reporter:scr:scr:1987:2:383	ca/scc/1987canlii26
3:reporter:scr:scr:1987:2:398	ca/scc/1987canlii27
3:reporter:scr:scr:1987:2:435	ca/scc/1987canlii28
3:reporter:scr:scr:1987:2:440	ca/scc/1987canlii29
3:reporter:scr:scr:1987:2:461	ca/scc/1987canlii30
3:reporter:scr:scr:1987:2:462	ca/scc/1987canlii31
3:reporter:scr:scr:1987:2:463	ca/scc/1987canlii32
3:reporter:scr:scr:1987:2:465	ca/scc/1987canlii33
3:reporter:scr:scr:1987:2:466	ca/scc/1987canlii34
3:reporter:scr:scr:1987:2:485	ca/scc/1987canlii35
3:reporter:scr:scr:1987:2:489	ca/scc/1987canlii36
3:reporter:scr:scr:1987:2:503	ca/scc/1987canlii37
3:reporter:scr:scr:1987:2:512	ca/scc/1987canlii38
3:reporter:scr:scr:1987:2:535	ca/scc/1987canlii39
3:reporter:scr:scr:1987:2:537	ca/scc/1987canlii40
3:reporter:scr:scr:1987:2:541	ca/scc/1987canlii41
3:reporter:scr:scr:1987:2:572	ca/scc/1987canlii42
3:reporter:scr:scr:1987:2:577	ca/scc/1987canlii43
3:reporter:scr:scr:1987:2:582	ca/scc/1987canlii44
3:reporter:scr:scr:1987:2:59	ca/scc/1987canlii72
3:reporter:scr:scr:1987:2:591	ca/scc/1987canlii45
3:reporter:scr:scr:1987:2:618	ca/scc/1987canlii1
3:reporter:scr:scr:1987:2:636	ca/scc/1987canlii2
3:reporter:scr:scr:1987:2:667	ca/scc/1987canlii3
3:reporter:scr:scr:1987:2:672	ca/scc/1987canlii4
3:reporter:scr:scr:1987:2:685	ca/scc/1987canlii5
3:reporter:scr:scr:1987:2:686	ca/scc/1987canlii6
3:reporter:scr:scr:1987:2:687	ca/scc/1987canlii7
3:reporter:scr:scr:1987:2:688	ca/scc/1987canlii8
3:reporter:scr:scr:1987:2:690	ca/scc/1987canlii2808
3:reporter:scr:scr:1987:2:692	ca/scc/1987canlii9
3:reporter:scr:scr:1987:2:693	ca/scc/1987canlii10
3:reporter:scr:scr:1987:2:694	ca/scc/1987canlii11
3:reporter:scr:scr:1987:2:746	ca/scc/1987canlii12
3:reporter:scr:scr:1987:2:754	ca/scc/1987canlii13
3:reporter:scr:scr:1987:2:755	ca/scc/1987canlii14
3:reporter:scr:scr:1987:2:757	ca/scc/1987canlii15
3:reporter:scr:scr:1987:2:84	ca/scc/1987canlii73
3:reporter:scr:scr:1987:2:99	ca/scc/1987canlii74
3:reporter:scr:scr:1988:1:1025	ca/scc/1988canlii31
3:reporter:scr:scr:1988:1:1033	ca/scc/1988canlii32
3:reporter:scr:scr:1988:1:1049	ca/scc/1988canlii33
3:reporter:scr:scr:1988:1:1061	ca/scc/1988canlii105
3:reporter:scr:scr:1988:1:1073	ca/scc/1988canlii34
3:reporter:scr:scr:1988:1:1083	ca/scc/1988canlii35
3:reporter:scr:scr:1988:1:1085	ca/scc/1988canlii36
3:reporter:scr:scr:1988:1:1087	ca/scc/1988canlii37
3:reporter:scr:scr:1988:1:1089	ca/scc/1988canlii38
3:reporter:scr:scr:1988:1:1091	ca/scc/1988canlii39
3:reporter:scr:scr:1988:1:1093	ca/scc/1988canlii40
3:reporter:scr:scr:1988:1:1094	ca/scc/1988canlii41
3:reporter:scr:scr:1988:1:1095	ca/scc/1988canlii42
3:reporter:scr:scr:1988:1:1097	ca/scc/1988canlii43
3:reporter:scr:scr:1988:1:1132	ca/scc/1988canlii106
3:reporter:scr:scr:1988:1:1153	ca/scc/1988canlii44
3:reporter:scr:scr:1988:1:1186	ca/scc/1988canlii45
3:reporter:scr:scr:1988:1:1206	ca/scc/1988canlii46
3:reporter:scr:scr:1988:1:187	ca/scc/1988canlii91
3:reporter:scr:scr:1988:1:212	ca/scc/1988canlii92
3:reporter:scr:scr:1988:1:213	ca/scc/1988canlii93
3:reporter:scr:scr:1988:1:214	ca/scc/1988canlii94
3:reporter:scr:scr:1988:1:215	ca/scc/1988canlii95
3:reporter:scr:scr:1988:1:217	ca/scc/1988canlii96
3:reporter:scr:scr:1988:1:226	ca/scc/1988canlii97
3:reporter:scr:scr:1988:1:228	ca/scc/1988canlii98
3:reporter:scr:scr:1988:1:230	ca/scc/1988canlii99
3:reporter:scr:scr:1988:1:231	ca/scc/1988canlii100
3:reporter:scr:scr:1988:1:233	ca/scc/1988canlii101
3:reporter:scr:scr:1988:1:234	ca/scc/1988canlii107
3:reporter:scr:scr:1988:1:3	ca/scc/1988canlii89
3:reporter:scr:scr:1988:1:30	ca/scc/1988canlii90
3:reporter:scr:scr:1988:1:327	ca/scc/1988canlii102
3:reporter:scr:scr:1988:1:348	ca/scc/1988canlii103
3:reporter:scr:scr:1988:1:395	ca/scc/1988canlii60
3:reporter:scr:scr:1988:1:396	ca/scc/1988canlii61
3:reporter:scr:scr:1988:1:399	ca/scc/1988canlii62
3:reporter:scr:scr:1988:1:401	ca/scc/1988canlii63
3:reporter:scr:scr:1988:1:461	ca/scc/1988canlii64
3:reporter:scr:scr:1988:1:480	ca/scc/1988canlii65
3:reporter:scr:scr:1988:1:494	ca/scc/1988canlii66
3:reporter:scr:scr:1988:1:513	ca/scc/1988canlii67
3:reporter:scr:scr:1988:1:564	ca/scc/1988canlii68
3:reporter:scr:scr:1988:1:617	ca/scc/1988canlii69
3:reporter:scr:scr:1988:1:618	ca/scc/1988canlii70
3:reporter:scr:scr:1988:1:619	ca/scc/1988canlii71
3:reporter:scr:scr:1988:1:621	ca/scc/1988canlii72
3:reporter:scr:scr:1988:1:640	ca/scc/1988canlii73
3:reporter:scr:scr:1988:1:657	ca/scc/1988canlii74
3:reporter:scr:scr:1988:1:662	ca/scc/1988canlii75
3:reporter:scr:scr:1988:1:663	ca/scc/1988canlii76
3:reporter:scr:scr:1988:1:667	ca/scc/1988canlii78
3:reporter:scr:scr:1988:1:669	ca/scc/1988canlii79
3:reporter:scr:scr:1988:1:670	ca/scc/1988canlii80
3:reporter:scr:scr:1988:1:749	ca/scc/1988canlii81
3:reporter:scr:scr:1988:1:868	ca/scc/1988canlii82
3:reporter:scr:scr:1988:1:897	ca/scc/1988canlii83
3:reporter:scr:scr:1988:1:914	ca/scc/1988canlii84
3:reporter:scr:scr:1988:1:950	ca/scc/1988canlii85
3:reporter:scr:scr:1988:1:963	ca/scc/1988canlii86
3:reporter:scr:scr:1988:1:996	ca/scc/1988canlii88
3:reporter:scr:scr:1988:2:1015	ca/scc/1988canlii26
3:reporter:scr:scr:1988:2:1029	ca/scc/1988canlii27
3:reporter:scr:scr:1988:2:1045	ca/scc/1988canlii28
3:reporter:scr:scr:1988:2:1047	ca/scc/1988canlii29
3:reporter:scr:scr:1988:2:1048	ca/scc/1988canlii30
3:reporter:scr:scr:1988:2:122	ca/scc/1988canlii52
3:reporter:scr:scr:1988:2:137	ca/scc/1988canlii53
3:reporter:scr:scr:1988:2:148	ca/scc/1988canlii54
3:reporter:scr:scr:1988:2:171	ca/scc/1988canlii55
3:reporter:scr:scr:1988:2:172	ca/scc/1988canlii56
3:reporter:scr:scr:1988:2:174	ca/scc/1988canlii57
3:reporter:scr:scr:1988:2:175	ca/scc/1988canlii58
3:reporter:scr:scr:1988:2:204	ca/scc/1988canlii59
3:reporter:scr:scr:1988:2:214	ca/scc/1988canlii3
3:reporter:scr:scr:1988:2:254	ca/scc/1988canlii4
3:reporter:scr:scr:1988:2:256	ca/scc/1988canlii5
3:reporter:scr:scr:1988:2:271	ca/scc/1988canlii6
3:reporter:scr:scr:1988:2:279	ca/scc/1988canlii7
3:reporter:scr:scr:1988:2:29	ca/scc/1988canlii48
3:reporter:scr:scr:1988:2:3	ca/scc/1988canlii47
3:reporter:scr:scr:1988:2:345	ca/scc/1988canlii8
3:reporter:scr:scr:1988:2:385	ca/scc/1988canlii9
3:reporter:scr:scr:1988:2:387	ca/scc/1988canlii126
3:reporter:scr:scr:1988:2:417	ca/scc/1988canlii10
3:reporter:scr:scr:1988:2:443	ca/scc/1988canlii11
3:reporter:scr:scr:1988:2:495	ca/scc/1988canlii12
3:reporter:scr:scr:1988:2:53	ca/scc/1988canlii49
3:reporter:scr:scr:1988:2:548	ca/scc/1988canlii13
3:reporter:scr:scr:1988:2:564	ca/scc/1988canlii14
3:reporter:scr:scr:1988:2:59	ca/scc/1988canlii50
3:reporter:scr:scr:1988:2:595	ca/scc/1988canlii15
3:reporter:scr:scr:1988:2:650	ca/scc/1988canlii16
3:reporter:scr:scr:1988:2:653	ca/scc/1988canlii17
3:reporter:scr:scr:1988:2:654	ca/scc/1988canlii104
3:reporter:scr:scr:1988:2:680	ca/scc/1988canlii18
3:reporter:scr:scr:1988:2:712	ca/scc/1988canlii19
3:reporter:scr:scr:1988:2:790	ca/scc/1988canlii20
3:reporter:scr:scr:1988:2:825	ca/scc/1988canlii21
3:reporter:scr:scr:1988:2:833	ca/scc/1988canlii22
3:reporter:scr:scr:1988:2:893	ca/scc/1988canlii23
3:reporter:scr:scr:1988:2:90	ca/scc/1988canlii51
3:reporter:scr:scr:1988:2:903	ca/scc/1988canlii24
3:reporter:scr:scr:1988:2:980	ca/scc/1988canlii25
3:reporter:scr:scr:1989:1:1011	ca/scc/1989canlii88
3:reporter:scr:scr:1989:1:1023	ca/scc/1989canlii89
3:reporter:scr:scr:1989:1:1035	ca/scc/1989canlii90
3:reporter:scr:scr:1989:1:1036	ca/scc/1989canlii91
3:reporter:scr:scr:1989:1:1038	ca/scc/1989canlii92
3:reporter:scr:scr:1989:1:1085	ca/scc/1989canlii93
3:reporter:scr:scr:1989:1:1133	ca/scc/1989canlii94
3:reporter:scr:scr:1989:1:1161	ca/scc/1989canlii95
3:reporter:scr:scr:1989:1:1219	ca/scc/1989canlii96
3:reporter:scr:scr:1989:1:1252	ca/scc/1989canlii97
3:reporter:scr:scr:1989:1:1296	ca/scc/1989canlii98
3:reporter:scr:scr:1989:1:1337	ca/scc/1989canlii99
3:reporter:scr:scr:1989:1:1367	ca/scc/1989canlii100
3:reporter:scr:scr:1989:1:1378	ca/scc/1989canlii72
3:reporter:scr:scr:1989:1:1389	ca/scc/1989canlii101
3:reporter:scr:scr:1989:1:1391	ca/scc/1989canlii102
3:reporter:scr:scr:1989:1:1392	ca/scc/1989canlii103
3:reporter:scr:scr:1989:1:141	ca/scc/1989canlii111
3:reporter:scr:scr:1989:1:143	ca/scc/1989canlii2
3:reporter:scr:scr:1989:1:1436	ca/scc/1989canlii104
3:reporter:scr:scr:1989:1:1445	ca/scc/1989canlii105
3:reporter:scr:scr:1989:1:1469	ca/scc/1989canlii106
3:reporter:scr:scr:1989:1:1521	ca/scc/1989canlii52
3:reporter:scr:scr:1989:1:1532	ca/scc/1989canlii53
3:reporter:scr:scr:1989:1:1554	ca/scc/1989canlii54
3:reporter:scr:scr:1989:1:1572	ca/scc/1989canlii55
3:reporter:scr:scr:1989:1:1583	ca/scc/1989canlii56
3:reporter:scr:scr:1989:1:1584	ca/scc/1989canlii57
3:reporter:scr:scr:1989:1:1585	ca/scc/1989canlii58
3:reporter:scr:scr:1989:1:1586	ca/scc/1989canlii59
3:reporter:scr:scr:1989:1:1588	ca/scc/1989canlii60
3:reporter:scr:scr:1989:1:1591	ca/scc/1989canlii61
3:reporter:scr:scr:1989:1:1593	ca/scc/1989canlii62
3:reporter:scr:scr:1989:1:1594	ca/scc/1989canlii63
3:reporter:scr:scr:1989:1:1623	ca/scc/1989canlii64
3:reporter:scr:scr:1989:1:1645	ca/scc/1989canlii65
3:reporter:scr:scr:1989:1:1659	ca/scc/1989canlii66
3:reporter:scr:scr:1989:1:1722	ca/scc/1989canlii67
3:reporter:scr:scr:1989:1:1764	ca/scc/1989canlii68
3:reporter:scr:scr:1989:1:1776	ca/scc/1989canlii69
3:reporter:scr:scr:1989:1:1781	ca/scc/1989canlii70
3:reporter:scr:scr:1989:1:206	ca/scc/1989canlii112
3:reporter:scr:scr:1989:1:21	ca/scc/1989canlii107
3:reporter:scr:scr:1989:1:230	ca/scc/1989canlii113
3:reporter:scr:scr:1989:1:236	ca/scc/1989canlii115
3:reporter:scr:scr:1989:1:238	ca/scc/1989canlii116
3:reporter:scr:scr:1989:1:291	ca/scc/1989canlii117
3:reporter:scr:scr:1989:1:293	ca/scc/1989canlii118
3:reporter:scr:scr:1989:1:295	ca/scc/1989canlii119
3:reporter:scr:scr:1989:1:296	ca/scc/1989canlii120
3:reporter:scr:scr:1989:1:3	ca/scc/1989canlii134
3:reporter:scr:scr:1989:1:301	ca/scc/1989canlii121
3:reporter:scr:scr:1989:1:322	ca/scc/1989canlii122
3:reporter:scr:scr:1989:1:342	ca/scc/1989canlii123
3:reporter:scr:scr:1989:1:369	ca/scc/1989canlii124
3:reporter:scr:scr:1989:1:422	ca/scc/1989canlii126
3:reporter:scr:scr:1989:1:423	ca/scc/1989canlii127
3:reporter:scr:scr:1989:1:425	ca/scc/1989canlii128
3:reporter:scr:scr:1989:1:426	ca/scc/1989canlii129
3:reporter:scr:scr:1989:1:44	ca/scc/1989canlii108
3:reporter:scr:scr:1989:1:525	ca/scc/1989canlii130
3:reporter:scr:scr:1989:1:560	ca/scc/1989canlii131
3:reporter:scr:scr:1989:1:59	ca/scc/1989canlii109
3:reporter:scr:scr:1989:1:591	ca/scc/1989canlii132
3:reporter:scr:scr:1989:1:641	ca/scc/1989canlii133
3:reporter:scr:scr:1989:1:695	ca/scc/1989canlii80
3:reporter:scr:scr:1989:1:705	ca/scc/1989canlii81
3:reporter:scr:scr:1989:1:839	ca/scc/1989canlii82
3:reporter:scr:scr:1989:1:859	ca/scc/1989canlii83
3:reporter:scr:scr:1989:1:880	ca/scc/1989canlii84
3:reporter:scr:scr:1989:1:918	ca/scc/1989canlii85
3:reporter:scr:scr:1989:1:922	ca/scc/1989canlii86
3:reporter:scr:scr:1989:1:927	ca/scc/1989canlii87
3:reporter:scr:scr:1989:1:93	ca/scc/1989canlii110
3:reporter:scr:scr:1989:2:1048	ca/scc/1989canlii50
3:reporter:scr:scr:1989:2:1065	ca/scc/1989canlii51
3:reporter:scr:scr:1989:2:1067	ca/scc/1989canlii3
3:reporter:scr:scr:1989:2:1073	ca/scc/1989canlii5
3:reporter:scr:scr:1989:2:1074	ca/scc/1989canlii6
3:reporter:scr:scr:1989:2:111	ca/scc/1989canlii74
3:reporter:scr:scr:1989:2:1110	ca/scc/1989canlii7
3:reporter:scr:scr:1989:2:1114	ca/scc/1989canlii8
3:reporter:scr:scr:1989:2:1115	ca/scc/1989canlii9
3:reporter:scr:scr:1989:2:1117	ca/scc/1989canlii10
3:reporter:scr:scr:1989:2:1118	ca/scc/1989canlii11
3:reporter:scr:scr:1989:2:1140	ca/scc/1989canlii13
3:reporter:scr:scr:1989:2:1180	ca/scc/1989canlii14
3:reporter:scr:scr:1989:2:1181	ca/scc/1989canlii15
3:reporter:scr:scr:1989:2:1228	ca/scc/1989canlii16
3:reporter:scr:scr:1989:2:1259	ca/scc/1989canlii17
3:reporter:scr:scr:1989:2:1297	ca/scc/1989canlii18
3:reporter:scr:scr:1989:2:1317	ca/scc/1989canlii19
3:reporter:scr:scr:1989:2:1326	ca/scc/1989canlii20
3:reporter:scr:scr:1989:2:138	ca/scc/1989canlii75
3:reporter:scr:scr:1989:2:1384	ca/scc/1989canlii21
3:reporter:scr:scr:1989:2:1429	ca/scc/1989canlii22
3:reporter:scr:scr:1989:2:170	ca/scc/1989canlii77
3:reporter:scr:scr:1989:2:225	ca/scc/1989canlii78
3:reporter:scr:scr:1989:2:24	ca/scc/1989canlii43
3:reporter:scr:scr:1989:2:3	ca/scc/1989canlii71
3:reporter:scr:scr:1989:2:318	ca/scc/1989canlii79
3:reporter:scr:scr:1989:2:335	ca/scc/1989canlii23
3:reporter:scr:scr:1989:2:342	ca/scc/1989canlii24
3:reporter:scr:scr:1989:2:345	ca/scc/1989canlii25
3:reporter:scr:scr:1989:2:357	ca/scc/1989canlii26
3:reporter:scr:scr:1989:2:393	ca/scc/1989canlii28
3:reporter:scr:scr:1989:2:419	ca/scc/1989canlii29
3:reporter:scr:scr:1989:2:429	ca/scc/1989canlii30
3:reporter:scr:scr:1989:2:446	ca/scc/1989canlii31
3:reporter:scr:scr:1989:2:49	ca/scc/1989canlii73
3:reporter:scr:scr:1989:2:510	ca/scc/1989canlii32
3:reporter:scr:scr:1989:2:530	ca/scc/1989canlii33
3:reporter:scr:scr:1989:2:574	ca/scc/1989canlii34
3:reporter:scr:scr:1989:2:683	ca/scc/1989canlii35
3:reporter:scr:scr:1989:2:750	ca/scc/1989canlii36
3:reporter:scr:scr:1989:2:776	ca/scc/1989canlii37
3:reporter:scr:scr:1989:2:778	ca/scc/1989canlii38
3:reporter:scr:scr:1989:2:788	ca/scc/1989canlii39
3:reporter:scr:scr:1989:2:796	ca/scc/1989canlii40
3:reporter:scr:scr:1989:2:848	ca/scc/1989canlii41
3:reporter:scr:scr:1989:2:878	ca/scc/1989canlii42
3:reporter:scr:scr:1989:2:879	ca/scc/1989canlii44
3:reporter:scr:scr:1989:2:941	ca/scc/1989canlii45
3:reporter:scr:scr:1989:2:962	ca/scc/1989canlii46
3:reporter:scr:scr:1989:2:979	ca/scc/1989canlii47
3:reporter:scr:scr:1989:2:981	ca/scc/1989canlii48
3:reporter:scr:scr:1989:2:983	ca/scc/1989canlii49
3:reporter:scr:scr:1990:1:1005	ca/scc/1990canlii102
3:reporter:scr:scr:1990:1:1020	ca/scc/1990canlii1131
3:reporter:scr:scr:1990:1:1025	ca/scc/1990canlii103
3:reporter:scr:scr:1990:1:1075	ca/scc/1990canlii104
3:reporter:scr:scr:1990:1:1123	ca/scc/1990canlii105
3:reporter:scr:scr:1990:1:114	ca/scc/1990canlii153
3:reporter:scr:scr:1990:1:115	ca/scc/1990canlii154
3:reporter:scr:scr:1990:1:120	ca/scc/1990canlii156
3:reporter:scr:scr:1990:1:121	ca/scc/1990canlii157
3:reporter:scr:scr:1990:1:1226	ca/scc/1990canlii106
3:reporter:scr:scr:1990:1:1235	ca/scc/1990canlii107
3:reporter:scr:scr:1990:1:1257	ca/scc/1990canlii108
3:reporter:scr:scr:1990:1:1291	ca/scc/1990canlii109
3:reporter:scr:scr:1990:1:1298	ca/scc/1990canlii110
3:reporter:scr:scr:1990:1:1330	ca/scc/1990canlii111
3:reporter:scr:scr:1990:1:1366	ca/scc/1990canlii112
3:reporter:scr:scr:1990:1:158	ca/scc/1990canlii122
3:reporter:scr:scr:1990:1:190	ca/scc/1990canlii123
3:reporter:scr:scr:1990:1:219	ca/scc/1990canlii158
3:reporter:scr:scr:1990:1:225	ca/scc/1990canlii124
3:reporter:scr:scr:1990:1:241	ca/scc/1990canlii125
3:reporter:scr:scr:1990:1:260	ca/scc/1990canlii126
3:reporter:scr:scr:1990:1:265	ca/scc/1990canlii128
3:reporter:scr:scr:1990:1:275	ca/scc/1990canlii129
3:reporter:scr:scr:1990:1:277	ca/scc/1990canlii130
3:reporter:scr:scr:1990:1:279	ca/scc/1990canlii131
3:reporter:scr:scr:1990:1:282	ca/scc/1990canlii132
3:reporter:scr:scr:1990:1:3	ca/scc/1990canlii149
3:reporter:scr:scr:1990:1:30	ca/scc/1990canlii150
3:reporter:scr:scr:1990:1:342	ca/scc/1990canlii133
3:reporter:scr:scr:1990:1:398	ca/scc/1990canlii134
3:reporter:scr:scr:1990:1:425	ca/scc/1990canlii135
3:reporter:scr:scr:1990:1:617	ca/scc/1990canlii136
3:reporter:scr:scr:1990:1:62	ca/scc/1990canlii151
3:reporter:scr:scr:1990:1:627	ca/scc/1990canlii137
3:reporter:scr:scr:1990:1:653	ca/scc/1990canlii138
3:reporter:scr:scr:1990:1:695	ca/scc/1990canlii139
3:reporter:scr:scr:1990:1:70	ca/scc/1990canlii152
3:reporter:scr:scr:1990:1:705	ca/scc/1990canlii140
3:reporter:scr:scr:1990:1:713	ca/scc/1990canlii141
3:reporter:scr:scr:1990:1:717	ca/scc/1990canlii142
3:reporter:scr:scr:1990:1:755	ca/scc/1990canlii143
3:reporter:scr:scr:1990:1:801	ca/scc/1990canlii144
3:reporter:scr:scr:1990:1:814	ca/scc/1990canlii145
3:reporter:scr:scr:1990:1:827	ca/scc/1990canlii146
3:reporter:scr:scr:1990:1:847	ca/scc/1990canlii147
3:reporter:scr:scr:1990:1:849	ca/scc/1990canlii148
3:reporter:scr:scr:1990:1:851	ca/scc/1990canlii94
3:reporter:scr:scr:1990:1:852	ca/scc/1990canlii95
3:reporter:scr:scr:1990:1:901	ca/scc/1990canlii96
3:reporter:scr:scr:1990:1:940	ca/scc/1990canlii97
3:reporter:scr:scr:1990:1:985	ca/scc/1990canlii98
3:reporter:scr:scr:1990:2:1029	ca/scc/1990canlii92
3:reporter:scr:scr:1990:2:1086	ca/scc/1990canlii93
3:reporter:scr:scr:1990:2:1103	ca/scc/1990canlii37
3:reporter:scr:scr:1990:2:1105	ca/scc/1990canlii38
3:reporter:scr:scr:1990:2:1106	ca/scc/1990canlii39
3:reporter:scr:scr:1990:2:1107	ca/scc/1990canlii40
3:reporter:scr:scr:1990:2:1108	ca/scc/1990canlii41
3:reporter:scr:scr:1990:2:1109	ca/scc/1990canlii42
3:reporter:scr:scr:1990:2:1111	ca/scc/1990canlii43
3:reporter:scr:scr:1990:2:1185	ca/scc/1990canlii44
3:reporter:scr:scr:1990:2:1199	ca/scc/1990canlii45
3:reporter:scr:scr:1990:2:1259	ca/scc/1990canlii46
3:reporter:scr:scr:1990:2:1293	ca/scc/1990canlii47
3:reporter:scr:scr:1990:2:1322	ca/scc/1990canlii48
3:reporter:scr:scr:1990:2:1324	ca/scc/1990canlii49
3:reporter:scr:scr:1990:2:1385	ca/scc/1990canlii50
3:reporter:scr:scr:1990:2:1420	ca/scc/1990canlii51
3:reporter:scr:scr:1990:2:1421	ca/scc/1990canlii52
3:reporter:scr:scr:1990:2:1490	ca/scc/1990canlii53
3:reporter:scr:scr:1990:2:1520	ca/scc/1990canlii54
3:reporter:scr:scr:1990:2:209	ca/scc/1990canlii119
3:reporter:scr:scr:1990:2:232	ca/scc/1990canlii121
3:reporter:scr:scr:1990:2:254	ca/scc/1990canlii65
3:reporter:scr:scr:1990:2:294	ca/scc/1990canlii66
3:reporter:scr:scr:1990:2:300	ca/scc/1990canlii67
3:reporter:scr:scr:1990:2:304	ca/scc/1990canlii68
3:reporter:scr:scr:1990:2:307	ca/scc/1990canlii69
3:reporter:scr:scr:1990:2:311	ca/scc/1990canlii70
3:reporter:scr:scr:1990:2:338	ca/scc/1990canlii71
3:reporter:scr:scr:1990:2:367	ca/scc/1990canlii72
3:reporter:scr:scr:1990:2:410	ca/scc/1990canlii73
3:reporter:scr:scr:1990:2:440	ca/scc/1990canlii74
3:reporter:scr:scr:1990:2:467	ca/scc/1990canlii75
3:reporter:scr:scr:1990:2:489	ca/scc/1990canlii76
3:reporter:scr:scr:1990:2:531	ca/scc/1990canlii77
3:reporter:scr:scr:1990:2:549	ca/scc/1990canlii78
3:reporter:scr:scr:1990:2:624	ca/scc/1990canlii79
3:reporter:scr:scr:1990:2:633	ca/scc/1990canlii80
3:reporter:scr:scr:1990:2:687	ca/scc/1990canlii81
3:reporter:scr:scr:1990:2:695	ca/scc/1990canlii82
3:reporter:scr:scr:1990:2:711	ca/scc/1990canlii83
3:reporter:scr:scr:1990:2:731	ca/scc/1990canlii84
3:reporter:scr:scr:1990:2:755	ca/scc/1990canlii85
3:reporter:scr:scr:1990:2:795	ca/scc/1990canlii86
3:reporter:scr:scr:1990:2:82	ca/scc/1990canlii116
3:reporter:scr:scr:1990:2:838	ca/scc/1990canlii87
3:reporter:scr:scr:1990:2:85	ca/scc/1990canlii117
3:reporter:scr:scr:1990:2:865	ca/scc/1990canlii88
3:reporter:scr:scr:1990:2:906	ca/scc/1990canlii89
3:reporter:scr:scr:1990:2:959	ca/scc/1990canlii90
3:reporter:scr:scr:1990:2:995	ca/scc/1990canlii91
3:reporter:scr:scr:1990:3:1020	ca/scc/1990canlii28
3:reporter:scr:scr:1990:3:1077	ca/scc/1990canlii29
3:reporter:scr:scr:1990:3:1112	ca/scc/1990canlii30
3:reporter:scr:scr:1990:3:1170	ca/scc/1990canlii31
3:reporter:scr:scr:1990:3:1213	ca/scc/1990canlii1132
3:reporter:scr:scr:1990:3:122	ca/scc/1990canlii58
3:reporter:scr:scr:1990:3:1235	ca/scc/1990canlii32
3:reporter:scr:scr:1990:3:1273	ca/scc/1990canlii33
3:reporter:scr:scr:1990:3:1303	ca/scc/1990canlii34
3:reporter:scr:scr:1990:3:1417	ca/scc/1990canlii35
3:reporter:scr:scr:1990:3:1422	ca/scc/1990canlii36
3:reporter:scr:scr:1990:3:191	ca/scc/1990canlii59
3:reporter:scr:scr:1990:3:229	ca/scc/1990canlii60
3:reporter:scr:scr:1990:3:3	ca/scc/1990canlii55
3:reporter:scr:scr:1990:3:36	ca/scc/1990canlii56
3:reporter:scr:scr:1990:3:451	ca/scc/1990canlii61
3:reporter:scr:scr:1990:3:483	ca/scc/1990canlii62
3:reporter:scr:scr:1990:3:570	ca/scc/1990canlii63
3:reporter:scr:scr:1990:3:618	ca/scc/1990canlii64
3:reporter:scr:scr:1990:3:644	ca/scc/1990canlii22
3:reporter:scr:scr:1990:3:695	ca/scc/1990canlii23
3:reporter:scr:scr:1990:3:697	ca/scc/1990canlii24
3:reporter:scr:scr:1990:3:74	ca/scc/1990canlii57
3:reporter:scr:scr:1990:3:870	ca/scc/1990canlii25
3:reporter:scr:scr:1990:3:892	ca/scc/1990canlii26
3:reporter:scr:scr:1990:3:979	ca/scc/1990canlii27
3:reporter:scr:scr:1991:1:1059	ca/scc/1991canlii105
3:reporter:scr:scr:1991:1:1091	ca/scc/1991canlii54
3:reporter:scr:scr:1991:1:115	ca/scc/1991canlii115
3:reporter:scr:scr:1991:1:116	ca/scc/1991canlii116
3:reporter:scr:scr:1991:1:117	ca/scc/1991canlii117
3:reporter:scr:scr:1991:1:136	ca/scc/1991canlii118
3:reporter:scr:scr:1991:1:139	ca/scc/1991canlii119
3:reporter:scr:scr:1991:1:252	ca/scc/1990canlii19
3:reporter:scr:scr:1991:1:285	ca/scc/1990canlii20
3:reporter:scr:scr:1991:1:291	ca/scc/1990canlii21
3:reporter:scr:scr:1991:1:3	ca/scc/1991canlii107
3:reporter:scr:scr:1991:1:301	ca/scc/1991canlii81
3:reporter:scr:scr:1991:1:326	ca/scc/1991canlii82
3:reporter:scr:scr:1991:1:374	ca/scc/1991canlii83
3:reporter:scr:scr:1991:1:449	ca/scc/1991canlii84
3:reporter:scr:scr:1991:1:48	ca/scc/1991canlii108
3:reporter:scr:scr:1991:1:489	ca/scc/1991canlii85
3:reporter:scr:scr:1991:1:509	ca/scc/1991canlii86
3:reporter:scr:scr:1991:1:541	ca/scc/1991canlii87
3:reporter:scr:scr:1991:1:614	ca/scc/1991canlii88
3:reporter:scr:scr:1991:1:62	ca/scc/1991canlii109
3:reporter:scr:scr:1991:1:64	ca/scc/1991canlii110
3:reporter:scr:scr:1991:1:66	ca/scc/1991canlii111
3:reporter:scr:scr:1991:1:669	ca/scc/1991canlii89
3:reporter:scr:scr:1991:1:671	ca/scc/1991canlii90
3:reporter:scr:scr:1991:1:68	ca/scc/1991canlii112
3:reporter:scr:scr:1991:1:736	ca/scc/1991canlii92
3:reporter:scr:scr:1991:1:742	ca/scc/1991canlii93
3:reporter:scr:scr:1991:1:763	ca/scc/1991canlii94
3:reporter:scr:scr:1991:1:779	ca/scc/1991canlii95
3:reporter:scr:scr:1991:1:830	ca/scc/1991canlii96
3:reporter:scr:scr:1991:1:86	ca/scc/1991canlii113
3:reporter:scr:scr:1991:1:861	ca/scc/1991canlii97
3:reporter:scr:scr:1991:1:869	ca/scc/1991canlii98
3:reporter:scr:scr:1991:1:902	ca/scc/1991canlii99
3:reporter:scr:scr:1991:1:904	ca/scc/1991canlii100
3:reporter:scr:scr:1991:1:906	ca/scc/1991canlii101
3:reporter:scr:scr:1991:1:907	ca/scc/1991canlii102
3:reporter:scr:scr:1991:1:909	ca/scc/1991canlii103
3:reporter:scr:scr:1991:1:933	ca/scc/1991canlii104
3:reporter:scr:scr:1991:1:99	ca/scc/1991canlii114
3:reporter:scr:scr:1991:2:114	ca/scc/1990canlii18
3:reporter:scr:scr:1991:2:158	ca/scc/1991canlii61
3:reporter:scr:scr:1991:2:201	ca/scc/1991canlii62
3:reporter:scr:scr:1991:2:203	ca/scc/1991canlii63
3:reporter:scr:scr:1991:2:204	ca/scc/1991canlii64
3:reporter:scr:scr:1991:2:205	ca/scc/1991canlii65
3:reporter:scr:scr:1991:2:207	ca/scc/1991canlii66
3:reporter:scr:scr:1991:2:209	ca/scc/1991canlii67
3:reporter:scr:scr:1991:2:211	ca/scc/1991canlii68
3:reporter:scr:scr:1991:2:22	ca/scc/1991canlii12
3:reporter:scr:scr:1991:2:3	ca/scc/1991canlii56
3:reporter:scr:scr:1991:2:353	ca/scc/1991canlii69
3:reporter:scr:scr:1991:2:401	ca/scc/1991canlii70
3:reporter:scr:scr:1991:2:456	ca/scc/1991canlii71
3:reporter:scr:scr:1991:2:481	ca/scc/1991canlii72
3:reporter:scr:scr:1991:2:5	ca/scc/1991canlii57
3:reporter:scr:scr:1991:2:50	ca/scc/1991canlii58
3:reporter:scr:scr:1991:2:525	ca/scc/1991canlii74
3:reporter:scr:scr:1991:2:570	ca/scc/1991canlii75
3:reporter:scr:scr:1991:2:577	ca/scc/1991canlii76
3:reporter:scr:scr:1991:2:61	ca/scc/1991canlii59
3:reporter:scr:scr:1991:2:69	ca/scc/1991canlii60
3:reporter:scr:scr:1991:2:714	ca/scc/1991canlii77
3:reporter:scr:scr:1991:2:779	ca/scc/1991canlii78
3:reporter:scr:scr:1991:2:858	ca/scc/1991canlii79
3:reporter:scr:scr:1991:2:869	ca/scc/1991canlii26
3:reporter:scr:scr:1991:3:110	ca/scc/1991canlii31
3:reporter:scr:scr:1991:3:121	ca/scc/1991canlii33
3:reporter:scr:scr:1991:3:124	ca/scc/1991canlii34
3:reporter:scr:scr:1991:3:132	ca/scc/1991canlii35
3:reporter:scr:scr:1991:3:137	ca/scc/1991canlii37
3:reporter:scr:scr:1991:3:139	ca/scc/1991canlii38
3:reporter:scr:scr:1991:3:154	ca/scc/1991canlii39
3:reporter:scr:scr:1991:3:24	ca/scc/1991canlii28
3:reporter:scr:scr:1991:3:263	ca/scc/1991canlii40
3:reporter:scr:scr:1991:3:3	ca/scc/1991canlii27
3:reporter:scr:scr:1991:3:320	ca/scc/1991canlii42
3:reporter:scr:scr:1991:3:322	ca/scc/1991canlii43
3:reporter:scr:scr:1991:3:324	ca/scc/1991canlii44
3:reporter:scr:scr:1991:3:326	ca/scc/1991canlii45
3:reporter:scr:scr:1991:3:349	ca/scc/1991canlii46
3:reporter:scr:scr:1991:3:383	ca/scc/1991canlii47
3:reporter:scr:scr:1991:3:387	ca/scc/1991canlii25
3:reporter:scr:scr:1991:3:388	ca/scc/1991canlii48
3:reporter:scr:scr:1991:3:421	ca/scc/1991canlii49
3:reporter:scr:scr:1991:3:459	ca/scc/1991canlii50
3:reporter:scr:scr:1991:3:485	ca/scc/1991canlii51
3:reporter:scr:scr:1991:3:534	ca/scc/1991canlii52
3:reporter:scr:scr:1991:3:593	ca/scc/1991canlii53
3:reporter:scr:scr:1991:3:595	ca/scc/1991canlii15
3:reporter:scr:scr:1991:3:622	ca/scc/1991canlii16
3:reporter:scr:scr:1991:3:654	ca/scc/1991canlii17
3:reporter:scr:scr:1991:3:681	ca/scc/1991canlii18
3:reporter:scr:scr:1991:3:683	ca/scc/1991canlii19
3:reporter:scr:scr:1991:3:685	ca/scc/1991canlii20
3:reporter:scr:scr:1991:3:687	ca/scc/1991canlii21
3:reporter:scr:scr:1991:3:689	ca/scc/1991canlii22
3:reporter:scr:scr:1991:3:691	ca/scc/1991canlii23
3:reporter:scr:scr:1991:3:692	ca/scc/1991canlii24
3:reporter:scr:scr:1991:3:72	ca/scc/1991canlii29
3:reporter:scr:scr:1991:3:89	ca/scc/1991canlii30
3:reporter:scr:scr:1992:1:1014	ca/scc/1992canlii12830
3:reporter:scr:scr:1992:1:1017	ca/scc/1992canlii104
3:reporter:scr:scr:1992:1:1021	ca/scc/1992canlii105
3:reporter:scr:scr:1992:1:167	ca/scc/1992canlii112
3:reporter:scr:scr:1992:1:183	ca/scc/1992canlii113
3:reporter:scr:scr:1992:1:210	ca/scc/1992canlii114
3:reporter:scr:scr:1992:1:212	ca/scc/1992canlii115
3:reporter:scr:scr:1992:1:236	ca/scc/1992canlii116
3:reporter:scr:scr:1992:1:259	ca/scc/1992canlii117
3:reporter:scr:scr:1992:1:3	ca/scc/1992canlii110
3:reporter:scr:scr:1992:1:339	ca/scc/1992canlii118
3:reporter:scr:scr:1992:1:385	ca/scc/1992canlii121
3:reporter:scr:scr:1992:1:426	ca/scc/1992canlii122
3:reporter:scr:scr:1992:1:449	ca/scc/1992canlii123
3:reporter:scr:scr:1992:1:452	ca/scc/1992canlii124
3:reporter:scr:scr:1992:1:527	ca/scc/1992canlii125
3:reporter:scr:scr:1992:1:595	ca/scc/1992canlii127
3:reporter:scr:scr:1992:1:614	ca/scc/1992canlii128
3:reporter:scr:scr:1992:1:619	ca/scc/1992canlii82
3:reporter:scr:scr:1992:1:621	ca/scc/1992canlii83
3:reporter:scr:scr:1992:1:623	ca/scc/1992canlii84
3:reporter:scr:scr:1992:1:647	ca/scc/1992canlii85
3:reporter:scr:scr:1992:1:697	ca/scc/1992canlii86
3:reporter:scr:scr:1992:1:711	ca/scc/1992canlii87
3:reporter:scr:scr:1992:1:749	ca/scc/1992canlii88
3:reporter:scr:scr:1992:1:831	ca/scc/1992canlii91
3:reporter:scr:scr:1992:1:836	ca/scc/1992canlii92
3:reporter:scr:scr:1992:1:838	ca/scc/1992canlii93
3:reporter:scr:scr:1992:1:840	ca/scc/1992canlii94
3:reporter:scr:scr:1992:1:843	ca/scc/1992canlii95
3:reporter:scr:scr:1992:1:877	ca/scc/1992canlii98
3:reporter:scr:scr:1992:1:901	ca/scc/1992canlii99
3:reporter:scr:scr:1992:1:91	ca/scc/1992canlii111
3:reporter:scr:scr:1992:1:952	ca/scc/1992canlii1135
3:reporter:scr:scr:1992:1:982	ca/scc/1992canlii100
3:reporter:scr:scr:1992:1:984	ca/scc/1992canlii101
3:reporter:scr:scr:1992:1:986	ca/scc/1992canlii102
3:reporter:scr:scr:1992:2:10	ca/scc/1992canlii109
3:reporter:scr:scr:1992:2:1025	ca/scc/1992canlii28
3:reporter:scr:scr:1992:2:1065	ca/scc/1992canlii29
3:reporter:scr:scr:1992:2:1103	ca/scc/1992canlii30
3:reporter:scr:scr:1992:2:112	ca/scc/1992canlii55
3:reporter:scr:scr:1992:2:122	ca/scc/1992canlii56
3:reporter:scr:scr:1992:2:138	ca/scc/1992canlii57
3:reporter:scr:scr:1992:2:161	ca/scc/1992canlii58
3:reporter:scr:scr:1992:2:164	ca/scc/1992canlii59
3:reporter:scr:scr:1992:2:166	ca/scc/1992canlii60
3:reporter:scr:scr:1992:2:168	ca/scc/1992canlii61
3:reporter:scr:scr:1992:2:170	ca/scc/1992canlii62
3:reporter:scr:scr:1992:2:208	ca/scc/1992canlii63
3:reporter:scr:scr:1992:2:222	ca/scc/1992canlii64
3:reporter:scr:scr:1992:2:321	ca/scc/1992canlii67
3:reporter:scr:scr:1992:2:394	ca/scc/1992canlii68
3:reporter:scr:scr:1992:2:445	ca/scc/1992canlii69
3:reporter:scr:scr:1992:2:499	ca/scc/1992canlii70
3:reporter:scr:scr:1992:2:5	ca/scc/1992canlii107
3:reporter:scr:scr:1992:2:50	ca/scc/1992canlii54
3:reporter:scr:scr:1992:2:554	ca/scc/1992canlii71
3:reporter:scr:scr:1992:2:606	ca/scc/1992canlii72
3:reporter:scr:scr:1992:2:663	ca/scc/1992canlii73
3:reporter:scr:scr:1992:2:679	ca/scc/1992canlii74
3:reporter:scr:scr:1992:2:7	ca/scc/1992canlii108
3:reporter:scr:scr:1992:2:731	ca/scc/1992canlii75
3:reporter:scr:scr:1992:2:845	ca/scc/1992canlii76
3:reporter:scr:scr:1992:2:858	ca/scc/1992canlii77
3:reporter:scr:scr:1992:2:871	ca/scc/1992canlii78
3:reporter:scr:scr:1992:2:944	ca/scc/1992canlii80
3:reporter:scr:scr:1992:2:970	ca/scc/1992canlii81
3:reporter:scr:scr:1992:2:998	ca/scc/1992canlii27
3:reporter:scr:scr:1992:3:120	ca/scc/1992canlii33
3:reporter:scr:scr:1992:3:159	ca/scc/1992canlii34
3:reporter:scr:scr:1992:3:161	ca/scc/1992canlii35
3:reporter:scr:scr:1992:3:163	ca/scc/1992canlii36
3:reporter:scr:scr:1992:3:165	ca/scc/1992canlii37
3:reporter:scr:scr:1992:3:235	ca/scc/1992canlii38
3:reporter:scr:scr:1992:3:261	ca/scc/1992canlii39
3:reporter:scr:scr:1992:3:299	ca/scc/1992canlii41
3:reporter:scr:scr:1992:3:465	ca/scc/1992canlii43
3:reporter:scr:scr:1992:3:467	ca/scc/1992canlii44
3:reporter:scr:scr:1992:3:469	ca/scc/1992canlii45
3:reporter:scr:scr:1992:3:471	ca/scc/1992canlii46
3:reporter:scr:scr:1992:3:473	ca/scc/1992canlii47
3:reporter:scr:scr:1992:3:475	ca/scc/1992canlii48
3:reporter:scr:scr:1992:3:615	ca/scc/1992canlii50
3:reporter:scr:scr:1992:3:631	ca/scc/1992canlii51
3:reporter:scr:scr:1992:3:665	ca/scc/1992canlii52
3:reporter:scr:scr:1992:3:711	ca/scc/1992canlii53
3:reporter:scr:scr:1992:3:762	ca/scc/1992canlii21
3:reporter:scr:scr:1992:3:807	ca/scc/1992canlii22
3:reporter:scr:scr:1992:3:809	ca/scc/1992canlii23
3:reporter:scr:scr:1992:3:811	ca/scc/1992canlii24
3:reporter:scr:scr:1992:3:813	ca/scc/1992canlii25
3:reporter:scr:scr:1992:3:87	ca/scc/1992canlii32
3:reporter:scr:scr:1993:1:1027	ca/scc/1993canlii127
3:reporter:scr:scr:1993:1:1053	ca/scc/1993canlii128
3:reporter:scr:scr:1993:1:1080	ca/scc/1993canlii129
3:reporter:scr:scr:1993:1:1136	ca/scc/1993canlii131
3:reporter:scr:scr:1993:1:12	ca/scc/1993canlii145
3:reporter:scr:scr:1993:1:146	ca/scc/1993canlii147
3:reporter:scr:scr:1993:1:167	ca/scc/1993canlii148
3:reporter:scr:scr:1993:1:212	ca/scc/1993canlii149
3:reporter:scr:scr:1993:1:252	ca/scc/1993canlii150
3:reporter:scr:scr:1993:1:282	ca/scc/1993canlii151
3:reporter:scr:scr:1993:1:3	ca/scc/1992canlii7791
3:reporter:scr:scr:1993:1:306	ca/scc/1993canlii152
3:reporter:scr:scr:1993:1:319	ca/scc/1993canlii153
3:reporter:scr:scr:1993:1:416	ca/scc/1993canlii154
3:reporter:scr:scr:1993:1:456	ca/scc/1993canlii155
3:reporter:scr:scr:1993:1:458	ca/scc/1993canlii156
3:reporter:scr:scr:1993:1:466	ca/scc/1993canlii159
3:reporter:scr:scr:1993:1:468	ca/scc/1993canlii160
3:reporter:scr:scr:1993:1:469	ca/scc/1993canlii161
3:reporter:scr:scr:1993:1:471	ca/scc/1993canlii162
3:reporter:scr:scr:1993:1:497	ca/scc/1993canlii163
3:reporter:scr:scr:1993:1:554	ca/scc/1993canlii164
3:reporter:scr:scr:1993:1:674	ca/scc/1993canlii166
3:reporter:scr:scr:1993:1:697	ca/scc/1993canlii167
3:reporter:scr:scr:1993:1:740	ca/scc/1993canlii116
3:reporter:scr:scr:1993:1:835	ca/scc/1993canlii117
3:reporter:scr:scr:1993:1:837	ca/scc/1993canlii118
3:reporter:scr:scr:1993:1:839	ca/scc/1993canlii119
3:reporter:scr:scr:1993:1:867	ca/scc/1993canlii120
3:reporter:scr:scr:1993:1:87	ca/scc/1993canlii146
3:reporter:scr:scr:1993:1:893	ca/scc/1993canlii122
3:reporter:scr:scr:1993:1:895	ca/scc/1993canlii123
3:reporter:scr:scr:1993:1:897	ca/scc/1993canlii124
3:reporter:scr:scr:1993:1:941	ca/scc/1993canlii125
3:reporter:scr:scr:1993:1:980	ca/scc/1993canlii126
3:reporter:scr:scr:1993:2:1069	ca/scc/1993canlii59
3:reporter:scr:scr:1993:2:1084	ca/scc/1993canlii60
3:reporter:scr:scr:1993:2:119	ca/scc/1993canlii138
3:reporter:scr:scr:1993:2:143	ca/scc/1993canlii139
3:reporter:scr:scr:1993:2:159	ca/scc/1993canlii141
3:reporter:scr:scr:1993:2:226	ca/scc/1993canlii142
3:reporter:scr:scr:1993:2:228	ca/scc/1993canlii143
3:reporter:scr:scr:1993:2:230	ca/scc/1993canlii144
3:reporter:scr:scr:1993:2:29	ca/scc/1993canlii135
3:reporter:scr:scr:1993:2:3	ca/scc/1993canlii133
3:reporter:scr:scr:1993:2:316	ca/scc/1993canlii88
3:reporter:scr:scr:1993:2:353	ca/scc/1993canlii89
3:reporter:scr:scr:1993:2:398	ca/scc/1993canlii90
3:reporter:scr:scr:1993:2:421	ca/scc/1993canlii91
3:reporter:scr:scr:1993:2:438	ca/scc/1993canlii92
3:reporter:scr:scr:1993:2:441	ca/scc/1993canlii93
3:reporter:scr:scr:1993:2:443	ca/scc/1993canlii94
3:reporter:scr:scr:1993:2:445	ca/scc/1993canlii95
3:reporter:scr:scr:1993:2:447	ca/scc/1993canlii96
3:reporter:scr:scr:1993:2:451	ca/scc/1993canlii98
3:reporter:scr:scr:1993:2:482	ca/scc/1993canlii99
3:reporter:scr:scr:1993:2:5	ca/scc/1993canlii134
3:reporter:scr:scr:1993:2:51	ca/scc/1993canlii136
3:reporter:scr:scr:1993:2:511	ca/scc/1993canlii100
3:reporter:scr:scr:1993:2:53	ca/scc/1993canlii137
3:reporter:scr:scr:1993:2:599	ca/scc/1993canlii101
3:reporter:scr:scr:1993:2:649	ca/scc/1993canlii103
3:reporter:scr:scr:1993:2:651	ca/scc/1993canlii104
3:reporter:scr:scr:1993:2:689	ca/scc/1993canlii105
3:reporter:scr:scr:1993:2:756	ca/scc/1993canlii106
3:reporter:scr:scr:1993:2:802	ca/scc/1993canlii107
3:reporter:scr:scr:1993:2:823	ca/scc/1993canlii108
3:reporter:scr:scr:1993:2:857	ca/scc/1993canlii109
3:reporter:scr:scr:1993:2:861	ca/scc/1993canlii110
3:reporter:scr:scr:1993:2:866	ca/scc/1993canlii111
3:reporter:scr:scr:1993:2:872	ca/scc/1993canlii112
3:reporter:scr:scr:1993:2:880	ca/scc/1993canlii113
3:reporter:scr:scr:1993:2:932	ca/scc/1993canlii115
3:reporter:scr:scr:1993:2:973	ca/scc/1993canlii57
3:reporter:scr:scr:1993:2:995	ca/scc/1993canlii58
3:reporter:scr:scr:1993:3:103	ca/scc/1993canlii63
3:reporter:scr:scr:1993:3:122	ca/scc/1993canlii64
3:reporter:scr:scr:1993:3:155	ca/scc/1993canlii65
3:reporter:scr:scr:1993:3:201	ca/scc/1993canlii66
3:reporter:scr:scr:1993:3:206	ca/scc/1993canlii67
3:reporter:scr:scr:1993:3:223	ca/scc/1993canlii68
3:reporter:scr:scr:1993:3:263	ca/scc/1993canlii69
3:reporter:scr:scr:1993:3:281	ca/scc/1993canlii70
3:reporter:scr:scr:1993:3:3	ca/scc/1993canlii61
3:reporter:scr:scr:1993:3:306	ca/scc/1993canlii71
3:reporter:scr:scr:1993:3:327	ca/scc/1993canlii72
3:reporter:scr:scr:1993:3:430	ca/scc/1993canlii73
3:reporter:scr:scr:1993:3:519	ca/scc/1993canlii75
3:reporter:scr:scr:1993:3:633	ca/scc/1993canlii76
3:reporter:scr:scr:1993:3:637	ca/scc/1993canlii78
3:reporter:scr:scr:1993:3:639	ca/scc/1993canlii79
3:reporter:scr:scr:1993:3:641	ca/scc/1993canlii80
3:reporter:scr:scr:1993:3:643	ca/scc/1993canlii81
3:reporter:scr:scr:1993:3:645	ca/scc/1993canlii82
3:reporter:scr:scr:1993:3:647	ca/scc/1993canlii83
3:reporter:scr:scr:1993:3:649	ca/scc/1993canlii84
3:reporter:scr:scr:1993:3:651	ca/scc/1993canlii85
3:reporter:scr:scr:1993:3:675	ca/scc/1993canlii30
3:reporter:scr:scr:1993:3:724	ca/scc/1993canlii31
3:reporter:scr:scr:1993:3:76	ca/scc/1993canlii62
3:reporter:scr:scr:1993:3:768	ca/scc/1993canlii32
3:reporter:scr:scr:1993:3:787	ca/scc/1993canlii33
3:reporter:scr:scr:1993:4:141	ca/scc/1993canlii35
3:reporter:scr:scr:1993:4:199	ca/scc/1993canlii36
3:reporter:scr:scr:1993:4:223	ca/scc/1993canlii37
3:reporter:scr:scr:1993:4:277	ca/scc/1993canlii38
3:reporter:scr:scr:1993:4:279	ca/scc/1993canlii39
3:reporter:scr:scr:1993:4:283	ca/scc/1993canlii40
3:reporter:scr:scr:1993:4:285	ca/scc/1993canlii41
3:reporter:scr:scr:1993:4:287	ca/scc/1993canlii42
3:reporter:scr:scr:1993:4:289	ca/scc/1993canlii43
3:reporter:scr:scr:1993:4:3	ca/scc/1993canlii34
3:reporter:scr:scr:1993:4:333	ca/scc/1993canlii44
3:reporter:scr:scr:1993:4:371	ca/scc/1993canlii45
3:reporter:scr:scr:1993:4:419	ca/scc/1993canlii46
3:reporter:scr:scr:1993:4:475	ca/scc/1993canlii47
3:reporter:scr:scr:1993:4:497	ca/scc/1993canlii48
3:reporter:scr:scr:1993:4:499	ca/scc/1993canlii49
3:reporter:scr:scr:1993:4:501	ca/scc/1993canlii50
3:reporter:scr:scr:1993:4:504	ca/scc/1993canlii51
3:reporter:scr:scr:1993:4:535	ca/scc/1993canlii52
3:reporter:scr:scr:1993:4:573	ca/scc/1993canlii53
3:reporter:scr:scr:1993:4:695	ca/scc/1993canlii55
3:reporter:scr:scr:1994:1:114	ca/scc/1994canlii106
3:reporter:scr:scr:1994:1:129	ca/scc/1994canlii107
3:reporter:scr:scr:1994:1:148	ca/scc/1994canlii108
3:reporter:scr:scr:1994:1:150	ca/scc/1994canlii109
3:reporter:scr:scr:1994:1:153	ca/scc/1994canlii110
3:reporter:scr:scr:1994:1:155	ca/scc/1994canlii111
3:reporter:scr:scr:1994:1:157	ca/scc/1994canlii112
3:reporter:scr:scr:1994:1:159	ca/scc/1994canlii113
3:reporter:scr:scr:1994:1:20	ca/scc/1994canlii134
3:reporter:scr:scr:1994:1:202	ca/scc/1994canlii114
3:reporter:scr:scr:1994:1:231	ca/scc/1994canlii115
3:reporter:scr:scr:1994:1:286	ca/scc/1994canlii116
3:reporter:scr:scr:1994:1:3	ca/scc/1994canlii133
3:reporter:scr:scr:1994:1:355	ca/scc/1994canlii118
3:reporter:scr:scr:1994:1:357	ca/scc/1994canlii119
3:reporter:scr:scr:1994:1:359	ca/scc/1994canlii120
3:reporter:scr:scr:1994:1:420	ca/scc/1994canlii121
3:reporter:scr:scr:1994:1:445	ca/scc/1994canlii122
3:reporter:scr:scr:1994:1:469	ca/scc/1994canlii123
3:reporter:scr:scr:1994:1:552	ca/scc/1994canlii124
3:reporter:scr:scr:1994:1:555	ca/scc/1994canlii125
3:reporter:scr:scr:1994:1:601	ca/scc/1994canlii126
3:reporter:scr:scr:1994:1:656	ca/scc/1994canlii127
3:reporter:scr:scr:1994:1:670	ca/scc/1994canlii128
3:reporter:scr:scr:1994:1:80	ca/scc/1994canlii105
3:reporter:scr:scr:1994:1:878	ca/scc/1994canlii130
3:reporter:scr:scr:1994:1:881	ca/scc/1994canlii131
3:reporter:scr:scr:1994:1:883	ca/scc/1994canlii132
3:reporter:scr:scr:1994:2:1012	ca/scc/1994canlii57
3:reporter:scr:scr:1994:2:142	ca/scc/1994canlii82
3:reporter:scr:scr:1994:2:165	ca/scc/1994canlii83
3:reporter:scr:scr:1994:2:210	ca/scc/1994canlii84
3:reporter:scr:scr:1994:2:299	ca/scc/1994canlii86
3:reporter:scr:scr:1994:2:3	ca/scc/1994canlii77
3:reporter:scr:scr:1994:2:310	ca/scc/1994canlii87
3:reporter:scr:scr:1994:2:312	ca/scc/1994canlii88
3:reporter:scr:scr:1994:2:339	ca/scc/1994canlii89
3:reporter:scr:scr:1994:2:392	ca/scc/1994canlii90
3:reporter:scr:scr:1994:2:394	ca/scc/1994canlii91
3:reporter:scr:scr:1994:2:406	ca/scc/1994canlii92
3:reporter:scr:scr:1994:2:41	ca/scc/1994canlii81
3:reporter:scr:scr:1994:2:478	ca/scc/1994canlii94
3:reporter:scr:scr:1994:2:480	ca/scc/1994canlii95
3:reporter:scr:scr:1994:2:482	ca/scc/1994canlii96
3:reporter:scr:scr:1994:2:484	ca/scc/1994canlii97
3:reporter:scr:scr:1994:2:486	ca/scc/1994canlii98
3:reporter:scr:scr:1994:2:488	ca/scc/1994canlii99
3:reporter:scr:scr:1994:2:490	ca/scc/1994canlii100
3:reporter:scr:scr:1994:2:5	ca/scc/1994canlii78
3:reporter:scr:scr:1994:2:507	ca/scc/1994canlii101
3:reporter:scr:scr:1994:2:525	ca/scc/1994canlii102
3:reporter:scr:scr:1994:2:557	ca/scc/1994canlii103
3:reporter:scr:scr:1994:2:611	ca/scc/1994canlii104
3:reporter:scr:scr:1994:2:7	ca/scc/1994canlii79
3:reporter:scr:scr:1994:2:715	ca/scc/1994canlii48
3:reporter:scr:scr:1994:2:758	ca/scc/1994canlii49
3:reporter:scr:scr:1994:2:765	ca/scc/1994canlii50
3:reporter:scr:scr:1994:2:807	ca/scc/1994canlii51
3:reporter:scr:scr:1994:2:827	ca/scc/1994canlii52
3:reporter:scr:scr:1994:2:864	ca/scc/1994canlii53
3:reporter:scr:scr:1994:2:899	ca/scc/1994canlii54
3:reporter:scr:scr:1994:2:9	ca/scc/1994canlii80
3:reporter:scr:scr:1994:2:914	ca/scc/1994canlii55
3:reporter:scr:scr:1994:2:951	ca/scc/1994canlii56
3:reporter:scr:scr:1994:3:1018	ca/scc/1994canlii42
3:reporter:scr:scr:1994:3:1020	ca/scc/1994canlii43
3:reporter:scr:scr:1994:3:1022	ca/scc/1994canlii44
3:reporter:scr:scr:1994:3:1080	ca/scc/1994canlii45
3:reporter:scr:scr:1994:3:1097	ca/scc/1994canlii46
3:reporter:scr:scr:1994:3:1100	ca/scc/1994canlii47
3:reporter:scr:scr:1994:3:133	ca/scc/1994canlii62
3:reporter:scr:scr:1994:3:145	ca/scc/1994canlii63
3:reporter:scr:scr:1994:3:173	ca/scc/1994canlii64
3:reporter:scr:scr:1994:3:236	ca/scc/1994canlii65
3:reporter:scr:scr:1994:3:29	ca/scc/1994canlii59
3:reporter:scr:scr:1994:3:3	ca/scc/1994canlii58
3:reporter:scr:scr:1994:3:310	ca/scc/1994canlii66
3:reporter:scr:scr:1994:3:328	ca/scc/1994canlii67
3:reporter:scr:scr:1994:3:343	ca/scc/1994canlii68
3:reporter:scr:scr:1994:3:360	ca/scc/1994canlii69
3:reporter:scr:scr:1994:3:377	ca/scc/1994canlii70
3:reporter:scr:scr:1994:3:481	ca/scc/1994canlii71
3:reporter:scr:scr:1994:3:514	ca/scc/1994canlii72
3:reporter:scr:scr:1994:3:516	ca/scc/1994canlii73
3:reporter:scr:scr:1994:3:518	ca/scc/1994canlii74
3:reporter:scr:scr:1994:3:520	ca/scc/1994canlii75
3:reporter:scr:scr:1994:3:521	ca/scc/1994canlii76
3:reporter:scr:scr:1994:3:549	ca/scc/1994canlii25
3:reporter:scr:scr:1994:3:57	ca/scc/1994canlii60
3:reporter:scr:scr:1994:3:627	ca/scc/1994canlii27
3:reporter:scr:scr:1994:3:63	ca/scc/1994canlii61
3:reporter:scr:scr:1994:3:670	ca/scc/1994canlii28
3:reporter:scr:scr:1994:3:753	ca/scc/1994canlii30
3:reporter:scr:scr:1994:3:756	ca/scc/1994canlii31
3:reporter:scr:scr:1994:3:758	ca/scc/1994canlii32
3:reporter:scr:scr:1994:3:759	ca/scc/1994canlii33
3:reporter:scr:scr:1994:3:761	ca/scc/1994canlii34
3:reporter:scr:scr:1994:3:827	ca/scc/1994canlii35
3:reporter:scr:scr:1994:3:830	ca/scc/1994canlii36
3:reporter:scr:scr:1994:3:832	ca/scc/1994canlii37
3:reporter:scr:scr:1994:3:833	ca/scc/1994canlii38
3:reporter:scr:scr:1994:3:835	ca/scc/1994canlii39
3:reporter:scr:scr:1994:3:952	ca/scc/1994canlii40
3:reporter:scr:scr:1994:3:965	ca/scc/1994canlii41
3:reporter:scr:scr:1995:1:131	ca/scc/1995canlii147
3:reporter:scr:scr:1995:1:157	ca/scc/1995canlii148
3:reporter:scr:scr:1995:1:226	ca/scc/1995canlii149
3:reporter:scr:scr:1995:1:254	ca/scc/1995canlii150
3:reporter:scr:scr:1995:1:3	ca/scc/1995canlii145
3:reporter:scr:scr:1995:1:315	ca/scc/1995canlii115
3:reporter:scr:scr:1995:1:440	ca/scc/1995canlii116
3:reporter:scr:scr:1995:1:443	ca/scc/1995canlii118
3:reporter:scr:scr:1995:1:445	ca/scc/1995canlii119
3:reporter:scr:scr:1995:1:449	ca/scc/1995canlii120
3:reporter:scr:scr:1995:1:451	ca/scc/1995canlii121
3:reporter:scr:scr:1995:1:633	ca/scc/1995canlii122
3:reporter:scr:scr:1995:1:654	ca/scc/1995canlii123
3:reporter:scr:scr:1995:1:686	ca/scc/1995canlii124
3:reporter:scr:scr:1995:1:725	ca/scc/1995canlii125
3:reporter:scr:scr:1995:1:727	ca/scc/1995canlii126
3:reporter:scr:scr:1995:1:747	ca/scc/1995canlii127
3:reporter:scr:scr:1995:1:750	ca/scc/1995canlii128
3:reporter:scr:scr:1995:1:752	ca/scc/1995canlii129
3:reporter:scr:scr:1995:1:754	ca/scc/1995canlii130
3:reporter:scr:scr:1995:1:756	ca/scc/1995canlii131
3:reporter:scr:scr:1995:1:758	ca/scc/1995canlii132
3:reporter:scr:scr:1995:1:760	ca/scc/1995canlii133
3:reporter:scr:scr:1995:1:761	ca/scc/1995canlii134
3:reporter:scr:scr:1995:1:791	ca/scc/1995canlii135
3:reporter:scr:scr:1995:1:85	ca/scc/1995canlii146
3:reporter:scr:scr:1995:1:854	ca/scc/1995canlii136
3:reporter:scr:scr:1995:1:856	ca/scc/1995canlii137
3:reporter:scr:scr:1995:1:858	ca/scc/1995canlii138
3:reporter:scr:scr:1995:1:890	ca/scc/1995canlii139
3:reporter:scr:scr:1995:1:900	ca/scc/1995canlii140
3:reporter:scr:scr:1995:1:902	ca/scc/1995canlii141
3:reporter:scr:scr:1995:2:1095	ca/scc/1995canlii113
3:reporter:scr:scr:1995:2:1104	ca/scc/1995canlii114
3:reporter:scr:scr:1995:2:1118	ca/scc/1995canlii58
3:reporter:scr:scr:1995:2:1130	ca/scc/1995canlii59
3:reporter:scr:scr:1995:2:187	ca/scc/1995canlii87
3:reporter:scr:scr:1995:2:206	ca/scc/1995canlii88
3:reporter:scr:scr:1995:2:297	ca/scc/1995canlii89
3:reporter:scr:scr:1995:2:3	ca/scc/1995canlii142
3:reporter:scr:scr:1995:2:379	ca/scc/1995canlii90
3:reporter:scr:scr:1995:2:407	ca/scc/1995canlii92
3:reporter:scr:scr:1995:2:411	ca/scc/1995canlii93
3:reporter:scr:scr:1995:2:413	ca/scc/1995canlii94
3:reporter:scr:scr:1995:2:415	ca/scc/1995canlii95
3:reporter:scr:scr:1995:2:416	ca/scc/1995canlii96
3:reporter:scr:scr:1995:2:418	ca/scc/1995canlii97
3:reporter:scr:scr:1995:2:513	ca/scc/1995canlii98
3:reporter:scr:scr:1995:2:60	ca/scc/1995canlii143
3:reporter:scr:scr:1995:2:627	ca/scc/1995canlii99
3:reporter:scr:scr:1995:2:737	ca/scc/1995canlii100
3:reporter:scr:scr:1995:2:739	ca/scc/1995canlii101
3:reporter:scr:scr:1995:2:78	ca/scc/1995canlii144
3:reporter:scr:scr:1995:2:781	ca/scc/1995canlii102
3:reporter:scr:scr:1995:2:802	ca/scc/1995canlii103
3:reporter:scr:scr:1995:2:836	ca/scc/1995canlii104
3:reporter:scr:scr:1995:2:876	ca/scc/1995canlii105
3:reporter:scr:scr:1995:2:895	ca/scc/1995canlii106
3:reporter:scr:scr:1995:2:912	ca/scc/1995canlii107
3:reporter:scr:scr:1995:2:929	ca/scc/1995canlii108
3:reporter:scr:scr:1995:2:967	ca/scc/1995canlii109
3:reporter:scr:scr:1995:2:97	ca/scc/1995canlii86
3:reporter:scr:scr:1995:2:973	ca/scc/1995canlii110
3:reporter:scr:scr:1995:3:103	ca/scc/1995canlii62
3:reporter:scr:scr:1995:3:175	ca/scc/1995canlii63
3:reporter:scr:scr:1995:3:3	ca/scc/1995canlii60
3:reporter:scr:scr:1995:3:405	ca/scc/1995canlii66
3:reporter:scr:scr:1995:3:422	ca/scc/1995canlii67
3:reporter:scr:scr:1995:3:44	ca/scc/1995canlii61
3:reporter:scr:scr:1995:3:451	ca/scc/1995canlii68
3:reporter:scr:scr:1995:3:453	ca/scc/1995canlii69
3:reporter:scr:scr:1995:3:562	ca/scc/1995canlii70
3:reporter:scr:scr:1995:3:593	ca/scc/1995canlii71
3:reporter:scr:scr:1995:3:674	ca/scc/1995canlii72
3:reporter:scr:scr:1995:3:733	ca/scc/1995canlii73
3:reporter:scr:scr:1995:3:764	ca/scc/1995canlii74
3:reporter:scr:scr:1995:4:123	ca/scc/1995canlii43
3:reporter:scr:scr:1995:4:154	ca/scc/1995canlii44
3:reporter:scr:scr:1995:4:186	ca/scc/1995canlii45
3:reporter:scr:scr:1995:4:201	ca/scc/1995canlii46
3:reporter:scr:scr:1995:4:227	ca/scc/1995canlii47
3:reporter:scr:scr:1995:4:253	ca/scc/1995canlii48
3:reporter:scr:scr:1995:4:267	ca/scc/1995canlii49
3:reporter:scr:scr:1995:4:3	ca/scc/1995canlii75
3:reporter:scr:scr:1995:4:344	ca/scc/1995canlii50
3:reporter:scr:scr:1995:4:411	ca/scc/1995canlii51
3:reporter:scr:scr:1995:4:42	ca/scc/1995canlii77
3:reporter:scr:scr:1995:4:44	ca/scc/1995canlii78
3:reporter:scr:scr:1995:4:46	ca/scc/1995canlii79
3:reporter:scr:scr:1995:4:47	ca/scc/1995canlii80
3:reporter:scr:scr:1995:4:48	ca/scc/1995canlii81
3:reporter:scr:scr:1995:4:5	ca/scc/1995canlii76
3:reporter:scr:scr:1995:4:50	ca/scc/1995canlii82
3:reporter:scr:scr:1995:4:51	ca/scc/1995canlii83
3:reporter:scr:scr:1995:4:53	ca/scc/1995canlii84
3:reporter:scr:scr:1995:4:536	ca/scc/1995canlii52
3:reporter:scr:scr:1995:4:55	ca/scc/1995canlii85
3:reporter:scr:scr:1995:4:592	ca/scc/1995canlii53
3:reporter:scr:scr:1995:4:597	ca/scc/1995canlii54
3:reporter:scr:scr:1995:4:634	ca/scc/1995canlii55
3:reporter:scr:scr:1996:1:1013	ca/scc/1996canlii245
3:reporter:scr:scr:1996:1:1075	ca/scc/1996canlii189
3:reporter:scr:scr:1996:1:128	ca/scc/1996canlii255
3:reporter:scr:scr:1996:1:160	ca/scc/1996canlii256
3:reporter:scr:scr:1996:1:183	ca/scc/1996canlii257
3:reporter:scr:scr:1996:1:185	ca/scc/1996canlii258
3:reporter:scr:scr:1996:1:186	ca/scc/1996canlii259
3:reporter:scr:scr:1996:1:254	ca/scc/1996canlii217
3:reporter:scr:scr:1996:1:3	ca/scc/1996canlii246
3:reporter:scr:scr:1996:1:305	ca/scc/1996canlii218
3:reporter:scr:scr:1996:1:325	ca/scc/1996canlii219
3:reporter:scr:scr:1996:1:369	ca/scc/1996canlii220
3:reporter:scr:scr:1996:1:37	ca/scc/1996canlii249
3:reporter:scr:scr:1996:1:462	ca/scc/1996canlii222
3:reporter:scr:scr:1996:1:463	ca/scc/1996canlii223
3:reporter:scr:scr:1996:1:465	ca/scc/1996canlii224
3:reporter:scr:scr:1996:1:467	ca/scc/1996canlii225
3:reporter:scr:scr:1996:1:469	ca/scc/1996canlii226
3:reporter:scr:scr:1996:1:471	ca/scc/1996canlii227
3:reporter:scr:scr:1996:1:472	ca/scc/1996canlii228
3:reporter:scr:scr:1996:1:474	ca/scc/1996canlii229
3:reporter:scr:scr:1996:1:500	ca/scc/1996canlii230
3:reporter:scr:scr:1996:1:571	ca/scc/1996canlii231
3:reporter:scr:scr:1996:1:6	ca/scc/1996canlii247
3:reporter:scr:scr:1996:1:660	ca/scc/1996canlii232
3:reporter:scr:scr:1996:1:68	ca/scc/1996canlii250
3:reporter:scr:scr:1996:1:683	ca/scc/1996canlii233
3:reporter:scr:scr:1996:1:70	ca/scc/1996canlii251
3:reporter:scr:scr:1996:1:72	ca/scc/1996canlii252
3:reporter:scr:scr:1996:1:73	ca/scc/1996canlii253
3:reporter:scr:scr:1996:1:740	ca/scc/1996canlii234
3:reporter:scr:scr:1996:1:75	ca/scc/1996canlii254
3:reporter:scr:scr:1996:1:757	ca/scc/1996canlii235
3:reporter:scr:scr:1996:1:771	ca/scc/1996canlii236
3:reporter:scr:scr:1996:1:8	ca/scc/1996canlii248
3:reporter:scr:scr:1996:1:825	ca/scc/1996canlii237
3:reporter:scr:scr:1996:1:888	ca/scc/1996canlii238
3:reporter:scr:scr:1996:1:893	ca/scc/1996canlii239
3:reporter:scr:scr:1996:1:898	ca/scc/1996canlii241
3:reporter:scr:scr:1996:1:900	ca/scc/1996canlii242
3:reporter:scr:scr:1996:1:921	ca/scc/1996canlii243
3:reporter:scr:scr:1996:1:963	ca/scc/1996canlii244
3:reporter:scr:scr:1996:2:1071	ca/scc/1996canlii166
3:reporter:scr:scr:1996:2:108	ca/scc/1996canlii192
3:reporter:scr:scr:1996:2:161	ca/scc/1996canlii193
3:reporter:scr:scr:1996:2:163	ca/scc/1996canlii194
3:reporter:scr:scr:1996:2:165	ca/scc/1996canlii195
3:reporter:scr:scr:1996:2:167	ca/scc/1996canlii196
3:reporter:scr:scr:1996:2:169	ca/scc/1996canlii197
3:reporter:scr:scr:1996:2:171	ca/scc/1996canlii198
3:reporter:scr:scr:1996:2:207	ca/scc/1996canlii199
3:reporter:scr:scr:1996:2:223	ca/scc/1996canlii200
3:reporter:scr:scr:1996:2:252	ca/scc/1996canlii201
3:reporter:scr:scr:1996:2:27	ca/scc/1996canlii191
3:reporter:scr:scr:1996:2:272	ca/scc/1996canlii202
3:reporter:scr:scr:1996:2:284	ca/scc/1996canlii203
3:reporter:scr:scr:1996:2:286	ca/scc/1996canlii204
3:reporter:scr:scr:1996:2:287	ca/scc/1996canlii205
3:reporter:scr:scr:1996:2:289	ca/scc/1996canlii206
3:reporter:scr:scr:1996:2:291	ca/scc/1996canlii207
3:reporter:scr:scr:1996:2:3	ca/scc/1996canlii190
3:reporter:scr:scr:1996:2:415	ca/scc/1996canlii209
3:reporter:scr:scr:1996:2:432	ca/scc/1996canlii210
3:reporter:scr:scr:1996:2:458	ca/scc/1996canlii211
3:reporter:scr:scr:1996:2:460	ca/scc/1996canlii212
3:reporter:scr:scr:1996:2:461	ca/scc/1996canlii213
3:reporter:scr:scr:1996:2:463	ca/scc/1996canlii214
3:reporter:scr:scr:1996:2:495	ca/scc/1996canlii215
3:reporter:scr:scr:1996:2:507	ca/scc/1996canlii216
3:reporter:scr:scr:1996:2:672	ca/scc/1996canlii159
3:reporter:scr:scr:1996:2:723	ca/scc/1996canlii160
3:reporter:scr:scr:1996:2:821	ca/scc/1996canlii161
3:reporter:scr:scr:1996:2:842	ca/scc/1996canlii162
3:reporter:scr:scr:1996:2:876	ca/scc/1996canlii163
3:reporter:scr:scr:1996:2:929	ca/scc/1996canlii164
3:reporter:scr:scr:1996:3:1043	ca/scc/1996canlii154
3:reporter:scr:scr:1996:3:1124	ca/scc/1996canlii155
3:reporter:scr:scr:1996:3:1126	ca/scc/1996canlii156
3:reporter:scr:scr:1996:3:1128	ca/scc/1996canlii157
3:reporter:scr:scr:1996:3:1197	ca/scc/1996canlii158
3:reporter:scr:scr:1996:3:139	ca/scc/1996canlii170
3:reporter:scr:scr:1996:3:199	ca/scc/1996canlii171
3:reporter:scr:scr:1996:3:211	ca/scc/1996canlii172
3:reporter:scr:scr:1996:3:268	ca/scc/1996canlii173
3:reporter:scr:scr:1996:3:3	ca/scc/1996canlii167
3:reporter:scr:scr:1996:3:312	ca/scc/1996canlii174
3:reporter:scr:scr:1996:3:347	ca/scc/1996canlii175
3:reporter:scr:scr:1996:3:362	ca/scc/1996canlii176
3:reporter:scr:scr:1996:3:405	ca/scc/1996canlii177
3:reporter:scr:scr:1996:3:408	ca/scc/1996canlii178
3:reporter:scr:scr:1996:3:410	ca/scc/1996canlii179
3:reporter:scr:scr:1996:3:412	ca/scc/1996canlii180
3:reporter:scr:scr:1996:3:413	ca/scc/1996canlii181
3:reporter:scr:scr:1996:3:415	ca/scc/1996canlii182
3:reporter:scr:scr:1996:3:458	ca/scc/1996canlii183
3:reporter:scr:scr:1996:3:480	ca/scc/1996canlii184
3:reporter:scr:scr:1996:3:550	ca/scc/1996canlii186
3:reporter:scr:scr:1996:3:566	ca/scc/1996canlii187
3:reporter:scr:scr:1996:3:599	ca/scc/1996canlii142
3:reporter:scr:scr:1996:3:601	ca/scc/1996canlii143
3:reporter:scr:scr:1996:3:602	ca/scc/1996canlii144
3:reporter:scr:scr:1996:3:604	ca/scc/1996canlii145
3:reporter:scr:scr:1996:3:605	ca/scc/1996canlii146
3:reporter:scr:scr:1996:3:607	ca/scc/1996canlii147
3:reporter:scr:scr:1996:3:609	ca/scc/1996canlii148
3:reporter:scr:scr:1996:3:727	ca/scc/1996canlii149
3:reporter:scr:scr:1996:3:783	ca/scc/1996canlii150
3:reporter:scr:scr:1996:3:829	ca/scc/1996canlii151
3:reporter:scr:scr:1996:3:84	ca/scc/1996canlii168
3:reporter:scr:scr:1996:3:854	ca/scc/1996canlii152
3:reporter:scr:scr:1996:3:919	ca/scc/1996canlii153
3:reporter:scr:scr:1997:1:10	ca/scc/1997canlii398
3:reporter:scr:scr:1997:1:1015	ca/scc/1997canlii390
3:reporter:scr:scr:1997:1:1092	ca/scc/1997canlii391
3:reporter:scr:scr:1997:1:1144	ca/scc/1997canlii393
3:reporter:scr:scr:1997:1:1147	ca/scc/1997canlii338
3:reporter:scr:scr:1997:1:1149	ca/scc/1997canlii339
3:reporter:scr:scr:1997:1:12	ca/scc/1997canlii399
3:reporter:scr:scr:1997:1:157	ca/scc/1997canlii403
3:reporter:scr:scr:1997:1:213	ca/scc/1997canlii404
3:reporter:scr:scr:1997:1:217	ca/scc/1997canlii405
3:reporter:scr:scr:1997:1:241	ca/scc/1997canlii366
3:reporter:scr:scr:1997:1:281	ca/scc/1997canlii367
3:reporter:scr:scr:1997:1:3	ca/scc/1997canlii394
3:reporter:scr:scr:1997:1:304	ca/scc/1997canlii368
3:reporter:scr:scr:1997:1:305	ca/scc/1997canlii369
3:reporter:scr:scr:1997:1:307	ca/scc/1997canlii370
3:reporter:scr:scr:1997:1:309	ca/scc/1997canlii371
3:reporter:scr:scr:1997:1:311	ca/scc/1997canlii372
3:reporter:scr:scr:1997:1:312	ca/scc/1997canlii373
3:reporter:scr:scr:1997:1:314	ca/scc/1997canlii374
3:reporter:scr:scr:1997:1:32	ca/scc/1997canlii400
3:reporter:scr:scr:1997:1:356	ca/scc/1997canlii375
3:reporter:scr:scr:1997:1:411	ca/scc/1997canlii377
3:reporter:scr:scr:1997:1:487	ca/scc/1997canlii378
3:reporter:scr:scr:1997:1:5	ca/scc/1997canlii395
3:reporter:scr:scr:1997:1:531	ca/scc/1996canlii141
3:reporter:scr:scr:1997:1:533	ca/scc/1997canlii379
3:reporter:scr:scr:1997:1:535	ca/scc/1997canlii380
3:reporter:scr:scr:1997:1:537	ca/scc/1997canlii381
3:reporter:scr:scr:1997:1:593	ca/scc/1997canlii382
3:reporter:scr:scr:1997:1:602	ca/scc/1997canlii383
3:reporter:scr:scr:1997:1:607	ca/scc/1997canlii384
3:reporter:scr:scr:1997:1:7	ca/scc/1997canlii396
3:reporter:scr:scr:1997:1:748	ca/scc/1997canlii385
3:reporter:scr:scr:1997:1:793	ca/scc/1997canlii386
3:reporter:scr:scr:1997:1:8	ca/scc/1997canlii397
3:reporter:scr:scr:1997:1:80	ca/scc/1997canlii402
3:reporter:scr:scr:1997:1:846	ca/scc/1997canlii387
3:reporter:scr:scr:1997:1:874	ca/scc/1997canlii388
3:reporter:scr:scr:1997:1:948	ca/scc/1997canlii389
3:reporter:scr:scr:1997:2:11	ca/scc/1997canlii341
3:reporter:scr:scr:1997:2:117	ca/scc/1997canlii343
3:reporter:scr:scr:1997:2:119	ca/scc/1997canlii344
3:reporter:scr:scr:1997:2:165	ca/scc/1997canlii345
3:reporter:scr:scr:1997:2:217	ca/scc/1997canlii346
3:reporter:scr:scr:1997:2:260	ca/scc/1997canlii347
3:reporter:scr:scr:1997:2:288	ca/scc/1997canlii348
3:reporter:scr:scr:1997:2:290	ca/scc/1997canlii349
3:reporter:scr:scr:1997:2:292	ca/scc/1997canlii350
3:reporter:scr:scr:1997:2:294	ca/scc/1997canlii351
3:reporter:scr:scr:1997:2:299	ca/scc/1997canlii352
3:reporter:scr:scr:1997:2:3	ca/scc/1996canlii140
3:reporter:scr:scr:1997:2:315	ca/scc/1997canlii353
3:reporter:scr:scr:1997:2:326	ca/scc/1997canlii354
3:reporter:scr:scr:1997:2:333	ca/scc/1997canlii355
3:reporter:scr:scr:1997:2:334	ca/scc/1997canlii356
3:reporter:scr:scr:1997:2:336	ca/scc/1997canlii357
3:reporter:scr:scr:1997:2:403	ca/scc/1997canlii358
3:reporter:scr:scr:1997:2:462	ca/scc/1997canlii359
3:reporter:scr:scr:1997:2:5	ca/scc/1997canlii340
3:reporter:scr:scr:1997:2:539	ca/scc/1997canlii360
3:reporter:scr:scr:1997:2:581	ca/scc/1997canlii361
3:reporter:scr:scr:1997:2:617	ca/scc/1997canlii362
3:reporter:scr:scr:1997:2:630	ca/scc/1997canlii363
3:reporter:scr:scr:1997:2:680	ca/scc/1997canlii309
3:reporter:scr:scr:1997:2:714	ca/scc/1997canlii310
3:reporter:scr:scr:1997:2:716	ca/scc/1997canlii311
3:reporter:scr:scr:1997:2:777	ca/scc/1997canlii312
3:reporter:scr:scr:1997:2:825	ca/scc/1997canlii313
3:reporter:scr:scr:1997:2:845	ca/scc/1997canlii314
3:reporter:scr:scr:1997:2:862	ca/scc/1997canlii315
3:reporter:scr:scr:1997:2:890	ca/scc/1997canlii316
3:reporter:scr:scr:1997:3:1001	ca/scc/1997canlii297
3:reporter:scr:scr:1997:3:1003	ca/scc/1997canlii298
3:reporter:scr:scr:1997:3:1005	ca/scc/1997canlii299
3:reporter:scr:scr:1997:3:1006	ca/scc/1997canlii300
3:reporter:scr:scr:1997:3:1010	ca/scc/1997canlii302
3:reporter:scr:scr:1997:3:1142	ca/scc/1997canlii303
3:reporter:scr:scr:1997:3:1145	ca/scc/1997canlii304
3:reporter:scr:scr:1997:3:1176	ca/scc/1997canlii305
3:reporter:scr:scr:1997:3:1183	ca/scc/1997canlii306
3:reporter:scr:scr:1997:3:1210	ca/scc/1997canlii307
3:reporter:scr:scr:1997:3:1278	ca/scc/1997canlii308
3:reporter:scr:scr:1997:3:213	ca/scc/1997canlii318
3:reporter:scr:scr:1997:3:3	ca/scc/1997canlii317
3:reporter:scr:scr:1997:3:320	ca/scc/1997canlii319
3:reporter:scr:scr:1997:3:341	ca/scc/1997canlii320
3:reporter:scr:scr:1997:3:391	ca/scc/1997canlii322
3:reporter:scr:scr:1997:3:440	ca/scc/1997canlii323
3:reporter:scr:scr:1997:3:484	ca/scc/1997canlii324
3:reporter:scr:scr:1997:3:549	ca/scc/1997canlii325
3:reporter:scr:scr:1997:3:569	ca/scc/1997canlii326
3:reporter:scr:scr:1997:3:624	ca/scc/1997canlii327
3:reporter:scr:scr:1997:3:694	ca/scc/1997canlii328
3:reporter:scr:scr:1997:3:696	ca/scc/1997canlii329
3:reporter:scr:scr:1997:3:698	ca/scc/1997canlii330
3:reporter:scr:scr:1997:3:700	ca/scc/1997canlii331
3:reporter:scr:scr:1997:3:701	ca/scc/1997canlii332
3:reporter:scr:scr:1997:3:767	ca/scc/1997canlii333
3:reporter:scr:scr:1997:3:805	ca/scc/1997canlii334
3:reporter:scr:scr:1997:3:844	ca/scc/1997canlii335
3:reporter:scr:scr:1997:3:925	ca/scc/1997canlii336
3:reporter:scr:scr:1997:3:995	ca/scc/1997canlii337
3:reporter:scr:scr:1998:1:1079	ca/scc/1998canlii780
3:reporter:scr:scr:1998:1:1118	ca/scc/1998canlii781
3:reporter:scr:scr:1998:1:1128	ca/scc/1998canlii782
3:reporter:scr:scr:1998:1:1161	ca/scc/1998canlii783
3:reporter:scr:scr:1998:1:1207	ca/scc/1998canlii784
3:reporter:scr:scr:1998:1:1218	ca/scc/1998canlii785
3:reporter:scr:scr:1998:1:1220	ca/scc/1998canlii786
3:reporter:scr:scr:1998:1:123	ca/scc/1998canlii845
3:reporter:scr:scr:1998:1:147	ca/scc/1998canlii846
3:reporter:scr:scr:1998:1:183	ca/scc/1998canlii847
3:reporter:scr:scr:1998:1:196	ca/scc/1998canlii848
3:reporter:scr:scr:1998:1:22	ca/scc/1998canlii834
3:reporter:scr:scr:1998:1:220	ca/scc/1998canlii849
3:reporter:scr:scr:1998:1:24	ca/scc/1998canlii835
3:reporter:scr:scr:1998:1:244	ca/scc/1998canlii805
3:reporter:scr:scr:1998:1:26	ca/scc/1998canlii836
3:reporter:scr:scr:1998:1:27	ca/scc/1998canlii837
3:reporter:scr:scr:1998:1:279	ca/scc/1998canlii806
3:reporter:scr:scr:1998:1:285	ca/scc/1998canlii807
3:reporter:scr:scr:1998:1:291	ca/scc/1998canlii808
3:reporter:scr:scr:1998:1:298	ca/scc/1998canlii809
3:reporter:scr:scr:1998:1:306	ca/scc/1998canlii810
3:reporter:scr:scr:1998:1:315	ca/scc/1998canlii811
3:reporter:scr:scr:1998:1:318	ca/scc/1998canlii812
3:reporter:scr:scr:1998:1:320	ca/scc/1997canlii17019
3:reporter:scr:scr:1998:1:322	ca/scc/1998canlii813
3:reporter:scr:scr:1998:1:424	ca/scc/1998canlii814
3:reporter:scr:scr:1998:1:439	ca/scc/1998canlii815
3:reporter:scr:scr:1998:1:493	ca/scc/1998canlii816
3:reporter:scr:scr:1998:1:51	ca/scc/1998canlii838
3:reporter:scr:scr:1998:1:591	ca/scc/1998canlii817
3:reporter:scr:scr:1998:1:626	ca/scc/1998canlii818
3:reporter:scr:scr:1998:1:679	ca/scc/1998canlii819
3:reporter:scr:scr:1998:1:706	ca/scc/1998canlii820
3:reporter:scr:scr:1998:1:737	ca/scc/1998canlii821
3:reporter:scr:scr:1998:1:753	ca/scc/1998canlii822
3:reporter:scr:scr:1998:1:755	ca/scc/1998canlii823
3:reporter:scr:scr:1998:1:756	ca/scc/1998canlii824
3:reporter:scr:scr:1998:1:769	ca/scc/1998canlii825
3:reporter:scr:scr:1998:1:77	ca/scc/1998canlii839
3:reporter:scr:scr:1998:1:770	ca/scc/1998canlii826
3:reporter:scr:scr:1998:1:795	ca/scc/1998canlii827
3:reporter:scr:scr:1998:1:841	ca/scc/1998canlii828
3:reporter:scr:scr:1998:1:85	ca/scc/1998canlii840
3:reporter:scr:scr:1998:1:86	ca/scc/1998canlii841
3:reporter:scr:scr:1998:1:88	ca/scc/1998canlii842
3:reporter:scr:scr:1998:1:90	ca/scc/1998canlii843
3:reporter:scr:scr:1998:1:91	ca/scc/1998canlii844
3:reporter:scr:scr:1998:1:975	ca/scc/1998canlii830
3:reporter:scr:scr:1998:1:977	ca/scc/1998canlii831
3:reporter:scr:scr:1998:1:978	ca/scc/1998canlii832
3:reporter:scr:scr:1998:1:980	ca/scc/1998canlii777
3:reporter:scr:scr:1998:2:109	ca/scc/1998canlii790
3:reporter:scr:scr:1998:2:129	ca/scc/1998canlii791
3:reporter:scr:scr:1998:2:193	ca/scc/1998canlii792
3:reporter:scr:scr:1998:2:217	ca/scc/1998canlii793
3:reporter:scr:scr:1998:2:298	ca/scc/1998canlii794
3:reporter:scr:scr:1998:2:3	ca/scc/1998canlii788
3:reporter:scr:scr:1998:2:358	ca/scc/1998canlii795
3:reporter:scr:scr:1998:2:371	ca/scc/1998canlii796
3:reporter:scr:scr:1998:2:449	ca/scc/1998canlii798
3:reporter:scr:scr:1998:2:517	ca/scc/1998canlii799
3:reporter:scr:scr:1998:2:534	ca/scc/1998canlii800
3:reporter:scr:scr:1998:2:565	ca/scc/1998canlii801
3:reporter:scr:scr:1998:2:681	ca/scc/1998canlii803
3:reporter:scr:scr:1998:2:683	ca/scc/1998canlii804
3:reporter:scr:scr:1998:3:112	ca/scc/1998canlii766
3:reporter:scr:scr:1998:3:157	ca/scc/1997canlii17020
3:reporter:scr:scr:1998:3:260	ca/scc/1998canlii767
3:reporter:scr:scr:1998:3:262	ca/scc/1998canlii768
3:reporter:scr:scr:1998:3:3	ca/scc/1998canlii762
3:reporter:scr:scr:1998:3:339	ca/scc/1998canlii769
3:reporter:scr:scr:1998:3:393	ca/scc/1998canlii770
3:reporter:scr:scr:1998:3:437	ca/scc/1998canlii771
3:reporter:scr:scr:1998:3:45	ca/scc/1998canlii763
3:reporter:scr:scr:1998:3:535	ca/scc/1998canlii774
3:reporter:scr:scr:1998:3:579	ca/scc/1998canlii775
3:reporter:scr:scr:1998:3:620	ca/scc/1998canlii776
3:reporter:scr:scr:1998:3:80	ca/scc/1998canlii764
3:reporter:scr:scr:1998:3:90	ca/scc/1998canlii765
3:reporter:scr:scr:1999:1:10	ca/scc/1999canlii704
3:reporter:scr:scr:1999:1:142	ca/scc/1999canlii705
3:reporter:scr:scr:1999:1:201	ca/scc/1999canlii706
3:reporter:scr:scr:1999:1:242	ca/scc/1999canlii707
3:reporter:scr:scr:1999:1:265	ca/scc/1999canlii708
3:reporter:scr:scr:1999:1:3	ca/scc/1999canlii701
3:reporter:scr:scr:1999:1:311	ca/scc/1999canlii709
3:reporter:scr:scr:1999:1:330	ca/scc/1999canlii711
3:reporter:scr:scr:1999:1:391	ca/scc/1999canlii713
3:reporter:scr:scr:1999:1:393	ca/scc/1999canlii673
3:reporter:scr:scr:1999:1:420	ca/scc/1999canlii715
3:reporter:scr:scr:1999:1:455	ca/scc/1999canlii674
3:reporter:scr:scr:1999:1:497	ca/scc/1999canlii675
3:reporter:scr:scr:1999:1:6	ca/scc/1999canlii702
3:reporter:scr:scr:1999:1:619	ca/scc/1999canlii677
3:reporter:scr:scr:1999:1:652	ca/scc/1999canlii678
3:reporter:scr:scr:1999:1:688	ca/scc/1999canlii679
3:reporter:scr:scr:1999:1:743	ca/scc/1999canlii680
3:reporter:scr:scr:1999:1:757	ca/scc/1999canlii681
3:reporter:scr:scr:1999:1:759	ca/scc/1999canlii682
3:reporter:scr:scr:1999:1:768	ca/scc/1999canlii684
3:reporter:scr:scr:1999:1:8	ca/scc/1999canlii703
3:reporter:scr:scr:1999:1:808	ca/scc/1999canlii685
3:reporter:scr:scr:1999:2:1083	ca/scc/1999canlii650
3:reporter:scr:scr:1999:2:1136	ca/scc/1999canlii651
3:reporter:scr:scr:1999:2:290	ca/scc/1999canlii688
3:reporter:scr:scr:1999:2:3	ca/scc/1999canlii686
3:reporter:scr:scr:1999:2:475	ca/scc/1999canlii690
3:reporter:scr:scr:1999:2:518	ca/scc/1999canlii691
3:reporter:scr:scr:1999:2:534	ca/scc/1999canlii692
3:reporter:scr:scr:1999:2:570	ca/scc/1999canlii693
3:reporter:scr:scr:1999:2:625	ca/scc/1999canlii694
3:reporter:scr:scr:1999:2:722	ca/scc/1999canlii695
3:reporter:scr:scr:1999:2:733	ca/scc/1999canlii696
3:reporter:scr:scr:1999:2:744	ca/scc/1999canlii697
3:reporter:scr:scr:1999:2:753	ca/scc/1999canlii698
3:reporter:scr:scr:1999:2:817	ca/scc/1999canlii699
3:reporter:scr:scr:1999:2:868	ca/scc/1999canlii700
3:reporter:scr:scr:1999:2:989	ca/scc/1999canlii649
3:reporter:scr:scr:1999:3:108	ca/scc/1999canlii654
3:reporter:scr:scr:1999:3:134	ca/scc/1999canlii655
3:reporter:scr:scr:1999:3:160	ca/scc/1999canlii656
3:reporter:scr:scr:1999:3:199	ca/scc/1999canlii657
3:reporter:scr:scr:1999:3:227	ca/scc/1999canlii658
3:reporter:scr:scr:1999:3:250	ca/scc/1999canlii659
3:reporter:scr:scr:1999:3:281	ca/scc/1999canlii660
3:reporter:scr:scr:1999:3:3	ca/scc/1999canlii652
3:reporter:scr:scr:1999:3:343	ca/scc/1999canlii661
3:reporter:scr:scr:1999:3:351	ca/scc/1999canlii662
3:reporter:scr:scr:1999:3:375	ca/scc/1999canlii663
3:reporter:scr:scr:1999:3:408	ca/scc/1999canlii714
3:reporter:scr:scr:1999:3:423	ca/scc/1999canlii664
3:reporter:scr:scr:1999:3:46	ca/scc/1999canlii653
3:reporter:scr:scr:1999:3:569	ca/scc/1999canlii667
3:reporter:scr:scr:1999:3:597	ca/scc/1999canlii668
3:reporter:scr:scr:1999:3:658	ca/scc/1999canlii669
3:reporter:scr:scr:1999:3:660	ca/scc/1999canlii670
3:reporter:scr:scr:1999:3:662	ca/scc/1999canlii671
3:reporter:scr:scr:1999:3:664	ca/scc/1999canlii672
3:reporter:scr:scr:1999:3:666	ca/scc/1999canlii636
3:reporter:scr:scr:1999:3:668	ca/scc/1999canlii637
3:reporter:scr:scr:1999:3:759	ca/scc/1999canlii638
3:reporter:scr:scr:1999:3:804	ca/scc/1999canlii639
3:reporter:scr:scr:1999:3:855	ca/scc/1999canlii642
3:reporter:scr:scr:1999:3:857	ca/scc/1999canlii643
3:reporter:scr:scr:1999:3:863	ca/scc/1999canlii644
3:reporter:scr:scr:1999:3:866	ca/scc/1999canlii645
3:reporter:scr:scr:1999:3:868	ca/scc/1999canlii646
3:reporter:scr:scr:62:88	ca/scc/1914canlii340
3:reporter:unknown:tatce:2008:6	ca/tatc/2008canlii93231
